id,device,timestamp,MESSAGES_address,MESSAGES_body,MESSAGES_date,MESSAGES_locked,MESSAGES_person,MESSAGES_protocol,MESSAGES_read,MESSAGES_reply_path_present,MESSAGES_service_center,MESSAGES_status,MESSAGES_subject,MESSAGES_thread_id,MESSAGES_type
a6232250-256e-4421-afcc-fe3e88af5b9e-19,6446baa6-a5a2-4382-8bd7-ae3bb8e7bbc5,1364116262,,,,,,,,,,,,,
35154781-0803-401b-883f-33d90fb7ac5f-17,6446baa6-a5a2-4382-8bd7-ae3bb8e7bbc5,1364101862,,,,,,,,,,,,,
3b67aa6f-7db6-4940-a786-c7b03413405f-19,6446baa6-a5a2-4382-8bd7-ae3bb8e7bbc5,1364119862,,,,,,,,,,,,,
37aa7a80-fb4e-469c-acdf-5a315bea0ad1-18,6446baa6-a5a2-4382-8bd7-ae3bb8e7bbc5,1364130662,,,,,,,,,,,,,
33de1a98-2922-4f96-b4f6-831a6c39b684-20,6446baa6-a5a2-4382-8bd7-ae3bb8e7bbc5,1364123462,,,,,,,,,,,,,
bbd91323-3704-42cc-81b7-5206f398f339-19,6446baa6-a5a2-4382-8bd7-ae3bb8e7bbc5,1364109062,,,,,,,,,,,,,
21755979-440a-4f6e-8948-f17d3369ff0a-18,6446baa6-a5a2-4382-8bd7-ae3bb8e7bbc5,1364141462,,,,,,,,,,,,,
5ccaea06-1790-4ff0-9963-0b820f95078c-439,6446baa6-a5a2-4382-8bd7-ae3bb8e7bbc5,1364105462,,,,,,,,,,,,,
977ad7ae-bd78-4614-a6dd-768066c63723-19,6446baa6-a5a2-4382-8bd7-ae3bb8e7bbc5,1364112662,,,,,,,,,,,,,
7b1f8d36-4ff2-4d43-98f2-4a6fd8922def-18,6446baa6-a5a2-4382-8bd7-ae3bb8e7bbc5,1364127062,,,,,,,,,,,,,
71762e5f-d2ce-452d-9af6-ea1ab884ff9d-19,6446baa6-a5a2-4382-8bd7-ae3bb8e7bbc5,1364134262,,,,,,,,,,,,,
a0edc6f4-6a32-49e3-ab5a-12dcd49ff6b9-20,6446baa6-a5a2-4382-8bd7-ae3bb8e7bbc5,1364137862,,,,,,,,,,,,,
ad6300e6-beff-47e4-968f-ea94ccbb57cf-18,6446baa6-a5a2-4382-8bd7-ae3bb8e7bbc5,1364145062,,,,,,,,,,,,,
3377fd9c-83a4-47c6-b7f1-a677825c0764-20,6446baa6-a5a2-4382-8bd7-ae3bb8e7bbc5,1364148662,,,,,,,,,,,,,
0319dd21-fb9a-440a-85d8-800dca9deeda-19,6446baa6-a5a2-4382-8bd7-ae3bb8e7bbc5,1364152262,,,,,,,,,,,,,
18c33a13-e340-439b-a39c-c5bffd70277a-32,6446baa6-a5a2-4382-8bd7-ae3bb8e7bbc5,1364155862,,,,,,,,,,,,,
a8928aeb-1dfd-4c36-830a-6c0049147cd2-27,6446baa6-a5a2-4382-8bd7-ae3bb8e7bbc5,1364159462,,,,,,,,,,,,,
7032c912-cb8c-4e0d-b230-e9521feb75eb-30,6446baa6-a5a2-4382-8bd7-ae3bb8e7bbc5,1364163062,,,,,,,,,,,,,
478b6902-4643-45ba-90ca-aca6a79cab6c-20,6446baa6-a5a2-4382-8bd7-ae3bb8e7bbc5,1364166662,,,,,,,,,,,,,
95d551f9-18c9-47b5-86ed-0d38a12f0e2a-18,6446baa6-a5a2-4382-8bd7-ae3bb8e7bbc5,1364170262,,,,,,,,,,,,,
a8ef7cd7-290f-45a5-90c2-bfe44221c146-20,6446baa6-a5a2-4382-8bd7-ae3bb8e7bbc5,1364173862,,,,,,,,,,,,,
40d5453d-51da-49df-9731-5f4f2c17b271-18,6446baa6-a5a2-4382-8bd7-ae3bb8e7bbc5,1364177462,,,,,,,,,,,,,
bc546413-c33c-444e-a159-f66ce9a94743-17,6446baa6-a5a2-4382-8bd7-ae3bb8e7bbc5,1364181062,,,,,,,,,,,,,
5353e62d-01bf-4739-8b27-71d845ea759d-19,6446baa6-a5a2-4382-8bd7-ae3bb8e7bbc5,1364184662,,,,,,,,,,,,,
e70d288b-ec39-41aa-8793-969701f354f9-18,6446baa6-a5a2-4382-8bd7-ae3bb8e7bbc5,1364188262,,,,,,,,,,,,,
d268887c-c9e5-4b2b-9f3c-62388e33845d-18,6446baa6-a5a2-4382-8bd7-ae3bb8e7bbc5,1364191862,,,,,,,,,,,,,
3cece820-c3a5-4aaa-9ac7-95515b103107-18,6446baa6-a5a2-4382-8bd7-ae3bb8e7bbc5,1364195462,,,,,,,,,,,,,
5837ccf1-2736-4458-9201-7828672e2bea-19,6446baa6-a5a2-4382-8bd7-ae3bb8e7bbc5,1364199062,,,,,,,,,,,,,
2731455d-1310-44ae-b9b4-a141718b16f0-19,6446baa6-a5a2-4382-8bd7-ae3bb8e7bbc5,1364202662,,,,,,,,,,,,,
57a66864-66cb-43df-9a26-c9c8129773b4-19,6446baa6-a5a2-4382-8bd7-ae3bb8e7bbc5,1364206262,,,,,,,,,,,,,
48de4ce6-5dd2-4aa6-8450-44203a9a134c-20,6446baa6-a5a2-4382-8bd7-ae3bb8e7bbc5,1364209862,,,,,,,,,,,,,
4f7a3f40-2d91-4948-a0fb-b7849e82a25f-19,6446baa6-a5a2-4382-8bd7-ae3bb8e7bbc5,1364213462,,,,,,,,,,,,,
e10c6cab-87dd-48c5-8dda-e7824de3b2f7-19,6446baa6-a5a2-4382-8bd7-ae3bb8e7bbc5,1364217062,,,,,,,,,,,,,
74cec05e-d5ae-460a-b218-b15e6b86a9cb-20,6446baa6-a5a2-4382-8bd7-ae3bb8e7bbc5,1364220662,,,,,,,,,,,,,
82056c1a-6b0b-4988-85ba-0a75348726ca-19,6446baa6-a5a2-4382-8bd7-ae3bb8e7bbc5,1364224262,,,,,,,,,,,,,
01f762d8-0788-4424-9f5b-63c81fcde434-19,6446baa6-a5a2-4382-8bd7-ae3bb8e7bbc5,1364227862,,,,,,,,,,,,,
794f448f-1455-4063-9258-d49882582ef6-20,6446baa6-a5a2-4382-8bd7-ae3bb8e7bbc5,1364231462,,,,,,,,,,,,,
79e15a76-0eb3-4178-aefa-5e92f63a5207-18,6446baa6-a5a2-4382-8bd7-ae3bb8e7bbc5,1364235062,,,,,,,,,,,,,
1bda4c31-3a34-4be9-aadf-11f67617048a-19,6446baa6-a5a2-4382-8bd7-ae3bb8e7bbc5,1364238662,,,,,,,,,,,,,
cb5e17f3-6673-489d-8be2-bc95b4e834ea-19,6446baa6-a5a2-4382-8bd7-ae3bb8e7bbc5,1364242262,,,,,,,,,,,,,
18444b72-bcf6-4e5f-8a3b-7713dc0d99ee-20,6446baa6-a5a2-4382-8bd7-ae3bb8e7bbc5,1364245862,,,,,,,,,,,,,
8648dca2-c84e-49af-a197-213e583ecf0a-17,6446baa6-a5a2-4382-8bd7-ae3bb8e7bbc5,1364249462,,,,,,,,,,,,,
bf981234-bc11-484b-af3d-3a54b2f78469-58,c041b75c-f53c-4c5b-ba69-77a07160d943,1364559341,,,,,,,,,,,,,
f97aff4b-daa8-4204-b3c2-7bae408a55cb-17,c041b75c-f53c-4c5b-ba69-77a07160d943,1364523341,,,,,,,,,,,,,
ebd5e4e9-0537-42c1-b744-b0677460a94d-56,c041b75c-f53c-4c5b-ba69-77a07160d943,1364555741,,,,,,,,,,,,,
ef0e1bfd-945e-4b6f-8f71-6765453eed12-17,c041b75c-f53c-4c5b-ba69-77a07160d943,1364516141,,,,,,,,,,,,,
2a2e83c5-ed41-4e0f-b33a-68e366230182-37,c041b75c-f53c-4c5b-ba69-77a07160d943,1364562941,,,,,,,,,,,,,
aec46653-512c-443e-ac31-7e9fcf4129db-19,c041b75c-f53c-4c5b-ba69-77a07160d943,1364526941,,,,,,,,,,,,,
42f55175-25cd-43c1-95af-4387bf8d64da-18,c041b75c-f53c-4c5b-ba69-77a07160d943,1364548541,,,,,,,,,,,,,
ceb3b52e-b6e4-4841-b05a-c7c650024270-237,c041b75c-f53c-4c5b-ba69-77a07160d943,1364512541,,,,,,,,,,,,,
f72b4df1-b45b-4cc5-9cf4-c2a8c8a8c4d6-107,c041b75c-f53c-4c5b-ba69-77a07160d943,1364534141,,,,,,,,,,,,,
f0c0e44d-78a7-43d5-bbcd-14ea4b71f3bb-17,c041b75c-f53c-4c5b-ba69-77a07160d943,1364501741,,,,,,,,,,,,,
fcc2bf38-7144-46c4-92cc-295dcc456790-34,c041b75c-f53c-4c5b-ba69-77a07160d943,1364544941,,,,,,,,,,,,,
ef6eb89c-cbf1-438b-93e1-a65cfe212361-259,c041b75c-f53c-4c5b-ba69-77a07160d943,1364508941,,,,,,,,,,,,,
b975a779-887a-4122-96e3-84518d85992b-78,c041b75c-f53c-4c5b-ba69-77a07160d943,1364552141,,,,,,,,,,,,,
72b4894f-ddf0-4cac-9268-0f614ca31343-88,c041b75c-f53c-4c5b-ba69-77a07160d943,1364530541,,,,,,,,,,,,,
9378fb07-9074-43ea-b3b5-98f2cf46d6f7-18,c041b75c-f53c-4c5b-ba69-77a07160d943,1364519741,,,,,,,,,,,,,
1b3c948b-e564-4634-936e-7d8c9a015099-17,c041b75c-f53c-4c5b-ba69-77a07160d943,1364537741,,,,,,,,,,,,,
581dbeaf-0a00-4c62-9b29-98ba41a2e4d1-72,c041b75c-f53c-4c5b-ba69-77a07160d943,1364541341,,,,,,,,,,,,,
e1433c3d-17c9-4210-83d3-034d95b98342-50,c041b75c-f53c-4c5b-ba69-77a07160d943,1364505341,,,,,,,,,,,,,
8a9e3829-c1de-46e2-a2ea-61165f454fdf-23,c041b75c-f53c-4c5b-ba69-77a07160d943,1364566541,,,,,,,,,,,,,
0731500e-72ad-4d1a-80a5-d7065fedfdd0-44,c041b75c-f53c-4c5b-ba69-77a07160d943,1364580941,,,,,,,,,,,,,
94ef03d3-4814-4489-9558-14044820d789-142,c041b75c-f53c-4c5b-ba69-77a07160d943,1364570141,,,,,,,,,,,,,
6a802a72-8a92-43d3-9801-f5970d430d9e-19,c041b75c-f53c-4c5b-ba69-77a07160d943,1364573741,,,,,,,,,,,,,
a8a5877e-b705-493c-a631-b23a90266c35-17,c041b75c-f53c-4c5b-ba69-77a07160d943,1364577341,,,,,,,,,,,,,
17151e21-2155-45b3-8cc3-cfd2e49cf3eb-40,c041b75c-f53c-4c5b-ba69-77a07160d943,1364584541,,,,,,,,,,,,,
077150e9-3dac-424d-bfda-df5549ec49d4-18,c041b75c-f53c-4c5b-ba69-77a07160d943,1364588141,,,,,,,,,,,,,
a2c5bc3e-849c-4adb-bd5f-c3ed50465212-54,c041b75c-f53c-4c5b-ba69-77a07160d943,1364649341,,,,,,,,,,,,,
50772a54-26a5-4a26-a33a-3ef3857158cf-61,c041b75c-f53c-4c5b-ba69-77a07160d943,1364652941,,,,,,,,,,,,,
0797c9dc-02fd-4433-833a-4e3b4c01841a-167,c041b75c-f53c-4c5b-ba69-77a07160d943,1364602541,,,,,,,,,,,,,
25545b7b-cb6b-4e32-a80e-60f9a1f372ee-57,c041b75c-f53c-4c5b-ba69-77a07160d943,1364638541,,,,,,,,,,,,,
908a28cc-3006-4f3f-a13d-ce310b06b948-57,c041b75c-f53c-4c5b-ba69-77a07160d943,1364645741,,,,,,,,,,,,,
5303ba63-3eb9-4814-ab57-b023a1663da9-404,c041b75c-f53c-4c5b-ba69-77a07160d943,1364606141,,,,,,,,,,,,,
e844492e-9495-4f3f-968c-e0234cc376a2-370,c041b75c-f53c-4c5b-ba69-77a07160d943,1364613341,,,,,,,,,,,,,
752e116b-b1e0-43a0-a714-f13ab65d2413-43,c041b75c-f53c-4c5b-ba69-77a07160d943,1364598941,,,,,,,,,,,,,
b5a62a4c-f2b3-4073-9421-b3773669fae1-62,c041b75c-f53c-4c5b-ba69-77a07160d943,1364631341,,,,,,,,,,,,,
167dd08a-c956-47b0-a5a5-0b6aeb91602b-208,c041b75c-f53c-4c5b-ba69-77a07160d943,1364595341,,,,,,,,,,,,,
456e2ae2-644e-4962-a041-30bea8f9d359-17,c041b75c-f53c-4c5b-ba69-77a07160d943,1364591741,,,,,,,,,,,,,
7324600e-29a7-4bf4-8d79-43e6d3d5ef1f-20,c041b75c-f53c-4c5b-ba69-77a07160d943,1364620541,,,,,,,,,,,,,
852b9a94-91da-470e-9ebe-dc8f35d48872-58,c041b75c-f53c-4c5b-ba69-77a07160d943,1364627741,,,,,,,,,,,,,
eeb42dad-ccb3-418c-9e6d-f2685d68a270-64,c041b75c-f53c-4c5b-ba69-77a07160d943,1364642141,,,,,,,,,,,,,
332519e8-2bd7-4ec7-8f83-562de7871acf-394,c041b75c-f53c-4c5b-ba69-77a07160d943,1364609741,,,,,,,,,,,,,
d750191a-60f6-4d27-aeb7-e5d15a702d30-395,c041b75c-f53c-4c5b-ba69-77a07160d943,1364616941,,,,,,,,,,,,,
f6d6cfdc-d02b-4576-8bab-c9569bec9696-57,c041b75c-f53c-4c5b-ba69-77a07160d943,1364634941,,,,,,,,,,,,,
58d1f690-fd32-47d5-9e58-43bebf27a03a-73,c041b75c-f53c-4c5b-ba69-77a07160d943,1364624141,,,,,,,,,,,,,
05a3997f-4546-4323-be09-f39bb665fc5b-58,c041b75c-f53c-4c5b-ba69-77a07160d943,1364656541,,,,,,,,,,,,,
df6e0b6f-32a2-40d3-9460-2947282ba766-34,c041b75c-f53c-4c5b-ba69-77a07160d943,1364660141,,,,,,,,,,,,,
e338084f-a805-472f-8d8f-b9545a0067dd-17,c041b75c-f53c-4c5b-ba69-77a07160d943,1364663741,,,,,,,,,,,,,
367d5170-639f-4074-aef2-7e14df9ff318-19,c041b75c-f53c-4c5b-ba69-77a07160d943,1364667341,,,,,,,,,,,,,
cd6a6383-519a-4d2b-aa2d-fdc7dc393058-17,c041b75c-f53c-4c5b-ba69-77a07160d943,1364685341,,,,,,,,,,,,,
e29d9f89-7c7a-4ead-9008-a6a2200bb6af-73,c041b75c-f53c-4c5b-ba69-77a07160d943,1364670941,,,,,,,,,,,,,
a48a2263-d053-4037-88f9-fb7ad62c81be-73,c041b75c-f53c-4c5b-ba69-77a07160d943,1364688941,,,,,,,,,,,,,
f44c795f-e261-488e-91fa-963fc17c618c-72,c041b75c-f53c-4c5b-ba69-77a07160d943,1364678141,,,,,,,,,,,,,
743f3046-64cb-4776-9e0f-dbe5ad72fe05-41,c041b75c-f53c-4c5b-ba69-77a07160d943,1364674541,,,,,,,,,,,,,
21c9405b-eb10-4cb1-bd75-d24dab6140b1-33,c041b75c-f53c-4c5b-ba69-77a07160d943,1364681741,,,,,,,,,,,,,
daef332b-8871-4daf-b103-143df84c5a64-35,c041b75c-f53c-4c5b-ba69-77a07160d943,1364692541,,,,,,,,,,,,,
66407489-ab9b-4bab-866a-2c488bededc9-17,c041b75c-f53c-4c5b-ba69-77a07160d943,1364696141,,,,,,,,,,,,,
204a19c3-f616-4817-a3d5-60bab97662e8-72,c041b75c-f53c-4c5b-ba69-77a07160d943,1364699741,,,,,,,,,,,,,
ca86793b-1f67-420c-9c08-c75b5996e813-56,c041b75c-f53c-4c5b-ba69-77a07160d943,1364703341,,,,,,,,,,,,,
5823e6a9-f78d-4dca-b83f-1dcd998a5e1c-67,c041b75c-f53c-4c5b-ba69-77a07160d943,1364706941,,,,,,,,,,,,,
0708cc6a-9b09-46f4-92fe-35529857f6d4-57,c041b75c-f53c-4c5b-ba69-77a07160d943,1364710541,,,,,,,,,,,,,
91480e61-1284-4501-8d2d-33562c9ca56c-56,c041b75c-f53c-4c5b-ba69-77a07160d943,1364714141,,,,,,,,,,,,,
4ec47090-d399-44f8-880e-bed5cd5ffa59-64,c041b75c-f53c-4c5b-ba69-77a07160d943,1364717741,,,,,,,,,,,,,
25daf48b-d060-4f7c-9aa1-0150a949d876-56,c041b75c-f53c-4c5b-ba69-77a07160d943,1364721341,,,,,,,,,,,,,
e10a630d-8db9-416e-90b4-dcf861300312-58,c041b75c-f53c-4c5b-ba69-77a07160d943,1364724941,,,,,,,,,,,,,
63eead4b-5168-40b1-b716-724edfb6eda1-66,c041b75c-f53c-4c5b-ba69-77a07160d943,1364728541,,,,,,,,,,,,,
c607f7ac-9fa9-42c5-a148-7fdcee2ce318-62,c041b75c-f53c-4c5b-ba69-77a07160d943,1364732141,,,,,,,,,,,,,
b555d08f-c0d7-4c37-9ac2-e6f568a93245-56,c041b75c-f53c-4c5b-ba69-77a07160d943,1364735741,,,,,,,,,,,,,
bd337742-c79a-4842-a835-59761b85a884-56,c041b75c-f53c-4c5b-ba69-77a07160d943,1364739341,,,,,,,,,,,,,
b78fa293-764e-4cdc-b522-48aad54c9bc8-60,c041b75c-f53c-4c5b-ba69-77a07160d943,1364742941,,,,,,,,,,,,,
9d1aeed6-aa5b-4f1b-92e0-a385003ca06f-59,c041b75c-f53c-4c5b-ba69-77a07160d943,1364746541,,,,,,,,,,,,,
1ad0e2f2-8c08-4258-a3e0-65f4c928d689-58,c041b75c-f53c-4c5b-ba69-77a07160d943,1364750141,,,,,,,,,,,,,
0372fe31-0aff-400c-9580-dc44c6514063-62,c041b75c-f53c-4c5b-ba69-77a07160d943,1364753741,,,,,,,,,,,,,
c04ca959-67b4-4033-8916-bf495dbcff7e-30,c041b75c-f53c-4c5b-ba69-77a07160d943,1364782541,,,,,,,,,,,,,
b0d21e4e-94b3-413c-a193-4c4b439e416a-52,c041b75c-f53c-4c5b-ba69-77a07160d943,1364818541,,,,,,,,,,,,,
6d9cfbf8-0504-48a1-a834-d64f3dbf2770-80,c041b75c-f53c-4c5b-ba69-77a07160d943,1364760941,,,,,,,,,,,,,
3ff21401-5d59-4c96-9c69-9a8efe69442f-73,c041b75c-f53c-4c5b-ba69-77a07160d943,1364814941,,,,,,,,,,,,,
75cca967-9b52-47fe-944b-8f2ea7c1228d-54,c041b75c-f53c-4c5b-ba69-77a07160d943,1364796941,,,,,,,,,,,,,
b41eb6a3-fa8d-40b3-bf37-af8c37d7d5ef-30,c041b75c-f53c-4c5b-ba69-77a07160d943,1364775341,,,,,,,,,,,,,
c1b830ed-c71b-409e-abe6-51f83f534387-19,c041b75c-f53c-4c5b-ba69-77a07160d943,1364822141,,,,,,,,,,,,,
8bbb70a3-c531-47b3-8233-7e5411c49c31-210,c041b75c-f53c-4c5b-ba69-77a07160d943,1364786141,,,,,,,,,,,,,
3f39134d-aafe-4d8e-9737-9fdf7da91f2b-113,c041b75c-f53c-4c5b-ba69-77a07160d943,1364789741,,,,,,,,,,,,,
14705dde-c909-450f-be6d-3eb0e7862233-35,c041b75c-f53c-4c5b-ba69-77a07160d943,1364757341,,,,,,,,,,,,,
ed34154a-92be-428d-85e9-d768a9795ea3-54,c041b75c-f53c-4c5b-ba69-77a07160d943,1364793341,,,,,,,,,,,,,
593857e9-0510-4559-b193-89334b5277a7-25,c041b75c-f53c-4c5b-ba69-77a07160d943,1364771741,,,,,,,,,,,,,
d00ed334-3044-4f73-affe-e809270e18eb-57,c041b75c-f53c-4c5b-ba69-77a07160d943,1364807741,,,,,,,,,,,,,
7b0cfc6f-32b8-47b6-a88e-8fc275f97fa6-55,c041b75c-f53c-4c5b-ba69-77a07160d943,1364804141,,,,,,,,,,,,,
08045d2b-ba8a-4b77-98f0-2b1dec008883-29,c041b75c-f53c-4c5b-ba69-77a07160d943,1364778941,,,,,,,,,,,,,
9bc09954-7257-45ce-ad3c-44e793db163d-232,c041b75c-f53c-4c5b-ba69-77a07160d943,1364764541,,,,,,,,,,,,,
7459abc7-3b8e-42b3-a3ca-982110a2630c-35,c041b75c-f53c-4c5b-ba69-77a07160d943,1364811341,,,,,,,,,,,,,
77f46160-ebc4-4edb-8cbc-1769dc7c510f-1068,c041b75c-f53c-4c5b-ba69-77a07160d943,1364768141,,,,,,,,,,,,,
dcb6f1df-8802-4136-9e58-34ff73fce4f9-56,c041b75c-f53c-4c5b-ba69-77a07160d943,1364800541,,,,,,,,,,,,,
1f1e0c3e-d8cc-4a85-895c-d46939770cd7-40,c041b75c-f53c-4c5b-ba69-77a07160d943,1364825741,,,,,,,,,,,,,
d04df296-8712-405d-a141-00677539cfc2-19,c041b75c-f53c-4c5b-ba69-77a07160d943,1364897741,,,,,,,,,,,,,
0f005a13-30c2-4ac0-8199-349357223e98-19,c041b75c-f53c-4c5b-ba69-77a07160d943,1364890541,,,,,,,,,,,,,
31771bf2-394c-4fe7-bc44-4ba8433288a5-18,c041b75c-f53c-4c5b-ba69-77a07160d943,1364840141,,,,,,,,,,,,,
d10662b2-adef-40d4-8d1a-7e4290fab80c-17,c041b75c-f53c-4c5b-ba69-77a07160d943,1364879741,,,,,,,,,,,,,
0c454447-91f0-4b4e-a0ed-90905ac877c2-28,c041b75c-f53c-4c5b-ba69-77a07160d943,1364854541,,,,,,,,,,,,,
5a5d6974-8cdc-418d-9b8c-d9937124ee66-19,c041b75c-f53c-4c5b-ba69-77a07160d943,1364865341,,,,,,,,,,,,,
95070a70-1fde-471a-a2d0-88856684d867-18,c041b75c-f53c-4c5b-ba69-77a07160d943,1364836541,,,,,,,,,,,,,
43c8bf3b-58a9-4533-b3f4-d0c5a3db4c86-18,c041b75c-f53c-4c5b-ba69-77a07160d943,1364901341,,,,,,,,,,,,,
e8c377d6-fe6b-4979-9107-2b474455799e-18,c041b75c-f53c-4c5b-ba69-77a07160d943,1364876141,,,,,,,,,,,,,
0b80b0f3-aba7-4387-9534-aaa396368692-17,c041b75c-f53c-4c5b-ba69-77a07160d943,1364858141,,,,,,,,,,,,,
4dca555b-80e1-4b86-a8d8-cebb7ea8fc82-17,c041b75c-f53c-4c5b-ba69-77a07160d943,1364872541,,,,,,,,,,,,,
26ec5800-9b92-4900-ae6d-094d653e99e8-24,c041b75c-f53c-4c5b-ba69-77a07160d943,1364861741,,,,,,,,,,,,,
31af4cd3-7955-4fcc-86a0-81c38857033c-17,c041b75c-f53c-4c5b-ba69-77a07160d943,1364843741,,,,,,,,,,,,,
a82777b4-930a-4da3-aebc-3c0616f2b062-19,c041b75c-f53c-4c5b-ba69-77a07160d943,1364868941,,,,,,,,,,,,,
b28e75fa-5cbb-4704-b876-0e5ed44f322b-18,c041b75c-f53c-4c5b-ba69-77a07160d943,1364847341,,,,,,,,,,,,,
92b1868c-796d-4f0c-9810-dde57d71e394-19,c041b75c-f53c-4c5b-ba69-77a07160d943,1364883341,,,,,,,,,,,,,
6fcc2dd3-c9af-433a-8300-ef16e052cb1e-46,c041b75c-f53c-4c5b-ba69-77a07160d943,1364829341,,,,,,,,,,,,,
ecf4b407-211d-4a42-b3c8-8ee8d01a2359-17,c041b75c-f53c-4c5b-ba69-77a07160d943,1364904941,,,,,,,,,,,,,
065eecfd-72c6-4c54-861d-6afef197969b-17,c041b75c-f53c-4c5b-ba69-77a07160d943,1364894141,,,,,,,,,,,,,
38be480b-49af-459d-b41f-bb53db51d153-18,c041b75c-f53c-4c5b-ba69-77a07160d943,1364832941,,,,,,,,,,,,,
727808be-5f08-4c88-b57d-15b8ca706a5b-17,c041b75c-f53c-4c5b-ba69-77a07160d943,1364850941,,,,,,,,,,,,,
19efcc50-dcf3-41de-bfc0-8f9162cc9c45-19,c041b75c-f53c-4c5b-ba69-77a07160d943,1364886941,,,,,,,,,,,,,
5436b63f-2715-4fcf-9f39-e8da29492427-19,c041b75c-f53c-4c5b-ba69-77a07160d943,1364908541,,,,,,,,,,,,,
62bc41bd-b089-45ad-b79f-701b4729e02e-21,c041b75c-f53c-4c5b-ba69-77a07160d943,1364912141,,,,,,,,,,,,,
62bc41bd-b089-45ad-b79f-701b4729e02e-44,c041b75c-f53c-4c5b-ba69-77a07160d943,1365021494,,,,,,,,,,,,,
8e52582f-a748-4bd6-9445-4ce2e70515b6-18,c041b75c-f53c-4c5b-ba69-77a07160d943,1365025094,,,,,,,,,,,,,
612710e4-8738-4777-9b4e-130ea1c16fd0-23,c041b75c-f53c-4c5b-ba69-77a07160d943,1365032294,,,,,,,,,,,,,
7725166f-b20d-4a81-8f53-e595e40cf44c-18,c041b75c-f53c-4c5b-ba69-77a07160d943,1365028694,,,,,,,,,,,,,
59cf71f6-c9eb-4e40-a2e0-dac90a6fbb64-95,c041b75c-f53c-4c5b-ba69-77a07160d943,1365035894,,,,,,,,,,,,,
ddf6b317-e294-4e92-91e4-519ab1febb4e-72,c041b75c-f53c-4c5b-ba69-77a07160d943,1365039494,,,,,,,,,,,,,
f2eabf97-b85a-4bf5-bf57-12df5f56c81b-35,c041b75c-f53c-4c5b-ba69-77a07160d943,1365043094,,,,,,,,,,,,,
02644757-55f6-43f7-9f4f-fe5a29b0198e-73,c041b75c-f53c-4c5b-ba69-77a07160d943,1365046694,,,,,,,,,,,,,
94091f12-e5e7-4350-928f-350d643b26a0-35,c041b75c-f53c-4c5b-ba69-77a07160d943,1365064694,,,,,,,,,,,,,
bc9f2cd7-d3e3-433f-aa1c-548d8ec0ca7a-19,c041b75c-f53c-4c5b-ba69-77a07160d943,1365107894,,,,,,,,,,,,,
33975d5c-a41b-4fde-9327-b82903c73f42-24,c041b75c-f53c-4c5b-ba69-77a07160d943,1365115094,,,,,,,,,,,,,
f022fb95-24ed-4249-9d5f-747a54075a7d-17,c041b75c-f53c-4c5b-ba69-77a07160d943,1365100694,,,,,,,,,,,,,
8da00e0c-f2a0-4b51-81fe-b1a1c5116741-66,c041b75c-f53c-4c5b-ba69-77a07160d943,1365075494,,,,,,,,,,,,,
61ac1894-4d27-4f8d-9828-093ba987f9c1-75,c041b75c-f53c-4c5b-ba69-77a07160d943,1365053894,,,,,,,,,,,,,
15bd03ae-73dd-4b95-b305-0e73a714c48f-23,c041b75c-f53c-4c5b-ba69-77a07160d943,1365111494,,,,,,,,,,,,,
c4a139cf-e6e6-42d1-bd14-357632f8fab2-26,c041b75c-f53c-4c5b-ba69-77a07160d943,1365118694,,,,,,,,,,,,,
4ead384f-ab7a-4580-a70b-9c5ef20e1e27-134,c041b75c-f53c-4c5b-ba69-77a07160d943,1365086294,,,,,,,,,,,,,
0c1c7c0b-c825-408a-bc93-a92b73212214-74,c041b75c-f53c-4c5b-ba69-77a07160d943,1365068294,,,,,,,,,,,,,
51a8c5d5-0fdf-4c0d-bd42-a0830d5617f8-19,c041b75c-f53c-4c5b-ba69-77a07160d943,1365104294,,,,,,,,,,,,,
209d9bb3-7311-4a29-a067-280b78d39a28-28,c041b75c-f53c-4c5b-ba69-77a07160d943,1365093494,,,,,,,,,,,,,
726542bc-8bd7-448d-903c-dd33a0b89891-17,c041b75c-f53c-4c5b-ba69-77a07160d943,1365097094,,,,,,,,,,,,,
7c33550c-0a58-4889-b4e3-c98cd07f0de9-19,c041b75c-f53c-4c5b-ba69-77a07160d943,1365079094,,,,,,,,,,,,,
7c5814b1-2b24-4ca3-8af9-e5eb49e92561-35,c041b75c-f53c-4c5b-ba69-77a07160d943,1365071894,,,,,,,,,,,,,
60e01c59-80fa-4762-872a-660890e14708-18,c041b75c-f53c-4c5b-ba69-77a07160d943,1365089894,,,,,,,,,,,,,
cf25387c-ed74-4593-a803-a9b027b4ad47-19,c041b75c-f53c-4c5b-ba69-77a07160d943,1365082694,,,,,,,,,,,,,
07029f5c-592d-49cf-b951-207d6f5afded-33,c041b75c-f53c-4c5b-ba69-77a07160d943,1365057494,,,,,,,,,,,,,
7816a53b-6cb4-408f-8963-3a599f1bf83f-34,c041b75c-f53c-4c5b-ba69-77a07160d943,1365050294,,,,,,,,,,,,,
bb4d3b45-959c-4a77-9740-36525b86d3be-71,c041b75c-f53c-4c5b-ba69-77a07160d943,1365061094,,,,,,,,,,,,,
151a3203-38ab-46f9-83ae-1b62a0706a23-23,c041b75c-f53c-4c5b-ba69-77a07160d943,1365122294,,,,,,,,,,,,,
789d9c30-a615-4323-be9b-b94e9f5439b5-22,c041b75c-f53c-4c5b-ba69-77a07160d943,1365125894,,,,,,,,,,,,,
f0385104-48e8-48bd-83cc-0b2f3ac70cf5-18,c041b75c-f53c-4c5b-ba69-77a07160d943,1365165494,,,,,,,,,,,,,
36d9cfd5-1108-4c21-afa6-43a76129c0ad-34,c041b75c-f53c-4c5b-ba69-77a07160d943,1365158294,,,,,,,,,,,,,
6e8b7fd0-eb51-4256-b40b-e492ecedea94-56,c041b75c-f53c-4c5b-ba69-77a07160d943,1365140294,,,,,,,,,,,,,
635df217-0dc3-4f35-9d36-532491b64219-42,c041b75c-f53c-4c5b-ba69-77a07160d943,1365176294,,,,,,,,,,,,,
8a287d8e-2267-41f8-b380-960fc82d097c-33,c041b75c-f53c-4c5b-ba69-77a07160d943,1365143894,,,,,,,,,,,,,
d8cbe843-ea9a-4f0e-8b31-1bd9817279af-19,c041b75c-f53c-4c5b-ba69-77a07160d943,1365190694,,,,,,,,,,,,,
6a8efb18-1e29-4bf1-9be1-263f04482cdc-19,c041b75c-f53c-4c5b-ba69-77a07160d943,1365172694,,,,,,,,,,,,,
8b75f188-0316-4602-8944-9250c706db5d-84,c041b75c-f53c-4c5b-ba69-77a07160d943,1365183494,,,,,,,,,,,,,
8f512115-fe3b-430e-becb-7719e6af548b-72,c041b75c-f53c-4c5b-ba69-77a07160d943,1365147494,,,,,,,,,,,,,
71c76fa1-9b09-4082-803c-b5489e3692d3-72,c041b75c-f53c-4c5b-ba69-77a07160d943,1365154694,,,,,,,,,,,,,
da9a965b-c6d9-4e68-a9e8-c3a83bf0745d-17,c041b75c-f53c-4c5b-ba69-77a07160d943,1365194294,,,,,,,,,,,,,
95e3f27e-dafa-4bbe-9874-61fcff0d4f88-159,c041b75c-f53c-4c5b-ba69-77a07160d943,1365161894,,,,,,,,,,,,,
ba18f120-91cf-4c11-9cfc-6430bff12ab6-36,c041b75c-f53c-4c5b-ba69-77a07160d943,1365151094,,,,,,,,,,,,,
d76d80fd-268c-4c07-abee-b7a470498813-77,c041b75c-f53c-4c5b-ba69-77a07160d943,1365136694,,,,,,,,,,,,,
7b1248e6-2c0a-4deb-8998-99bb7c023e57-17,c041b75c-f53c-4c5b-ba69-77a07160d943,1365129494,,,,,,,,,,,,,
17bede91-1969-47bc-9fbb-78fbcd982544-29,c041b75c-f53c-4c5b-ba69-77a07160d943,1365169094,,,,,,,,,,,,,
36eadf0e-3bab-4ba4-affd-2c55be727a90-17,c041b75c-f53c-4c5b-ba69-77a07160d943,1365179894,,,,,,,,,,,,,
7dc8e439-67c3-4726-9b28-72ddcf54f39a-17,c041b75c-f53c-4c5b-ba69-77a07160d943,1365133094,,,,,,,,,,,,,
b9e49e76-e5e6-44a9-912b-3f7b0f49a1e2-17,c041b75c-f53c-4c5b-ba69-77a07160d943,1365197894,,,,,,,,,,,,,
dc82777e-b8b7-4ffd-a6cd-ea5731cc476a-19,c041b75c-f53c-4c5b-ba69-77a07160d943,1365201494,,,,,,,,,,,,,
20fcb4b1-dc56-407d-b08b-6560868a9fdc-18,c041b75c-f53c-4c5b-ba69-77a07160d943,1365187094,,,,,,,,,,,,,
a4f273c3-968f-4f1a-8959-17c9976c29bb-23,c041b75c-f53c-4c5b-ba69-77a07160d943,1365205094,,,,,,,,,,,,,
a4f273c3-968f-4f1a-8959-17c9976c29bb-99,c041b75c-f53c-4c5b-ba69-77a07160d943,1365453715,,,,,,,,,,,,,
fe564f6e-e64c-4c79-a7d1-b18b88675ab9-18,c041b75c-f53c-4c5b-ba69-77a07160d943,1365460915,,,,,,,,,,,,,
e2aa8b99-ac32-4931-8199-04b8825b8acc-189,c041b75c-f53c-4c5b-ba69-77a07160d943,1365457315,,,,,,,,,,,,,
07156280-ea4a-4078-a217-38aa4ba78225-52,c041b75c-f53c-4c5b-ba69-77a07160d943,1365642600,,,,,,,,,,,,,
16713746-b193-4abf-b922-c75673870939-18,c041b75c-f53c-4c5b-ba69-77a07160d943,1365646200,,,,,,,,,,,,,
c0073762-56ff-46df-b2e3-0399a6fedc6e-76,c041b75c-f53c-4c5b-ba69-77a07160d943,1365649800,,,,,,,,,,,,,
5b7512a0-4fe2-4d25-a392-8df6266b66ce-17,c041b75c-f53c-4c5b-ba69-77a07160d943,1365703800,,,,,,,,,,,,,
58ebdb04-730c-4f69-abb3-e5909e40c3e9-19,c041b75c-f53c-4c5b-ba69-77a07160d943,1365685800,,,,,,,,,,,,,
406b93e3-3b3b-4b52-9d08-24f7fe45f965-33,c041b75c-f53c-4c5b-ba69-77a07160d943,1365667800,,,,,,,,,,,,,
637240a5-06ec-4b4a-9230-9043710b6fe7-17,c041b75c-f53c-4c5b-ba69-77a07160d943,1365714600,,,,,,,,,,,,,
d71f8c92-fdb0-401e-91d0-2522d68dc41d-35,c041b75c-f53c-4c5b-ba69-77a07160d943,1365700200,,,,,,,,,,,,,
a4ed7d4a-0351-4461-b478-4c28c31f7cf6-71,c041b75c-f53c-4c5b-ba69-77a07160d943,1365678600,,,,,,,,,,,,,
010c0085-fa1d-4486-b693-bd0be2f7c4fb-71,c041b75c-f53c-4c5b-ba69-77a07160d943,1365657000,,,,,,,,,,,,,
c80eb77f-fcec-427a-888b-39abfb7b3588-107,c041b75c-f53c-4c5b-ba69-77a07160d943,1365682200,,,,,,,,,,,,,
2ce9891f-4c31-4cbc-92da-d0a74d28e31d-35,c041b75c-f53c-4c5b-ba69-77a07160d943,1365675000,,,,,,,,,,,,,
5ebfacac-1317-455e-9ce5-1b618c9c2631-19,c041b75c-f53c-4c5b-ba69-77a07160d943,1365689400,,,,,,,,,,,,,
54a627d1-3111-44eb-81e5-03d751c2bc89-243,c041b75c-f53c-4c5b-ba69-77a07160d943,1365721800,,,,,,,,,,,,,
bd885c81-cdb1-49be-a7d2-03ef2b0006a1-17,c041b75c-f53c-4c5b-ba69-77a07160d943,1365707400,,,,,,,,,,,,,
2fdd731c-369e-4caa-b73b-f7362ce11c05-18,c041b75c-f53c-4c5b-ba69-77a07160d943,1365696600,,,,,,,,,,,,,
a4efda73-4067-4516-933f-b4d6b3e1a50d-33,c041b75c-f53c-4c5b-ba69-77a07160d943,1365653400,,,,,,,,,,,,,
d6f5abba-6e3a-472d-88b8-a2cf767317e0-74,c041b75c-f53c-4c5b-ba69-77a07160d943,1365664200,,,,,,,,,,,,,
4c8a5a35-2b9a-45d4-ad40-d22c45c14802-74,c041b75c-f53c-4c5b-ba69-77a07160d943,1365671400,,,,,,,,,,,,,
a47623b2-2721-4c37-ad1d-00455892fd36-35,c041b75c-f53c-4c5b-ba69-77a07160d943,1365660600,,,,,,,,,,,,,
8f435f10-9433-405f-8c7c-322334194822-19,c041b75c-f53c-4c5b-ba69-77a07160d943,1365693000,,,,,,,,,,,,,
5468d362-9f70-46b6-a25e-aefc8dc8b92b-175,c041b75c-f53c-4c5b-ba69-77a07160d943,1365718200,,,,,,,,,,,,,
0d65340b-6952-4511-be7b-fd3f6b799d2c-17,c041b75c-f53c-4c5b-ba69-77a07160d943,1365711000,,,,,,,,,,,,,
ac73aaff-2c45-47ed-8411-1eb0a1fb79cb-59,c041b75c-f53c-4c5b-ba69-77a07160d943,1365725400,,,,,,,,,,,,,
ff2df13d-3392-4596-8b34-ae6e5c759eff-57,c041b75c-f53c-4c5b-ba69-77a07160d943,1365729000,,,,,,,,,,,,,
dbcd96cc-5844-48df-a13f-aa353c8d1c84-35,c041b75c-f53c-4c5b-ba69-77a07160d943,1365732600,,,,,,,,,,,,,
0912689a-1eea-41f2-a7e0-459e2efbf6d3-73,c041b75c-f53c-4c5b-ba69-77a07160d943,1365736200,,,,,,,,,,,,,
4ed35f02-a927-404e-89e2-c207f857e816-57,c041b75c-f53c-4c5b-ba69-77a07160d943,1365761400,,,,,,,,,,,,,
7625726a-cf69-4c77-948d-a38544feb828-229,c041b75c-f53c-4c5b-ba69-77a07160d943,1365790200,,,,,,,,,,,,,
6a025997-4222-47ef-8f1e-19f783b85f6c-54,c041b75c-f53c-4c5b-ba69-77a07160d943,1365739800,,,,,,,,,,,,,
470f89c0-eee0-4999-9c00-1a2a484e17fb-19,c041b75c-f53c-4c5b-ba69-77a07160d943,1365783000,,,,,,,,,,,,,
ea0878af-8caf-4cd3-815f-e792a6c0a7e4-33,c041b75c-f53c-4c5b-ba69-77a07160d943,1365775800,,,,,,,,,,,,,
4cea4dd5-0eff-4ac0-a31b-606e7b1f9c30-72,c041b75c-f53c-4c5b-ba69-77a07160d943,1365768600,,,,,,,,,,,,,
f84cdcbf-4aea-4080-90ae-6ca61f678172-33,c041b75c-f53c-4c5b-ba69-77a07160d943,1365754200,,,,,,,,,,,,,
16ea7ff4-2a74-43f9-aa94-21d76e41dddc-136,c041b75c-f53c-4c5b-ba69-77a07160d943,1365793800,,,,,,,,,,,,,
ca2e4a43-4160-4d9a-84cc-61e91727e643-55,c041b75c-f53c-4c5b-ba69-77a07160d943,1365750600,,,,,,,,,,,,,
d9bdd55b-c82b-4d6c-ac57-96970e922f2b-125,c041b75c-f53c-4c5b-ba69-77a07160d943,1365779400,,,,,,,,,,,,,
18e2cff1-160a-4096-b50f-9f0f679ad7e6-73,c041b75c-f53c-4c5b-ba69-77a07160d943,1365747000,,,,,,,,,,,,,
20e12c68-1686-4f42-8060-1c00b011f91f-19,c041b75c-f53c-4c5b-ba69-77a07160d943,1365786600,,,,,,,,,,,,,
d7f86883-3de2-4f86-8b9b-edbc80d81726-72,c041b75c-f53c-4c5b-ba69-77a07160d943,1365757800,,,,,,,,,,,,,
82015f29-9ed1-4550-8f1a-c690b1f92ea0-33,c041b75c-f53c-4c5b-ba69-77a07160d943,1365765000,,,,,,,,,,,,,
3c0a5788-afef-455f-9723-d55d53bf8cbb-64,c041b75c-f53c-4c5b-ba69-77a07160d943,1365772200,,,,,,,,,,,,,
c65306cf-fb6b-4e9b-95f7-442589936194-35,c041b75c-f53c-4c5b-ba69-77a07160d943,1365743400,,,,,,,,,,,,,
95982b25-aaaa-4f7d-ab51-029028880f32-59,c041b75c-f53c-4c5b-ba69-77a07160d943,1365797400,,,,,,,,,,,,,
250500de-cf88-4128-8b65-160257311963-64,c041b75c-f53c-4c5b-ba69-77a07160d943,1365801000,,,,,,,,,,,,,
f144635c-a05e-43b6-882d-f0c868878639-20,c041b75c-f53c-4c5b-ba69-77a07160d943,1365815400,,,,,,,,,,,,,
ce6ba0b9-2eb1-41fb-8af9-8957b7a25fc5-116,c041b75c-f53c-4c5b-ba69-77a07160d943,1365808200,,,,,,,,,,,,,
4a5f085f-4662-4679-b401-2ee5b2de71c0-945,c041b75c-f53c-4c5b-ba69-77a07160d943,1365804600,,,,,,,,,,,,,
e56bcb5f-88ea-45e3-8d67-5d8c054e4ba5-34,c041b75c-f53c-4c5b-ba69-77a07160d943,1365811800,,,,,,,,,,,,,
e76d6ae5-8dea-4f7d-86c6-6f5b100e55a4-57,c041b75c-f53c-4c5b-ba69-77a07160d943,1365819000,,,,,,,,,,,,,
b759c7e6-00c5-485b-bdf6-492b809a10df-72,c041b75c-f53c-4c5b-ba69-77a07160d943,1365822600,,,,,,,,,,,,,
a5410067-c1ea-4241-909c-4de34fa6d3c3-57,c041b75c-f53c-4c5b-ba69-77a07160d943,1365826200,,,,,,,,,,,,,
44eb44ad-b55a-4592-8ea8-9f89f790fd38-35,c041b75c-f53c-4c5b-ba69-77a07160d943,1365829800,,,,,,,,,,,,,
9ff9ec40-a992-4709-aedd-4b3a89657923-73,c041b75c-f53c-4c5b-ba69-77a07160d943,1365833400,,,,,,,,,,,,,
9baa2a05-0df3-4174-819b-18253c8a7608-58,c041b75c-f53c-4c5b-ba69-77a07160d943,1365837000,,,,,,,,,,,,,
d51df408-521f-494a-892d-18f6817bf414-35,c041b75c-f53c-4c5b-ba69-77a07160d943,1365840600,,,,,,,,,,,,,
d19a540e-2eef-421d-a447-727a02ec92dc-21,c041b75c-f53c-4c5b-ba69-77a07160d943,1365847800,,,,,,,,,,,,,
cea5278e-0468-4750-af91-66de8e614b63-17,c041b75c-f53c-4c5b-ba69-77a07160d943,1365869400,,,,,,,,,,,,,
1bcb85f9-8b2b-4651-a96a-9a8c9f92823a-17,c041b75c-f53c-4c5b-ba69-77a07160d943,1365844200,,,,,,,,,,,,,
31ab6ca9-7f87-404e-b4a6-f3e119a3eaa0-19,c041b75c-f53c-4c5b-ba69-77a07160d943,1365855000,,,,,,,,,,,,,
61a3c374-1457-4519-9441-a9def863cce9-19,c041b75c-f53c-4c5b-ba69-77a07160d943,1365851400,,,,,,,,,,,,,
6ac03185-36fb-412d-8694-71992de31cf5-19,c041b75c-f53c-4c5b-ba69-77a07160d943,1365862200,,,,,,,,,,,,,
119cac7d-b625-4ff6-a1e6-321c5e17d367-21,c041b75c-f53c-4c5b-ba69-77a07160d943,1365865800,,,,,,,,,,,,,
cee95b87-afda-46db-b0c5-4f5b1f9118e0-17,c041b75c-f53c-4c5b-ba69-77a07160d943,1365858600,,,,,,,,,,,,,
be554fda-cce0-41fb-8274-3ec4fb7d933b-17,c041b75c-f53c-4c5b-ba69-77a07160d943,1365873000,,,,,,,,,,,,,
893ce98e-e4a5-4ea6-a5a4-e322daebc90e-17,c041b75c-f53c-4c5b-ba69-77a07160d943,1365876600,,,,,,,,,,,,,
f5d25c47-f77a-49ef-94de-68e1eddf947c-19,c041b75c-f53c-4c5b-ba69-77a07160d943,1365880200,,,,,,,,,,,,,
47e5a0b0-311e-4bf1-8b05-0fd01725cb82-20,c041b75c-f53c-4c5b-ba69-77a07160d943,1365883800,,,,,,,,,,,,,
e7668686-e4c4-4c32-bf0c-9edd50023f91-18,c041b75c-f53c-4c5b-ba69-77a07160d943,1365887400,,,,,,,,,,,,,
f4b3cd74-a1bb-4c20-9d86-a44a002222df-20,c041b75c-f53c-4c5b-ba69-77a07160d943,1365891000,,,,,,,,,,,,,
85cbfede-5c93-4689-8ac9-d620caf64a32-19,c041b75c-f53c-4c5b-ba69-77a07160d943,1365894600,,,,,,,,,,,,,
c64c94f7-23e3-4f73-acb7-e65e0343ddab-17,c041b75c-f53c-4c5b-ba69-77a07160d943,1365898200,,,,,,,,,,,,,
e64311bf-3c9e-4b23-a660-d9a8c053ab5d-17,c041b75c-f53c-4c5b-ba69-77a07160d943,1365901800,,,,,,,,,,,,,
b5a661c1-0359-4bb0-821a-b08e15c5c2c8-19,c041b75c-f53c-4c5b-ba69-77a07160d943,1365905400,,,,,,,,,,,,,
1e821b15-69be-4966-ab46-e1f13f802f63-72,c041b75c-f53c-4c5b-ba69-77a07160d943,1365909000,,,,,,,,,,,,,
7f386d36-7336-4328-a4fb-253a2ef65620-61,c041b75c-f53c-4c5b-ba69-77a07160d943,1365912600,,,,,,,,,,,,,
91e93dc9-55e7-4a58-8b59-fd1231834495-65,c041b75c-f53c-4c5b-ba69-77a07160d943,1365916200,,,,,,,,,,,,,
1dd8ab0c-08ec-442b-bab0-16252b863365-71,c041b75c-f53c-4c5b-ba69-77a07160d943,1365919800,,,,,,,,,,,,,
bf24601c-7166-4b95-acdb-87e7b1c0aa3f-64,c041b75c-f53c-4c5b-ba69-77a07160d943,1365923400,,,,,,,,,,,,,
18310a06-5cc3-4288-90d8-64e2634cdc71-59,c041b75c-f53c-4c5b-ba69-77a07160d943,1365927000,,,,,,,,,,,,,
40d8ef9d-4222-464e-9811-1b012f44c718-17,c041b75c-f53c-4c5b-ba69-77a07160d943,1365945000,,,,,,,,,,,,,
aefe8499-8e49-4ed4-95d2-d89c8da10368-17,c041b75c-f53c-4c5b-ba69-77a07160d943,1365955800,,,,,,,,,,,,,
a45edebc-1eed-4095-9927-d886fea77bfc-18,c041b75c-f53c-4c5b-ba69-77a07160d943,1365952200,,,,,,,,,,,,,
94e8659d-bb30-4a80-b5ec-da67bfbcfc18-19,c041b75c-f53c-4c5b-ba69-77a07160d943,1365948600,,,,,,,,,,,,,
679109ae-a597-452e-9fe3-ad5a58d50ff0-17,c041b75c-f53c-4c5b-ba69-77a07160d943,1365934200,,,,,,,,,,,,,
9691a0a0-fca9-457c-890b-70ba2498d650-17,c041b75c-f53c-4c5b-ba69-77a07160d943,1365937800,,,,,,,,,,,,,
fbc49904-832f-4e44-9505-6788a7d35f6b-37,c041b75c-f53c-4c5b-ba69-77a07160d943,1365930600,,,,,,,,,,,,,
b8f97605-508c-414b-854d-1a64a0ce93e3-17,c041b75c-f53c-4c5b-ba69-77a07160d943,1365941400,,,,,,,,,,,,,
c265fd21-5b1e-4194-ab18-c5bb9355660c-17,c041b75c-f53c-4c5b-ba69-77a07160d943,1365959400,,,,,,,,,,,,,
766d89aa-754d-40b7-8f5d-68ced961e199-19,c041b75c-f53c-4c5b-ba69-77a07160d943,1365963000,,,,,,,,,,,,,
d8ee8943-ef92-4626-8ff0-36372c1d5200-73,c041b75c-f53c-4c5b-ba69-77a07160d943,1365988200,,,,,,,,,,,,,
7c43c5c0-5cd2-4c96-be76-dd9aec7a3664-154,c041b75c-f53c-4c5b-ba69-77a07160d943,1365981000,,,,,,,,,,,,,
100edf9a-5a11-4cf3-8fa3-d7fce35b2303-18,c041b75c-f53c-4c5b-ba69-77a07160d943,1366020600,,,,,,,,,,,,,
07fdcb6e-0cf2-4a2f-94c7-97502a46445a-17,c041b75c-f53c-4c5b-ba69-77a07160d943,1366031400,,,,,,,,,,,,,
244d4a37-df17-488c-9815-b49b6b8693d9-113,c041b75c-f53c-4c5b-ba69-77a07160d943,1365973800,,,,,,,,,,,,,
cf179aa8-ebb0-4f1c-8ae6-20206d7c1d0b-19,c041b75c-f53c-4c5b-ba69-77a07160d943,1366027800,,,,,,,,,,,,,
db5f2f28-5c74-4fa3-8591-eabc216d9b56-17,c041b75c-f53c-4c5b-ba69-77a07160d943,1366017000,,,,,,,,,,,,,
d9c1e4c4-b3d3-4db7-8068-88559cb71aea-19,c041b75c-f53c-4c5b-ba69-77a07160d943,1366024200,,,,,,,,,,,,,
33c256e7-c4e2-4c8a-8ec7-bb1c83df54a8-23,c041b75c-f53c-4c5b-ba69-77a07160d943,1365991800,,,,,,,,,,,,,
374ef9a8-e3cf-40fc-9c09-3960e976ce77-17,c041b75c-f53c-4c5b-ba69-77a07160d943,1365995400,,,,,,,,,,,,,
2e25a4d6-84f2-4bec-b2ef-2d76fbdd4a39-19,c041b75c-f53c-4c5b-ba69-77a07160d943,1366013400,,,,,,,,,,,,,
2e52dc6c-009d-4589-8f40-9e0cb5ea2e9e-28,c041b75c-f53c-4c5b-ba69-77a07160d943,1365966600,,,,,,,,,,,,,
67f66e40-3a37-4419-bab2-558b916398cd-20,c041b75c-f53c-4c5b-ba69-77a07160d943,1366009800,,,,,,,,,,,,,
f1335836-a44e-4383-843f-aef8e390b728-17,c041b75c-f53c-4c5b-ba69-77a07160d943,1366006200,,,,,,,,,,,,,
d5a44fb6-caa9-4dee-883a-1fbc9217cae9-19,c041b75c-f53c-4c5b-ba69-77a07160d943,1366035000,,,,,,,,,,,,,
19178791-206e-49a0-93c9-7db568552733-30,c041b75c-f53c-4c5b-ba69-77a07160d943,1365999000,,,,,,,,,,,,,
3cf7e312-2133-471c-89f2-fc81ff3673c7-17,c041b75c-f53c-4c5b-ba69-77a07160d943,1365977400,,,,,,,,,,,,,
8131d65d-4563-4a05-a2ba-0147edf2c6c0-19,c041b75c-f53c-4c5b-ba69-77a07160d943,1366038600,,,,,,,,,,,,,
42c1ca91-63b9-4550-9fcd-c52136069a58-19,c041b75c-f53c-4c5b-ba69-77a07160d943,1366002600,,,,,,,,,,,,,
fa7d9ba4-61ba-45b1-80c9-449b064a6d49-286,c041b75c-f53c-4c5b-ba69-77a07160d943,1365984600,,,,,,,,,,,,,
612f39dd-b624-4454-a660-52177b6b7d85-19,c041b75c-f53c-4c5b-ba69-77a07160d943,1365968446,"{""ONE_WAY_HASH"":""217c682740035827850f6576824e5ad43d5aeb26""}","{""ONE_WAY_HASH"":""a2a6a4bae3d718d99d6742df20dfd41502a77bb2""}",1365968446461,False,,0,False,False,+12404492164,-1,,35,1
612f39dd-b624-4454-a660-52177b6b7d85-19,c041b75c-f53c-4c5b-ba69-77a07160d943,1365968446,"{""ONE_WAY_HASH"":""8c379c54c0dced011ace6331559849c98e236bd3""}","{""ONE_WAY_HASH"":""7cc941ea1741afdf66b33fee4a4e43febae46739""}",1365968431330,False,,0,False,False,+12404492164,-1,,34,1
47790c39-d42c-41bd-8053-483cd16e2abf-17,c041b75c-f53c-4c5b-ba69-77a07160d943,1366042200,,,,,,,,,,,,,
a0d7d133-183e-4938-b0b6-ccdc6884b4bf-76,c041b75c-f53c-4c5b-ba69-77a07160d943,1366049400,,,,,,,,,,,,,
52c6dae4-5ee2-4cf7-b931-e64026d9d454-17,c041b75c-f53c-4c5b-ba69-77a07160d943,1366053000,,,,,,,,,,,,,
6ae74f78-36f9-419c-99d0-cc52336038a7-19,c041b75c-f53c-4c5b-ba69-77a07160d943,1366045800,,,,,,,,,,,,,
464d4626-7a6d-425e-baba-9cb8a9a24ed6-19,c041b75c-f53c-4c5b-ba69-77a07160d943,1366056600,,,,,,,,,,,,,
b0c4c226-3f4f-4587-ad04-fe4b6b276335-28,c041b75c-f53c-4c5b-ba69-77a07160d943,1366060200,,,,,,,,,,,,,
dacbb9a9-7a82-4d20-b2bb-dcfbeb194f8e-45,c041b75c-f53c-4c5b-ba69-77a07160d943,1366063800,,,,,,,,,,,,,
97d726af-e93e-4773-9a45-4bb4fe9a6fdb-68,c041b75c-f53c-4c5b-ba69-77a07160d943,1366146600,,,,,,,,,,,,,
838ecbfe-929d-458f-8e9b-0dc5404f631a-43,c041b75c-f53c-4c5b-ba69-77a07160d943,1366096200,,,,,,,,,,,,,
9be02231-15f9-4f80-a1d0-cab02443d1d4-118,c041b75c-f53c-4c5b-ba69-77a07160d943,1366128600,,,,,,,,,,,,,
d7b4b0ef-0a6d-4ddf-a0a0-777e7a5244b7-62,c041b75c-f53c-4c5b-ba69-77a07160d943,1366107000,,,,,,,,,,,,,
9ca2247f-4738-451a-a5c4-2bde447512ec-59,c041b75c-f53c-4c5b-ba69-77a07160d943,1366103400,,,,,,,,,,,,,
52f176ca-c0c2-4842-a945-470cc505ae5c-157,c041b75c-f53c-4c5b-ba69-77a07160d943,1366114200,,,,,,,,,,,,,
81972dae-02d0-4d2b-9c93-935d77dd20d0-19,c041b75c-f53c-4c5b-ba69-77a07160d943,1366089000,,,,,,,,,,,,,
a989c29d-0dc6-47cf-b490-8eff68307372-110,c041b75c-f53c-4c5b-ba69-77a07160d943,1366135800,,,,,,,,,,,,,
9217e138-1e0e-4604-b417-fffab8c4f24a-23,c041b75c-f53c-4c5b-ba69-77a07160d943,1366085400,,,,,,,,,,,,,
58dec3ee-dad3-4a6e-ac61-2a85ccf40f89-142,c041b75c-f53c-4c5b-ba69-77a07160d943,1366139400,,,,,,,,,,,,,
e9c59e81-3898-45fe-b662-9db718157db9-59,c041b75c-f53c-4c5b-ba69-77a07160d943,1366110600,,,,,,,,,,,,,
c85b886c-cff3-418e-acf8-9dfce8a57fca-111,c041b75c-f53c-4c5b-ba69-77a07160d943,1366132200,,,,,,,,,,,,,
3fe1a01c-c563-4ad4-86df-222e3ba910c2-95,c041b75c-f53c-4c5b-ba69-77a07160d943,1366121400,,,,,,,,,,,,,
676b9353-864c-49f1-99f1-6aaee3eede81-41,c041b75c-f53c-4c5b-ba69-77a07160d943,1366071000,,,,,,,,,,,,,
27edc2d5-b679-4fb7-a374-75eae6421180-94,c041b75c-f53c-4c5b-ba69-77a07160d943,1366125000,,,,,,,,,,,,,
922df636-2229-46df-b10d-188ab1efb4cf-31,c041b75c-f53c-4c5b-ba69-77a07160d943,1366078200,,,,,,,,,,,,,
3e296204-39ae-4d6a-a53c-31ac8d8d80ce-118,c041b75c-f53c-4c5b-ba69-77a07160d943,1366143000,,,,,,,,,,,,,
ae42e20c-f9bf-40e3-8acf-468dfc7c67b9-41,c041b75c-f53c-4c5b-ba69-77a07160d943,1366067400,,,,,,,,,,,,,
68c98a63-004d-43e1-8a7d-0ba558b39285-72,c041b75c-f53c-4c5b-ba69-77a07160d943,1366092600,,,,,,,,,,,,,
409adcee-94ff-431e-8baa-71d2a5314c8b-21,c041b75c-f53c-4c5b-ba69-77a07160d943,1366074600,,,,,,,,,,,,,
2734d9ce-b49e-4399-9ebf-5f9afb718b42-74,c041b75c-f53c-4c5b-ba69-77a07160d943,1366099800,,,,,,,,,,,,,
2f2704b4-344e-4e28-9eb9-f5ff48dbb8b6-125,c041b75c-f53c-4c5b-ba69-77a07160d943,1366117800,,,,,,,,,,,,,
2b2bbc75-93cd-4f9c-af0e-19e60f941c81-23,c041b75c-f53c-4c5b-ba69-77a07160d943,1366081800,,,,,,,,,,,,,
32ceba06-785d-4f5f-aa46-eb7d6bac6442-121,c041b75c-f53c-4c5b-ba69-77a07160d943,1366160972,,,,,,,,,,,,,
74ac0ac6-c014-4f4c-9ab4-63d7838c4015-37,c041b75c-f53c-4c5b-ba69-77a07160d943,1366164572,,,,,,,,,,,,,
5146d93a-fd08-40a8-a012-6114d5d18127-73,c041b75c-f53c-4c5b-ba69-77a07160d943,1366168172,,,,,,,,,,,,,
7ae46b43-2358-41f3-969c-7afc01a33779-38,c041b75c-f53c-4c5b-ba69-77a07160d943,1366171772,,,,,,,,,,,,,
dd055bc3-6766-42c5-a021-60c508ca45ff-75,c041b75c-f53c-4c5b-ba69-77a07160d943,1366175372,,,,,,,,,,,,,
f8010a2b-1640-4f8d-8df3-d457f446a803-19,c041b75c-f53c-4c5b-ba69-77a07160d943,1366218572,,,,,,,,,,,,,
5dc3a1bd-d197-480c-aa25-61b26f90d4cc-19,c041b75c-f53c-4c5b-ba69-77a07160d943,1366240172,,,,,,,,,,,,,
bbefb368-6f2c-4bf7-8788-1f170b68b34e-37,c041b75c-f53c-4c5b-ba69-77a07160d943,1366193372,,,,,,,,,,,,,
ccde34e1-6225-4c00-a827-39fcae1b63cb-19,c041b75c-f53c-4c5b-ba69-77a07160d943,1366214972,,,,,,,,,,,,,
5cf5b4e3-8292-4902-a386-89ec1aa650c5-19,c041b75c-f53c-4c5b-ba69-77a07160d943,1366204172,,,,,,,,,,,,,
aa3185e4-5857-453b-9177-92f87b224a3c-76,c041b75c-f53c-4c5b-ba69-77a07160d943,1366189772,,,,,,,,,,,,,
8012d3a8-52fd-49ed-9887-caf180dfe10a-19,c041b75c-f53c-4c5b-ba69-77a07160d943,1366207772,,,,,,,,,,,,,
4286e82c-13c7-47cd-bfa5-dfc95bb451dd-19,c041b75c-f53c-4c5b-ba69-77a07160d943,1366225772,,,,,,,,,,,,,
3fe69226-64cd-4cde-8823-e6756480b889-19,c041b75c-f53c-4c5b-ba69-77a07160d943,1366222172,,,,,,,,,,,,,
41e64158-0361-427a-8682-219373e35997-19,c041b75c-f53c-4c5b-ba69-77a07160d943,1366236572,,,,,,,,,,,,,
4a245385-be3f-4826-ac4a-bbd1fe7a2389-37,c041b75c-f53c-4c5b-ba69-77a07160d943,1366186172,,,,,,,,,,,,,
a8d894ac-2acd-407c-aaa1-94f4ce416a1a-36,c041b75c-f53c-4c5b-ba69-77a07160d943,1366178972,,,,,,,,,,,,,
06a92703-a8f8-4933-8b24-a456cc59c66c-76,c041b75c-f53c-4c5b-ba69-77a07160d943,1366182572,,,,,,,,,,,,,
1c5d5d48-698a-4344-87e0-675c9f27248e-19,c041b75c-f53c-4c5b-ba69-77a07160d943,1366243772,,,,,,,,,,,,,
9189b8c9-54c1-4f27-a0f9-c15eaf2baab8-160,c041b75c-f53c-4c5b-ba69-77a07160d943,1366232972,,,,,,,,,,,,,
e305e669-6ec7-4f1b-b094-b25edeb8c723-19,c041b75c-f53c-4c5b-ba69-77a07160d943,1366200572,,,,,,,,,,,,,
57a144b0-1e67-4028-8c12-52de09bcee5f-19,c041b75c-f53c-4c5b-ba69-77a07160d943,1366229372,,,,,,,,,,,,,
7148af6a-e936-4d9d-bf32-03e0f2ecc222-20,c041b75c-f53c-4c5b-ba69-77a07160d943,1366211372,,,,,,,,,,,,,
fe4d2d98-8e19-4a29-9c05-26d017b86d51-75,c041b75c-f53c-4c5b-ba69-77a07160d943,1366196972,,,,,,,,,,,,,
71f5d3a7-61cc-4294-a8c1-ef1b5340b477-76,c041b75c-f53c-4c5b-ba69-77a07160d943,1366247372,,,,,,,,,,,,,
ad53a023-128e-4705-a562-49cac6649ca5-35,c041b75c-f53c-4c5b-ba69-77a07160d943,1366250972,,,,,,,,,,,,,
dfbc6957-eb01-462c-9ce2-0e257f8b4259-75,c041b75c-f53c-4c5b-ba69-77a07160d943,1366254572,,,,,,,,,,,,,
a927f72e-a378-4c3f-b293-445fbb31e42c-61,c041b75c-f53c-4c5b-ba69-77a07160d943,1366258172,,,,,,,,,,,,,
51a8a8f2-dcec-4f61-8458-ce59eb136487-60,c041b75c-f53c-4c5b-ba69-77a07160d943,1366261772,,,,,,,,,,,,,
e6ec9024-abc9-4174-aea4-c6b1c9c96308-157,c041b75c-f53c-4c5b-ba69-77a07160d943,1366308572,,,,,,,,,,,,,
2afd0500-a24c-4af2-921f-9ea3842218db-19,c041b75c-f53c-4c5b-ba69-77a07160d943,1366312172,,,,,,,,,,,,,
e7becf08-1949-4362-bc89-3e4f3ffa743d-36,c041b75c-f53c-4c5b-ba69-77a07160d943,1366268972,,,,,,,,,,,,,
45ae147f-8380-4707-9fd2-e557facea71d-19,c041b75c-f53c-4c5b-ba69-77a07160d943,1366319372,,,,,,,,,,,,,
73de359a-52db-44d6-b570-e3099e918131-35,c041b75c-f53c-4c5b-ba69-77a07160d943,1366283372,,,,,,,,,,,,,
883bf2cf-7791-4947-80dd-1b4fdc1ec9e4-73,c041b75c-f53c-4c5b-ba69-77a07160d943,1366297772,,,,,,,,,,,,,
ec5e30e1-59ee-4bfc-b675-f15aab57632f-82,c041b75c-f53c-4c5b-ba69-77a07160d943,1366294172,,,,,,,,,,,,,
50b19609-e682-4309-8e9c-b8f2096c8852-59,c041b75c-f53c-4c5b-ba69-77a07160d943,1366265372,,,,,,,,,,,,,
56495620-ea20-4b7f-9ef9-250189d5cbb1-79,c041b75c-f53c-4c5b-ba69-77a07160d943,1366304972,,,,,,,,,,,,,
2e2e1504-2f92-4a6b-8c56-e194a43bd40b-115,c041b75c-f53c-4c5b-ba69-77a07160d943,1366301372,,,,,,,,,,,,,
7cd44366-315d-43ad-ba7f-7351b80dabdc-37,c041b75c-f53c-4c5b-ba69-77a07160d943,1366276172,,,,,,,,,,,,,
6b3ff49b-3ec8-4acc-8e99-5c7e12ebae36-19,c041b75c-f53c-4c5b-ba69-77a07160d943,1366315772,,,,,,,,,,,,,
eb4ffa88-4b74-454e-a748-db23f893bd0a-76,c041b75c-f53c-4c5b-ba69-77a07160d943,1366279772,,,,,,,,,,,,,
2a5af302-4738-4a1a-b40c-6c1b7482be5e-88,c041b75c-f53c-4c5b-ba69-77a07160d943,1366290572,,,,,,,,,,,,,
25f85155-9c05-4d0a-8fcd-2db5651738ce-1100,c041b75c-f53c-4c5b-ba69-77a07160d943,1366286972,,,,,,,,,,,,,
e5047292-eff1-4577-b7e2-e56af1afdc2f-74,c041b75c-f53c-4c5b-ba69-77a07160d943,1366272572,,,,,,,,,,,,,
719b91b6-a8aa-42e0-b936-3f4a756d0f1a-19,c041b75c-f53c-4c5b-ba69-77a07160d943,1366322972,,,,,,,,,,,,,
aeefd3ce-e883-4972-aaf1-d86ebc9bb2c6-19,c041b75c-f53c-4c5b-ba69-77a07160d943,1366326572,,,,,,,,,,,,,
abb90318-d3b0-41f0-b7ef-cf84ec3f90cd-80,c041b75c-f53c-4c5b-ba69-77a07160d943,1366348172,,,,,,,,,,,,,
ca32948d-ed7a-4851-82a0-4d2b10eb9443-19,c041b75c-f53c-4c5b-ba69-77a07160d943,1366337372,,,,,,,,,,,,,
38036730-f9a2-4c4c-8aca-f5bf12ca9213-80,c041b75c-f53c-4c5b-ba69-77a07160d943,1366340972,,,,,,,,,,,,,
1cb911c8-f6bb-469f-b75e-852046221f5b-19,c041b75c-f53c-4c5b-ba69-77a07160d943,1366380572,,,,,,,,,,,,,
2583f356-5e54-4a3e-aa0a-e1e95380a81f-37,c041b75c-f53c-4c5b-ba69-77a07160d943,1366344572,,,,,,,,,,,,,
d12a0bc5-44b5-42a0-a7b9-28850762de02-19,c041b75c-f53c-4c5b-ba69-77a07160d943,1366405772,,,,,,,,,,,,,
daabc30f-0b7f-4378-8ad3-b656b14bad0f-19,c041b75c-f53c-4c5b-ba69-77a07160d943,1366398572,,,,,,,,,,,,,
facc5cc5-c985-4656-b1dd-35524abd1e29-61,c041b75c-f53c-4c5b-ba69-77a07160d943,1366351772,,,,,,,,,,,,,
7cae6370-aadd-49c7-a161-c1843a8b9794-19,c041b75c-f53c-4c5b-ba69-77a07160d943,1366366172,,,,,,,,,,,,,
111f96e7-5081-4699-a029-f37c9eeb61c2-19,c041b75c-f53c-4c5b-ba69-77a07160d943,1366358972,,,,,,,,,,,,,
df9128d3-ba85-417d-9f21-2e5f132efe8c-127,c041b75c-f53c-4c5b-ba69-77a07160d943,1366409372,,,,,,,,,,,,,
83b23eb4-f1d5-4ae4-8fbe-122fa9e863a2-19,c041b75c-f53c-4c5b-ba69-77a07160d943,1366402172,,,,,,,,,,,,,
49c6b7b1-d8ce-44b3-be98-1d39c8f11de0-19,c041b75c-f53c-4c5b-ba69-77a07160d943,1366369772,,,,,,,,,,,,,
df722c12-5e64-4163-8f94-53c34f8124dc-19,c041b75c-f53c-4c5b-ba69-77a07160d943,1366330172,,,,,,,,,,,,,
69eb528b-5bcb-409d-99b9-b9058bf671d9-19,c041b75c-f53c-4c5b-ba69-77a07160d943,1366384172,,,,,,,,,,,,,
0ec2b83f-2dea-4622-af1b-12d4f240d2c6-19,c041b75c-f53c-4c5b-ba69-77a07160d943,1366387772,,,,,,,,,,,,,
b5188bf2-6a74-4ef0-ba63-ee6ff6c91354-19,c041b75c-f53c-4c5b-ba69-77a07160d943,1366333772,,,,,,,,,,,,,
a794b8f8-a2b7-42c0-bb1d-cf620d8f0096-37,c041b75c-f53c-4c5b-ba69-77a07160d943,1366355372,,,,,,,,,,,,,
a0b2306d-e62c-4778-9692-b1eaef0e84c0-395,c041b75c-f53c-4c5b-ba69-77a07160d943,1366412972,,,,,,,,,,,,,
05cbd098-b399-4137-b1a3-69cc14e0722d-19,c041b75c-f53c-4c5b-ba69-77a07160d943,1366373372,,,,,,,,,,,,,
829b79c7-b2c1-449e-bee0-6f31fc06516d-19,c041b75c-f53c-4c5b-ba69-77a07160d943,1366391372,,,,,,,,,,,,,
0e0f969d-da1d-449a-a4af-4800be2561aa-19,c041b75c-f53c-4c5b-ba69-77a07160d943,1366362572,,,,,,,,,,,,,
fc21385f-bc39-4be2-a434-12e16b0c9305-35,c041b75c-f53c-4c5b-ba69-77a07160d943,1366394972,,,,,,,,,,,,,
4f4f0813-5ebb-46f8-83b8-a870f7a815d2-19,c041b75c-f53c-4c5b-ba69-77a07160d943,1366376972,,,,,,,,,,,,,
42ae8b7e-b74f-4f3f-a043-5da35db55192-19,c041b75c-f53c-4c5b-ba69-77a07160d943,1366416572,,,,,,,,,,,,,
d8b70aee-f07d-4cf0-bc4a-38783cad7808-20,c041b75c-f53c-4c5b-ba69-77a07160d943,1366420172,,,,,,,,,,,,,
dc47c559-2e49-4fe1-85ad-d6d34bfae5de-51,c041b75c-f53c-4c5b-ba69-77a07160d943,1366423772,,,,,,,,,,,,,
dc47c559-2e49-4fe1-85ad-d6d34bfae5de-257,c041b75c-f53c-4c5b-ba69-77a07160d943,1366435101,,,,,,,,,,,,,
18739744-0882-4062-907f-96caccf98cfe-17,c041b75c-f53c-4c5b-ba69-77a07160d943,1366438701,,,,,,,,,,,,,
accac0a5-0176-4d30-a483-40210cffba64-74,c041b75c-f53c-4c5b-ba69-77a07160d943,1366442301,,,,,,,,,,,,,
353271ae-8d35-49fa-ac2f-2f7154f71e39-33,c041b75c-f53c-4c5b-ba69-77a07160d943,1366445901,,,,,,,,,,,,,
b1306d47-3963-4dfa-939b-445062bb7c44-74,c041b75c-f53c-4c5b-ba69-77a07160d943,1366449501,,,,,,,,,,,,,
3d2d5d2e-40d7-4e45-b90a-cd11dad15596-33,c041b75c-f53c-4c5b-ba69-77a07160d943,1366453101,,,,,,,,,,,,,
d1a3e12f-9d04-4cfc-bdde-8b07b9de69a0-72,c041b75c-f53c-4c5b-ba69-77a07160d943,1366456701,,,,,,,,,,,,,
c860ca93-dc65-4f65-8806-2d2b1c70c6c9-33,c041b75c-f53c-4c5b-ba69-77a07160d943,1366460301,,,,,,,,,,,,,
613a3283-f0a4-4a34-a3f8-b3b5ab909ae6-74,c041b75c-f53c-4c5b-ba69-77a07160d943,1366463901,,,,,,,,,,,,,
a4294a70-8c39-4f19-8e88-70a23e73a5e4-33,c041b75c-f53c-4c5b-ba69-77a07160d943,1366467501,,,,,,,,,,,,,
7e185eed-b0ac-462e-acbc-328184132d1c-72,c041b75c-f53c-4c5b-ba69-77a07160d943,1366471101,,,,,,,,,,,,,
77c0e8f2-c109-47f8-96d1-b3cf114ad521-35,c041b75c-f53c-4c5b-ba69-77a07160d943,1366474701,,,,,,,,,,,,,
1c8e36e6-07cb-4dbe-8925-83f88f331926-73,c041b75c-f53c-4c5b-ba69-77a07160d943,1366478301,,,,,,,,,,,,,
99fbf57a-4e1b-4337-8c30-f04d2c97833d-19,c041b75c-f53c-4c5b-ba69-77a07160d943,1366492701,,,,,,,,,,,,,
47345cac-86ee-414c-8243-dc32dc1e88ad-33,c041b75c-f53c-4c5b-ba69-77a07160d943,1366481901,,,,,,,,,,,,,
cac816e5-b4b3-4a45-b1f2-cc94301a1594-18,c041b75c-f53c-4c5b-ba69-77a07160d943,1366489101,,,,,,,,,,,,,
313c2803-e45f-410a-962a-85fe1222a7a9-26,c041b75c-f53c-4c5b-ba69-77a07160d943,1366485501,,,,,,,,,,,,,
3b8e23c6-c2d0-4234-b842-94e0f13f4582-88,c041b75c-f53c-4c5b-ba69-77a07160d943,1366496301,,,,,,,,,,,,,
b0d94d51-bd49-4c0b-beb8-70d376c476c6-79,c041b75c-f53c-4c5b-ba69-77a07160d943,1366499901,,,,,,,,,,,,,
d31d926d-5db3-4df3-9df4-8e27fa513d70-76,c041b75c-f53c-4c5b-ba69-77a07160d943,1366503501,,,,,,,,,,,,,
4f99c79a-1c9d-4c0d-97ce-bfd413d25b47-109,c041b75c-f53c-4c5b-ba69-77a07160d943,1366507101,,,,,,,,,,,,,
6b0f6cca-6a5b-4b6e-9493-7d31463ed856-58,c041b75c-f53c-4c5b-ba69-77a07160d943,1366510701,,,,,,,,,,,,,
157b6f91-d150-4263-915f-2c80d06ffbfb-58,c041b75c-f53c-4c5b-ba69-77a07160d943,1366514301,,,,,,,,,,,,,
fef5e5f7-5f1e-4008-9d01-d7f8ef743284-58,c041b75c-f53c-4c5b-ba69-77a07160d943,1366517901,,,,,,,,,,,,,
4de4f19d-6c78-4dda-a00a-cf1b537a3f2f-35,c041b75c-f53c-4c5b-ba69-77a07160d943,1366521501,,,,,,,,,,,,,
9711145f-4665-47c5-a597-03bfb6e4ff9a-71,c041b75c-f53c-4c5b-ba69-77a07160d943,1366525101,,,,,,,,,,,,,
945bc6e2-4df3-4323-89ee-e8ad3be5318d-35,c041b75c-f53c-4c5b-ba69-77a07160d943,1366528701,,,,,,,,,,,,,
31afd060-1e86-419b-9b5e-856a0a135fb4-73,c041b75c-f53c-4c5b-ba69-77a07160d943,1366532301,,,,,,,,,,,,,
beb790d1-d113-4750-a98e-ea7e5a2e0bfa-36,c041b75c-f53c-4c5b-ba69-77a07160d943,1366543101,,,,,,,,,,,,,
5b4610f8-b12c-4f92-adcc-3f64a2f3c055-57,c041b75c-f53c-4c5b-ba69-77a07160d943,1366550301,,,,,,,,,,,,,
562678fb-06c9-4d33-8ab7-56dabbd59c03-34,c041b75c-f53c-4c5b-ba69-77a07160d943,1366535901,,,,,,,,,,,,,
1693c7a2-0b87-42c2-ae70-aecb92e72234-73,c041b75c-f53c-4c5b-ba69-77a07160d943,1366557501,,,,,,,,,,,,,
64a1e255-8672-4ff5-b6d5-d4e1dbb7a959-72,c041b75c-f53c-4c5b-ba69-77a07160d943,1366546701,,,,,,,,,,,,,
a2917859-8ab9-44a5-b7b7-4da38c0cef58-36,c041b75c-f53c-4c5b-ba69-77a07160d943,1366553901,,,,,,,,,,,,,
bfd87346-fbfe-4d19-8968-038988c8125b-74,c041b75c-f53c-4c5b-ba69-77a07160d943,1366539501,,,,,,,,,,,,,
6876b289-140c-47b4-9ed6-760e42e1ef06-190,c041b75c-f53c-4c5b-ba69-77a07160d943,1366564701,,,,,,,,,,,,,
86f13811-f082-4bb1-94aa-8964ccb8ec95-34,c041b75c-f53c-4c5b-ba69-77a07160d943,1366568301,,,,,,,,,,,,,
b42391a6-0f00-49ab-9c0b-375176831e63-17,c041b75c-f53c-4c5b-ba69-77a07160d943,1366575501,,,,,,,,,,,,,
c4b1545a-bed8-4a9d-bb4f-b5c19ad354c4-43,c041b75c-f53c-4c5b-ba69-77a07160d943,1366561101,,,,,,,,,,,,,
df175571-8f4b-4744-b5ce-58843693ceb0-18,c041b75c-f53c-4c5b-ba69-77a07160d943,1366571901,,,,,,,,,,,,,
9ed00d87-a7c3-4b35-866b-20599035571c-19,c041b75c-f53c-4c5b-ba69-77a07160d943,1366579101,,,,,,,,,,,,,
15a8ac57-a786-417b-91be-671570a08191-18,c041b75c-f53c-4c5b-ba69-77a07160d943,1366582701,,,,,,,,,,,,,
fa694652-8ff9-4cac-bfd8-a9686425c8a1-21,c041b75c-f53c-4c5b-ba69-77a07160d943,1366586301,,,,,,,,,,,,,
f942ca2b-6979-4ed1-b971-ce4576d9753d-19,c041b75c-f53c-4c5b-ba69-77a07160d943,1366593501,,,,,,,,,,,,,
518e2480-6b52-447f-ba62-9c1a7b3a439d-17,c041b75c-f53c-4c5b-ba69-77a07160d943,1366589901,,,,,,,,,,,,,
5f0bfa5c-9c04-4731-a391-b5290cde1e0e-19,c041b75c-f53c-4c5b-ba69-77a07160d943,1366597101,,,,,,,,,,,,,
150545de-de86-422a-92f9-2608df76e917-20,c041b75c-f53c-4c5b-ba69-77a07160d943,1366600701,,,,,,,,,,,,,
b13c6cb3-7f9e-405d-a8f0-4a7f8d1f1b70-20,c041b75c-f53c-4c5b-ba69-77a07160d943,1366604301,,,,,,,,,,,,,
87407fff-a9be-41e5-8741-db2c915d3b93-17,c041b75c-f53c-4c5b-ba69-77a07160d943,1366607901,,,,,,,,,,,,,
c0aaae4c-6d98-4c58-98d9-7b5af53c8cf2-17,c041b75c-f53c-4c5b-ba69-77a07160d943,1366611501,,,,,,,,,,,,,
7dd39599-0dda-40ba-a3bb-b51239b79ba1-65,c041b75c-f53c-4c5b-ba69-77a07160d943,1366640301,,,,,,,,,,,,,
d34b5bd7-cc79-47e5-bc60-6eb5a377b0eb-19,c041b75c-f53c-4c5b-ba69-77a07160d943,1366625901,,,,,,,,,,,,,
dbcc2fde-4a62-49b0-9a25-6fbd6b536d85-65,c041b75c-f53c-4c5b-ba69-77a07160d943,1366618701,,,,,,,,,,,,,
c759a0f5-a12c-4625-93b6-bbbf4e1802ce-58,c041b75c-f53c-4c5b-ba69-77a07160d943,1366643901,,,,,,,,,,,,,
fe427e6a-f60e-420a-bb19-110f999c2238-58,c041b75c-f53c-4c5b-ba69-77a07160d943,1366647501,,,,,,,,,,,,,
9f7f030e-6829-4dad-bfbf-136e6a69ac80-76,c041b75c-f53c-4c5b-ba69-77a07160d943,1366629501,,,,,,,,,,,,,
872f37a4-ff2a-4f41-880f-9a68ef595d06-35,c041b75c-f53c-4c5b-ba69-77a07160d943,1366654701,,,,,,,,,,,,,
e91330dd-560d-4cc4-921d-d62ab735e0b0-59,c041b75c-f53c-4c5b-ba69-77a07160d943,1366636701,,,,,,,,,,,,,
99d54a49-85a8-4164-bf24-e17233d60819-17,c041b75c-f53c-4c5b-ba69-77a07160d943,1366622301,,,,,,,,,,,,,
3d1a6d93-94e0-492b-ad36-127b78bceb0b-18,c041b75c-f53c-4c5b-ba69-77a07160d943,1366615101,,,,,,,,,,,,,
8c79b595-4781-48b8-9ea6-076a7295b8ae-56,c041b75c-f53c-4c5b-ba69-77a07160d943,1366633101,,,,,,,,,,,,,
a87c88da-9f94-4c3d-a49e-ff6268bac635-56,c041b75c-f53c-4c5b-ba69-77a07160d943,1366651101,,,,,,,,,,,,,
b051982e-e7d1-49e6-aac9-9ff34d60007c-182,c041b75c-f53c-4c5b-ba69-77a07160d943,1366658301,,,,,,,,,,,,,
50bed35b-3177-405c-a086-570984167d06-131,c041b75c-f53c-4c5b-ba69-77a07160d943,1366661901,,,,,,,,,,,,,
4f7f4313-d125-41d7-8ae5-067ffcf18cfd-19,c041b75c-f53c-4c5b-ba69-77a07160d943,1366730301,,,,,,,,,,,,,
3f88ca35-3541-4921-984a-9eb7d6d6812c-17,c041b75c-f53c-4c5b-ba69-77a07160d943,1366719501,,,,,,,,,,,,,
567fac30-dd5b-4a4e-8208-0f5de62b2e83-67,c041b75c-f53c-4c5b-ba69-77a07160d943,1366676301,,,,,,,,,,,,,
0be3a603-61b4-4a9b-8592-ae2df3fd93ad-20,c041b75c-f53c-4c5b-ba69-77a07160d943,1366744701,,,,,,,,,,,,,
5f448a2f-f9a5-4cfa-8747-401e3d51e90c-18,c041b75c-f53c-4c5b-ba69-77a07160d943,1366733901,,,,,,,,,,,,,
7dc50f0f-617e-45dc-b118-240b745d48ae-18,c041b75c-f53c-4c5b-ba69-77a07160d943,1366723101,,,,,,,,,,,,,
00677e97-1ecb-43b4-903e-88bf73ff3dd0-33,c041b75c-f53c-4c5b-ba69-77a07160d943,1366708701,,,,,,,,,,,,,
af80a63d-2f3d-4a49-ae77-4cb301462db9-34,c041b75c-f53c-4c5b-ba69-77a07160d943,1366687101,,,,,,,,,,,,,
96759338-666d-4280-bcc6-295703ece7aa-34,c041b75c-f53c-4c5b-ba69-77a07160d943,1366701501,,,,,,,,,,,,,
572d4df1-b49b-450e-9194-4cffa355bf91-17,c041b75c-f53c-4c5b-ba69-77a07160d943,1366672701,,,,,,,,,,,,,
d6efa14d-2b86-4e2d-b369-5272596ac953-20,c041b75c-f53c-4c5b-ba69-77a07160d943,1366748301,,,,,,,,,,,,,
ba374b67-d3eb-425c-9c58-5e7d84b1904b-77,c041b75c-f53c-4c5b-ba69-77a07160d943,1366712301,,,,,,,,,,,,,
973418f2-c60f-450a-b3d3-c07389bbb2a3-19,c041b75c-f53c-4c5b-ba69-77a07160d943,1366665501,,,,,,,,,,,,,
9aacb58c-f2d7-40c2-99ea-6c89d67c4083-17,c041b75c-f53c-4c5b-ba69-77a07160d943,1366741101,,,,,,,,,,,,,
96d70920-70ef-46c9-8e96-96ceb9d0e3ea-33,c041b75c-f53c-4c5b-ba69-77a07160d943,1366751901,,,,,,,,,,,,,
1b2e51d8-f89b-4c82-b93a-f8b5d5b8822f-75,c041b75c-f53c-4c5b-ba69-77a07160d943,1366705101,,,,,,,,,,,,,
b754995d-cfeb-4915-93d3-26402abb98e2-33,c041b75c-f53c-4c5b-ba69-77a07160d943,1366694301,,,,,,,,,,,,,
df718517-9067-44ec-bf48-438c38a10fc6-20,c041b75c-f53c-4c5b-ba69-77a07160d943,1366679901,,,,,,,,,,,,,
694dc54c-45bd-4b03-9e43-b748c93a4c42-80,c041b75c-f53c-4c5b-ba69-77a07160d943,1366683501,,,,,,,,,,,,,
c0d3f9cd-61df-46cc-a669-36a0a88403f3-19,c041b75c-f53c-4c5b-ba69-77a07160d943,1366726701,,,,,,,,,,,,,
53963f71-16be-42e1-bfcb-4c6f97df84b0-78,c041b75c-f53c-4c5b-ba69-77a07160d943,1366697901,,,,,,,,,,,,,
6ca33051-87f5-440c-8a36-f95f3cd0d5ef-78,c041b75c-f53c-4c5b-ba69-77a07160d943,1366690701,,,,,,,,,,,,,
71927a24-5693-49f3-b24f-8ead89ea406b-34,c041b75c-f53c-4c5b-ba69-77a07160d943,1366715901,,,,,,,,,,,,,
da76a94d-45b8-4f00-ba4e-16c6b7ee4f25-17,c041b75c-f53c-4c5b-ba69-77a07160d943,1366737501,,,,,,,,,,,,,
ece1e9cd-ec7b-44bf-9bac-d60c0227e495-18,c041b75c-f53c-4c5b-ba69-77a07160d943,1366669101,,,,,,,,,,,,,
d3a9f5c0-ea92-4041-ba91-5dd0544e8b1d-19,c041b75c-f53c-4c5b-ba69-77a07160d943,1366755501,,,,,,,,,,,,,
d3a9f5c0-ea92-4041-ba91-5dd0544e8b1d-105,c041b75c-f53c-4c5b-ba69-77a07160d943,1366832516,,,,,,,,,,,,,
f7714061-6578-44ed-b2e6-5ab0f17ee1f8-54,c041b75c-f53c-4c5b-ba69-77a07160d943,1366836114,,,,,,,,,,,,,
246eeec1-e9d7-49b0-946e-d6c09517d8fb-147,c041b75c-f53c-4c5b-ba69-77a07160d943,1367031967,,,,,,,,,,,,,
71b4f13e-217f-4133-9a6c-62e689501394-233,c041b75c-f53c-4c5b-ba69-77a07160d943,1366857714,,,,,,,,,,,,,
34fa1eec-7500-431c-a99e-4618fe831799-17,c041b75c-f53c-4c5b-ba69-77a07160d943,1366846914,,,,,,,,,,,,,
44de3488-9a29-441d-af00-7371af2def1a-195,c041b75c-f53c-4c5b-ba69-77a07160d943,1366850514,,,,,,,,,,,,,
89840e77-4bf5-40e1-81e8-165bc7e9eaa5-18,c041b75c-f53c-4c5b-ba69-77a07160d943,1366839714,,,,,,,,,,,,,
d5f8cf69-67e9-4f31-8843-112dedf0336f-17,c041b75c-f53c-4c5b-ba69-77a07160d943,1366843314,,,,,,,,,,,,,
80010956-5d15-4aeb-a16e-87f6f930292c-171,c041b75c-f53c-4c5b-ba69-77a07160d943,1366854114,,,,,,,,,,,,,
08538634-6d6d-4d3e-a92a-581f4410e21b-19,c041b75c-f53c-4c5b-ba69-77a07160d943,1367035567,,,,,,,,,,,,,
3ef5ac40-0d2d-400c-8801-149046703033-77,c041b75c-f53c-4c5b-ba69-77a07160d943,1367039167,,,,,,,,,,,,,
0940108c-17f2-4f70-9718-81ea02bdffd8-36,c041b75c-f53c-4c5b-ba69-77a07160d943,1367042767,,,,,,,,,,,,,
53028066-4bac-42f6-a7f6-829aa508f6a2-72,c041b75c-f53c-4c5b-ba69-77a07160d943,1367046367,,,,,,,,,,,,,
dddf2f9d-0a24-4d83-8b98-e02a64ff0861-18,c041b75c-f53c-4c5b-ba69-77a07160d943,1367093167,,,,,,,,,,,,,
35c726f7-e40a-403f-ad78-ad02e1bb9e7c-37,c041b75c-f53c-4c5b-ba69-77a07160d943,1367071567,,,,,,,,,,,,,
fd52fca2-3dcd-4be3-9d2d-38c0b91dcab8-100,c041b75c-f53c-4c5b-ba69-77a07160d943,1367089567,,,,,,,,,,,,,
664b191c-a8cd-4318-817f-6e98c20cade4-228,c041b75c-f53c-4c5b-ba69-77a07160d943,1367085967,,,,,,,,,,,,,
f0f5963e-ec41-4f4d-bcb5-bdba09f6bee6-35,c041b75c-f53c-4c5b-ba69-77a07160d943,1367078767,,,,,,,,,,,,,
ba5ff167-6c7a-427a-ac56-83d562a30f2a-74,c041b75c-f53c-4c5b-ba69-77a07160d943,1367082367,,,,,,,,,,,,,
3bb99f56-96c1-4be9-941f-53f45778d7e0-75,c041b75c-f53c-4c5b-ba69-77a07160d943,1367060767,,,,,,,,,,,,,
f2e70124-a23e-4fcf-99a5-2d9cd164eb0a-35,c041b75c-f53c-4c5b-ba69-77a07160d943,1367064367,,,,,,,,,,,,,
b8c3162d-7414-409b-ab45-0c95492fc6df-37,c041b75c-f53c-4c5b-ba69-77a07160d943,1367096767,,,,,,,,,,,,,
545da513-06a4-494f-b556-7360542e5770-80,c041b75c-f53c-4c5b-ba69-77a07160d943,1367067967,,,,,,,,,,,,,
487c3e99-7d72-4740-bb32-1a0f15383f04-30,c041b75c-f53c-4c5b-ba69-77a07160d943,1367100367,,,,,,,,,,,,,
cff33bdd-e255-47e2-b1d1-68f77135d36b-35,c041b75c-f53c-4c5b-ba69-77a07160d943,1367057167,,,,,,,,,,,,,
08596610-9849-4ab6-ae7b-b086c026f968-76,c041b75c-f53c-4c5b-ba69-77a07160d943,1367075167,,,,,,,,,,,,,
4c5fae8b-ac4f-4f27-8e2a-89c4daaa9939-76,c041b75c-f53c-4c5b-ba69-77a07160d943,1367053567,,,,,,,,,,,,,
c36f665a-65cb-462e-91a7-25c4547c6a4b-37,c041b75c-f53c-4c5b-ba69-77a07160d943,1367049967,,,,,,,,,,,,,
ffd7ef42-0368-4ceb-8cbe-8088ca20c1a5-35,c041b75c-f53c-4c5b-ba69-77a07160d943,1367103967,,,,,,,,,,,,,
f46dcc25-7044-4c07-9149-91113d087a11-35,c041b75c-f53c-4c5b-ba69-77a07160d943,1367107567,,,,,,,,,,,,,
b391a47a-1c75-48f5-880b-91d378a2d40f-18,c041b75c-f53c-4c5b-ba69-77a07160d943,1367111167,,,,,,,,,,,,,
fa5f0096-05f0-49ac-8fbb-98712f8885a3-77,c041b75c-f53c-4c5b-ba69-77a07160d943,1367190367,,,,,,,,,,,,,
6cad9d5f-62a7-42e3-971e-63f429ba5dd0-211,c041b75c-f53c-4c5b-ba69-77a07160d943,1367125567,,,,,,,,,,,,,
13613842-34ff-4864-b1db-780b08591092-35,c041b75c-f53c-4c5b-ba69-77a07160d943,1367157967,,,,,,,,,,,,,
79bae9eb-cadb-4cf6-8d11-ee880bdc0f36-231,c041b75c-f53c-4c5b-ba69-77a07160d943,1367114767,,,,,,,,,,,,,
82ac0a30-e52a-4aed-822b-c7238eb114c6-213,c041b75c-f53c-4c5b-ba69-77a07160d943,1367132767,,,,,,,,,,,,,
7b91e88d-7d8d-4dd4-86d4-df155e429b20-210,c041b75c-f53c-4c5b-ba69-77a07160d943,1367136367,,,,,,,,,,,,,
ea54fa87-1000-400c-950d-51367b6bc2da-197,c041b75c-f53c-4c5b-ba69-77a07160d943,1367129167,,,,,,,,,,,,,
01152cb0-6f98-4c4d-977e-86adb8b23968-41,c041b75c-f53c-4c5b-ba69-77a07160d943,1367150767,,,,,,,,,,,,,
c2f806f1-783a-4e3d-9054-5ed8c1be0618-34,c041b75c-f53c-4c5b-ba69-77a07160d943,1367186767,,,,,,,,,,,,,
586c389a-2dfb-420d-86e0-77f6ad43debe-84,c041b75c-f53c-4c5b-ba69-77a07160d943,1367161567,,,,,,,,,,,,,
42856ca4-3688-4014-abb4-b9ff39932932-211,c041b75c-f53c-4c5b-ba69-77a07160d943,1367147167,,,,,,,,,,,,,
5c9c29eb-939e-4193-a923-61ab623465b3-76,c041b75c-f53c-4c5b-ba69-77a07160d943,1367168767,,,,,,,,,,,,,
1b740e57-47ca-4a5b-9993-0e80f20d8295-205,c041b75c-f53c-4c5b-ba69-77a07160d943,1367121967,,,,,,,,,,,,,
6917ed1b-0846-45c4-b9af-4f602b38b422-78,c041b75c-f53c-4c5b-ba69-77a07160d943,1367183167,,,,,,,,,,,,,
ef708cd8-c9ed-4b4d-9741-14bcb200948e-208,c041b75c-f53c-4c5b-ba69-77a07160d943,1367139967,,,,,,,,,,,,,
b1a69a01-4223-437d-8bf0-fa0293882b14-75,c041b75c-f53c-4c5b-ba69-77a07160d943,1367154367,,,,,,,,,,,,,
643dc7cc-8202-428d-9661-08ae939ca89a-37,c041b75c-f53c-4c5b-ba69-77a07160d943,1367172367,,,,,,,,,,,,,
ac7b14d9-a338-4ac8-b18b-4199a6c9b26d-35,c041b75c-f53c-4c5b-ba69-77a07160d943,1367179567,,,,,,,,,,,,,
56d6201f-0b76-4f29-9513-8cc647aeed0e-210,c041b75c-f53c-4c5b-ba69-77a07160d943,1367143567,,,,,,,,,,,,,
9c692bef-5487-4659-8d23-287362787e31-208,c041b75c-f53c-4c5b-ba69-77a07160d943,1367118367,,,,,,,,,,,,,
6b61b867-4665-40c4-a23e-2c9d9278e037-39,c041b75c-f53c-4c5b-ba69-77a07160d943,1367193967,,,,,,,,,,,,,
1e932515-b54f-46df-aab3-6adac55bb01c-35,c041b75c-f53c-4c5b-ba69-77a07160d943,1367165167,,,,,,,,,,,,,
19e20d52-93de-4672-b93e-1d098ef674a5-78,c041b75c-f53c-4c5b-ba69-77a07160d943,1367175967,,,,,,,,,,,,,
cfec86bc-a908-4fa2-8b1c-15447095da2b-34,c041b75c-f53c-4c5b-ba69-77a07160d943,1367201167,,,,,,,,,,,,,
243d98a1-f36b-4699-b32e-083703c2df36-21,c041b75c-f53c-4c5b-ba69-77a07160d943,1367215567,,,,,,,,,,,,,
96fa00ca-5826-48e2-bc50-64d25f447c41-34,c041b75c-f53c-4c5b-ba69-77a07160d943,1367255686,,,,,,,,,,,,,
3408c8f3-7a04-4931-9193-e2fb4babdad5-80,c041b75c-f53c-4c5b-ba69-77a07160d943,1367226367,,,,,,,,,,,,,
ba06adde-ba93-4264-8adc-0bb52fc9ad00-77,c041b75c-f53c-4c5b-ba69-77a07160d943,1367197567,,,,,,,,,,,,,
0b6e96ca-81c3-45a3-bff1-fbc844b142c8-62,c041b75c-f53c-4c5b-ba69-77a07160d943,1367208367,,,,,,,,,,,,,
35ab5f5a-319a-4ca3-bb9f-c3a47126f752-77,c041b75c-f53c-4c5b-ba69-77a07160d943,1367219167,,,,,,,,,,,,,
92510abc-5513-467e-ab19-9185803cf694-80,c041b75c-f53c-4c5b-ba69-77a07160d943,1367204767,,,,,,,,,,,,,
b5efcd3c-51b9-4651-b15c-8ce9022d6c24-33,c041b75c-f53c-4c5b-ba69-77a07160d943,1367222767,,,,,,,,,,,,,
ae5c7a0e-4ca9-42a3-9aaa-dd66579966a5-33,c041b75c-f53c-4c5b-ba69-77a07160d943,1367211967,,,,,,,,,,,,,
d7a6aa3c-ff39-45c3-b64d-15edb6797960-18,c041b75c-f53c-4c5b-ba69-77a07160d943,1367259286,,,,,,,,,,,,,
8e938c38-1055-44b7-a51c-af97a693b493-43,c041b75c-f53c-4c5b-ba69-77a07160d943,1367262886,,,,,,,,,,,,,
1a517d58-85a1-4e2e-8a5f-f9671c2feb6c-18,c041b75c-f53c-4c5b-ba69-77a07160d943,1367266486,,,,,,,,,,,,,
49db253a-2c58-4ce4-a4f3-04856080afef-45,c041b75c-f53c-4c5b-ba69-77a07160d943,1367270086,,,,,,,,,,,,,
e37fa3fd-0b8f-42d2-8639-b88829b1e057-72,c041b75c-f53c-4c5b-ba69-77a07160d943,1367273686,,,,,,,,,,,,,
de71cee9-8642-4d51-aa90-863c9d4ad740-75,c041b75c-f53c-4c5b-ba69-77a07160d943,1367277286,,,,,,,,,,,,,
5dcea706-d0b9-41ea-8407-b26366e14231-76,c041b75c-f53c-4c5b-ba69-77a07160d943,1367280886,,,,,,,,,,,,,
df093076-e8e1-4432-b39e-2e4f3966522c-77,c041b75c-f53c-4c5b-ba69-77a07160d943,1367284486,,,,,,,,,,,,,
0f06c2be-0035-4872-8021-35c831c542dd-85,c041b75c-f53c-4c5b-ba69-77a07160d943,1367288086,,,,,,,,,,,,,
c588823a-ec58-48cd-9fb6-0c1d8cab9e09-87,c041b75c-f53c-4c5b-ba69-77a07160d943,1367291686,,,,,,,,,,,,,
b650f8a3-daaa-4d0a-8d72-bc41551ff53e-78,c041b75c-f53c-4c5b-ba69-77a07160d943,1367338486,,,,,,,,,,,,,
00b05905-cfa1-4a5d-b1f0-72084c4c302d-35,c041b75c-f53c-4c5b-ba69-77a07160d943,1367309686,,,,,,,,,,,,,
b0b2b256-f901-43e5-baf1-ed0c417371b8-77,c041b75c-f53c-4c5b-ba69-77a07160d943,1367331286,,,,,,,,,,,,,
0cce3b49-1c64-4780-8344-dba5aecb0c26-69,c041b75c-f53c-4c5b-ba69-77a07160d943,1367367286,,,,,,,,,,,,,
9c8da2c6-d314-41d4-ab58-207f6e6d1476-90,c041b75c-f53c-4c5b-ba69-77a07160d943,1367378086,,,,,,,,,,,,,
77bec910-acc1-4f43-badb-4b9ee982b1cc-91,c041b75c-f53c-4c5b-ba69-77a07160d943,1367360086,,,,,,,,,,,,,
55e151a1-9a1f-4aaa-8333-2d23a11f7f06-87,c041b75c-f53c-4c5b-ba69-77a07160d943,1367295286,,,,,,,,,,,,,
d9a25371-a383-4f15-bc6a-1447deb3f05f-72,c041b75c-f53c-4c5b-ba69-77a07160d943,1367370886,,,,,,,,,,,,,
ecbb9bd2-06a8-4edc-96a4-843fc22a4d91-71,c041b75c-f53c-4c5b-ba69-77a07160d943,1367352886,,,,,,,,,,,,,
e18a5e55-a3fe-45d5-b8c1-6199e966f2bc-126,c041b75c-f53c-4c5b-ba69-77a07160d943,1367356486,,,,,,,,,,,,,
b9439186-8f7d-481d-840b-e9cec71f9fc0-77,c041b75c-f53c-4c5b-ba69-77a07160d943,1367345686,,,,,,,,,,,,,
91e45d47-4f1c-4364-b24d-90ffb882fa6a-76,c041b75c-f53c-4c5b-ba69-77a07160d943,1367342086,,,,,,,,,,,,,
d76b0eac-dc2f-46c1-93eb-5ebe1121a0cb-36,c041b75c-f53c-4c5b-ba69-77a07160d943,1367298886,,,,,,,,,,,,,
316834b5-cc6a-4c12-825b-64ada054e80f-75,c041b75c-f53c-4c5b-ba69-77a07160d943,1367349286,,,,,,,,,,,,,
45cd7b84-26ed-44b9-a7f3-2b9a36a720c4-57,c041b75c-f53c-4c5b-ba69-77a07160d943,1367302486,,,,,,,,,,,,,
28106b5f-4075-45c7-9801-7d0cc11daa6f-54,c041b75c-f53c-4c5b-ba69-77a07160d943,1367316886,,,,,,,,,,,,,
442aa379-8df5-48d6-94c9-1809a7f5b6d5-74,c041b75c-f53c-4c5b-ba69-77a07160d943,1367334886,,,,,,,,,,,,,
7ea54ca4-14dc-48ed-abdf-0c95934e4b1a-82,c041b75c-f53c-4c5b-ba69-77a07160d943,1367363686,,,,,,,,,,,,,
56b95d74-9584-4217-8b48-93040b138716-74,c041b75c-f53c-4c5b-ba69-77a07160d943,1367374486,,,,,,,,,,,,,
d5d59241-719a-4bcc-8eb8-b3d52e855e99-33,c041b75c-f53c-4c5b-ba69-77a07160d943,1367320486,,,,,,,,,,,,,
bb00f2a8-c526-483f-a1fc-34d04fa2bf07-33,c041b75c-f53c-4c5b-ba69-77a07160d943,1367313286,,,,,,,,,,,,,
6e5885d2-5e96-4a52-8784-fc73c74ff96a-35,c041b75c-f53c-4c5b-ba69-77a07160d943,1367324086,,,,,,,,,,,,,
7752149c-1b25-4f7d-af2c-37b16e91313c-57,c041b75c-f53c-4c5b-ba69-77a07160d943,1367306086,,,,,,,,,,,,,
36c65db4-7fe1-4cca-88ef-ab38e0404f8d-91,c041b75c-f53c-4c5b-ba69-77a07160d943,1367531307,,,,,,,,,,,,,
1e2c5fe5-4d16-433d-807a-884d91e26caf-35,c041b75c-f53c-4c5b-ba69-77a07160d943,1367327686,,,,,,,,,,,,,
bd32b187-7153-4ddb-a492-766e2380af43-44,c041b75c-f53c-4c5b-ba69-77a07160d943,1367534907,,,,,,,,,,,,,
2ef2e9b5-c85d-4c3d-8c30-9babcd4dfe73-66,c041b75c-f53c-4c5b-ba69-77a07160d943,1367538507,,,,,,,,,,,,,
05deb05e-a709-488d-b59e-44e382273c41-244,c041b75c-f53c-4c5b-ba69-77a07160d943,1367542107,,,,,,,,,,,,,
ab16e6bd-4d68-4f89-b8cd-9c1393b51052-213,c041b75c-f53c-4c5b-ba69-77a07160d943,1367545707,,,,,,,,,,,,,
392d171f-3788-4f68-90ae-d8a53e9004e6-36,c041b75c-f53c-4c5b-ba69-77a07160d943,1367549307,,,,,,,,,,,,,
18c24559-0882-47f1-943c-b54853f59296-18,c041b75c-f53c-4c5b-ba69-77a07160d943,1367552907,,,,,,,,,,,,,
5cbbcbf2-eaca-47e2-8556-1a6783a70fc6-78,c041b75c-f53c-4c5b-ba69-77a07160d943,1367556507,,,,,,,,,,,,,
46d2cb46-048d-4b29-9a45-390892dcf366-104,c041b75c-f53c-4c5b-ba69-77a07160d943,1367596107,,,,,,,,,,,,,
01b0bd55-5a14-45f8-a990-263794abded6-160,c041b75c-f53c-4c5b-ba69-77a07160d943,1367585307,,,,,,,,,,,,,
2a5469ee-026f-4a9b-a572-c06f503a74a1-37,c041b75c-f53c-4c5b-ba69-77a07160d943,1367567307,,,,,,,,,,,,,
b079dbb6-9da9-4e02-82a4-2273674be3ae-203,c041b75c-f53c-4c5b-ba69-77a07160d943,1367614107,,,,,,,,,,,,,
12f9434e-d35a-47de-a362-855629424045-131,c041b75c-f53c-4c5b-ba69-77a07160d943,1367617707,,,,,,,,,,,,,
c32c5899-d7c6-4be3-bc14-4d32c3cf182b-64,c041b75c-f53c-4c5b-ba69-77a07160d943,1367603307,,,,,,,,,,,,,
7ca0481f-f70b-4248-9f9e-c863322d4cd3-313,c041b75c-f53c-4c5b-ba69-77a07160d943,1367592507,,,,,,,,,,,,,
2c8a352e-94f9-4648-90ff-31b4bde3feef-222,c041b75c-f53c-4c5b-ba69-77a07160d943,1367581707,,,,,,,,,,,,,
64bb3d5b-d9e1-46ae-ae34-10745bc70bec-36,c041b75c-f53c-4c5b-ba69-77a07160d943,1367560107,,,,,,,,,,,,,
9e825bc4-1265-4d05-b889-00073d41bcd5-141,c041b75c-f53c-4c5b-ba69-77a07160d943,1367606907,,,,,,,,,,,,,
02519a94-0e56-4ec5-8edd-bdef5d2bc3b9-105,c041b75c-f53c-4c5b-ba69-77a07160d943,1367599707,,,,,,,,,,,,,
8a7bca59-f53e-4790-a0df-c5c621a6bb04-81,c041b75c-f53c-4c5b-ba69-77a07160d943,1367570907,,,,,,,,,,,,,
cef4eb96-9843-4fb9-9b99-84ec15a5f9d2-114,c041b75c-f53c-4c5b-ba69-77a07160d943,1367588907,,,,,,,,,,,,,
44c374cd-9725-41da-8677-49c45dfb9c20-36,c041b75c-f53c-4c5b-ba69-77a07160d943,1367610507,,,,,,,,,,,,,
c4b6f6a5-b653-4b3f-81ae-3b22b2bd92ec-327,c041b75c-f53c-4c5b-ba69-77a07160d943,1367621307,,,,,,,,,,,,,
46f39e59-bc85-4ab5-88af-3d9ebb910bbe-80,c041b75c-f53c-4c5b-ba69-77a07160d943,1367578107,,,,,,,,,,,,,
9bc2535e-9c7a-4572-8123-68b82e363932-79,c041b75c-f53c-4c5b-ba69-77a07160d943,1367563707,,,,,,,,,,,,,
baac9253-ae9e-4410-b166-290d44fa0140-37,c041b75c-f53c-4c5b-ba69-77a07160d943,1367574507,,,,,,,,,,,,,
83318944-d0ed-47e8-81d7-0e5097d8afee-103,c041b75c-f53c-4c5b-ba69-77a07160d943,1367624907,,,,,,,,,,,,,
44a124ac-9c13-431f-b2ab-d3ec49a1afe5-18,c041b75c-f53c-4c5b-ba69-77a07160d943,1367628507,,,,,,,,,,,,,
0de75ee7-aded-40f3-bd46-dfb9a8003c2c-75,c041b75c-f53c-4c5b-ba69-77a07160d943,1367632107,,,,,,,,,,,,,
4ed621bb-24c4-46ea-a7c5-8f41ac0c287a-52,c041b75c-f53c-4c5b-ba69-77a07160d943,1367635707,,,,,,,,,,,,,
92561e0e-186b-41e2-a53c-37562ee2731e-72,c041b75c-f53c-4c5b-ba69-77a07160d943,1367639307,,,,,,,,,,,,,
03808270-9ac6-45f7-b94a-d93910372976-44,c041b75c-f53c-4c5b-ba69-77a07160d943,1367642907,,,,,,,,,,,,,
e54360cb-ddc1-481d-bedc-4279153ae889-79,c041b75c-f53c-4c5b-ba69-77a07160d943,1367727053,,,,,,,,,,,,,
ad7babf7-e1cb-43e6-8edd-08f8fb6aa76b-58,c041b75c-f53c-4c5b-ba69-77a07160d943,1367730653,,,,,,,,,,,,,
1f20a29f-98e5-4dcf-823f-192c3228b406-91,c041b75c-f53c-4c5b-ba69-77a07160d943,1367806253,,,,,,,,,,,,,
0d22fa7c-0156-4b20-92ce-cd4a9831f2a9-34,c041b75c-f53c-4c5b-ba69-77a07160d943,1367748653,,,,,,,,,,,,,
6f6f1403-8979-4d60-ab94-b0d5a94d0876-161,c041b75c-f53c-4c5b-ba69-77a07160d943,1367795453,,,,,,,,,,,,,
93adcacb-8b70-420e-b549-2726239ce40b-36,c041b75c-f53c-4c5b-ba69-77a07160d943,1367777453,,,,,,,,,,,,,
90998dca-2d17-47df-b3f8-d0307109fbc4-135,c041b75c-f53c-4c5b-ba69-77a07160d943,1367809853,,,,,,,,,,,,,
f1917879-ea0f-4eac-a5ae-dec37e1215b1-74,c041b75c-f53c-4c5b-ba69-77a07160d943,1367766653,,,,,,,,,,,,,
064781e6-7756-495c-b738-b3e6c989cc9e-88,c041b75c-f53c-4c5b-ba69-77a07160d943,1367802653,,,,,,,,,,,,,
c1ebf77f-0855-4f20-9fa1-924de6c2b213-74,c041b75c-f53c-4c5b-ba69-77a07160d943,1367773853,,,,,,,,,,,,,
982d028a-43f8-4337-83ab-5f426f9912cc-35,c041b75c-f53c-4c5b-ba69-77a07160d943,1367734253,,,,,,,,,,,,,
1f6ad182-ebe6-4369-a9ba-9f2176850832-97,c041b75c-f53c-4c5b-ba69-77a07160d943,1367813453,,,,,,,,,,,,,
dd450ef1-5050-4fa8-85e6-1271aa84be84-74,c041b75c-f53c-4c5b-ba69-77a07160d943,1367737853,,,,,,,,,,,,,
2bb83c6f-3555-4454-8061-defb1a5effaf-598,c041b75c-f53c-4c5b-ba69-77a07160d943,1367799053,,,,,,,,,,,,,
64fb3e5a-6f58-4b24-8931-ba2b749e5fbd-73,c041b75c-f53c-4c5b-ba69-77a07160d943,1367781053,,,,,,,,,,,,,
37973731-4817-440a-8b4f-dcb0a7e56413-75,c041b75c-f53c-4c5b-ba69-77a07160d943,1367752253,,,,,,,,,,,,,
f261a889-06b4-4029-b416-6c8dfb2e027b-35,c041b75c-f53c-4c5b-ba69-77a07160d943,1367755853,,,,,,,,,,,,,
080f1f7f-7be3-47c0-9f0c-276a57a2deed-37,c041b75c-f53c-4c5b-ba69-77a07160d943,1367770253,,,,,,,,,,,,,
0742f8ec-1147-461f-8673-46fe37b1565f-76,c041b75c-f53c-4c5b-ba69-77a07160d943,1367745053,,,,,,,,,,,,,
2d8ae961-89b2-44bc-a41b-31d302eea445-74,c041b75c-f53c-4c5b-ba69-77a07160d943,1367788253,,,,,,,,,,,,,
a09799a2-800b-448b-9253-1cd9ba581471-174,c041b75c-f53c-4c5b-ba69-77a07160d943,1367791853,,,,,,,,,,,,,
d31ae730-0b74-4332-a63a-d05c8fe3909b-33,c041b75c-f53c-4c5b-ba69-77a07160d943,1367763053,,,,,,,,,,,,,
ae675b12-6755-47e7-be2d-68d42fff4efd-74,c041b75c-f53c-4c5b-ba69-77a07160d943,1367759453,,,,,,,,,,,,,
8e06a3fd-cb6d-406d-af60-60e90156db84-33,c041b75c-f53c-4c5b-ba69-77a07160d943,1367741453,,,,,,,,,,,,,
b949696e-67a3-446e-9a9f-847e2828291c-35,c041b75c-f53c-4c5b-ba69-77a07160d943,1367784653,,,,,,,,,,,,,
d90dec23-52a5-465e-91f9-28d37c8f61a9-105,c041b75c-f53c-4c5b-ba69-77a07160d943,1367817053,,,,,,,,,,,,,
e6091e3d-0f9c-4f93-92ed-f657a24df17b-146,c041b75c-f53c-4c5b-ba69-77a07160d943,1367820653,,,,,,,,,,,,,
d655fe2f-f32c-4599-8c85-bebefb399767-87,c041b75c-f53c-4c5b-ba69-77a07160d943,1368323935,,,,,,,,,,,,,
1b95ae17-ff5c-41a1-8c22-cada4658e679-72,c041b75c-f53c-4c5b-ba69-77a07160d943,1368327535,,,,,,,,,,,,,
8c6462d3-1d9e-40f8-8faf-23af044c9f8a-246,c041b75c-f53c-4c5b-ba69-77a07160d943,1368398421,,,,,,,,,,,,,
0d51e707-44af-4913-9cfd-e0538071ba5f-90,c041b75c-f53c-4c5b-ba69-77a07160d943,1368331135,,,,,,,,,,,,,
fdaed222-989d-4604-8438-e982ab9e0734-52,c041b75c-f53c-4c5b-ba69-77a07160d943,1368402021,,,,,,,,,,,,,
bccad52a-029a-409f-8421-05bfe670a8c0-71,c041b75c-f53c-4c5b-ba69-77a07160d943,1368405621,,,,,,,,,,,,,
37270c1c-f01d-40b0-b02d-20eb7f58dae8-74,c041b75c-f53c-4c5b-ba69-77a07160d943,1368409221,,,,,,,,,,,,,
bc7ebebd-838d-4d31-bcbf-1f9ac0116a51-76,c041b75c-f53c-4c5b-ba69-77a07160d943,1368412821,,,,,,,,,,,,,
d76f4599-726a-4567-8375-8d15e118aec9-75,c041b75c-f53c-4c5b-ba69-77a07160d943,1368416421,,,,,,,,,,,,,
5757ab50-a438-497d-bc51-a887236a936c-88,c041b75c-f53c-4c5b-ba69-77a07160d943,1368583843,,,,,,,,,,,,,
94b9b966-b8c5-4e95-87e7-a02d171bdd09-27,c041b75c-f53c-4c5b-ba69-77a07160d943,1368587443,,,,,,,,,,,,,
8b13c621-088b-4c0c-9522-19c9a22ba660-24,c041b75c-f53c-4c5b-ba69-77a07160d943,1368591043,,,,,,,,,,,,,
fecd8936-593d-4bd0-83b8-3b0bfa93ba23-24,c041b75c-f53c-4c5b-ba69-77a07160d943,1368594643,,,,,,,,,,,,,
f9bd517c-7cfe-4c91-bd32-8260e33123fa-149,c041b75c-f53c-4c5b-ba69-77a07160d943,1368833449,,,,,,,,,,,,,
daeda75a-5f0f-476a-b41d-ed88180a40a0-78,c041b75c-f53c-4c5b-ba69-77a07160d943,1368626577,,,,,,,,,,,,,
6937fde1-a218-4196-a5c3-78f5f31d428b-69,c041b75c-f53c-4c5b-ba69-77a07160d943,1368837049,,,,,,,,,,,,,
5e0f46e7-f633-4a5a-911e-a131655bdc0c-68,c041b75c-f53c-4c5b-ba69-77a07160d943,1368840649,,,,,,,,,,,,,
fa717586-2bfc-45e2-89cb-52be8dc622be-193,c041b75c-f53c-4c5b-ba69-77a07160d943,1368844249,,,,,,,,,,,,,
1f6ac9f1-4e6b-47df-ab4b-5e914695809e-48,c041b75c-f53c-4c5b-ba69-77a07160d943,1368880249,,,,,,,,,,,,,
01f773f2-0f61-4c48-8490-be79cdf4fe42-46,c041b75c-f53c-4c5b-ba69-77a07160d943,1368862249,,,,,,,,,,,,,
7d3e22e2-9e6e-4200-8dd9-a06a3fddb9bf-51,c041b75c-f53c-4c5b-ba69-77a07160d943,1368865849,,,,,,,,,,,,,
1750ca4d-b45a-4419-8c86-9f202fb57f6f-52,c041b75c-f53c-4c5b-ba69-77a07160d943,1368869449,,,,,,,,,,,,,
5106e07d-5c0e-47fc-a282-a6839b74814d-46,c041b75c-f53c-4c5b-ba69-77a07160d943,1368876649,,,,,,,,,,,,,
413f0983-a8bc-4567-bdf4-1b9893e23845-46,c041b75c-f53c-4c5b-ba69-77a07160d943,1368887449,,,,,,,,,,,,,
d13b8726-7a90-40e4-8a97-54ffd2368ae9-177,c041b75c-f53c-4c5b-ba69-77a07160d943,1368847849,,,,,,,,,,,,,
b40033b2-7fc2-42ad-8ec4-3598036d1224-169,c041b75c-f53c-4c5b-ba69-77a07160d943,1368851449,,,,,,,,,,,,,
732b91d6-fa03-480c-a267-806bcd4c88ca-196,c041b75c-f53c-4c5b-ba69-77a07160d943,1368855049,,,,,,,,,,,,,
f6d90494-78db-4aee-8d9e-d2fff20c7717-46,c041b75c-f53c-4c5b-ba69-77a07160d943,1368873049,,,,,,,,,,,,,
380aeaf1-40b3-4d52-9a4a-59bd52306395-53,c041b75c-f53c-4c5b-ba69-77a07160d943,1368883849,,,,,,,,,,,,,
026dbd1e-dbdc-4497-8e9c-3b27c7f74ec8-190,c041b75c-f53c-4c5b-ba69-77a07160d943,1368858649,,,,,,,,,,,,,
bb8b9d4e-019c-40d0-b3e3-4e5490c0a0c6-88,c041b75c-f53c-4c5b-ba69-77a07160d943,1368898249,,,,,,,,,,,,,
d2583de3-6915-43b3-bb3b-698dc8feb775-63,c041b75c-f53c-4c5b-ba69-77a07160d943,1368901849,,,,,,,,,,,,,
c0aaa205-a4ed-45f9-81c6-0fb74e8456ce-48,c041b75c-f53c-4c5b-ba69-77a07160d943,1368891049,,,,,,,,,,,,,
c6f826d9-6291-43e6-a2c9-1d663b1de50c-125,c041b75c-f53c-4c5b-ba69-77a07160d943,1368905449,,,,,,,,,,,,,
a10acab8-1355-418a-ba2a-fb4cea63f8f7-46,c041b75c-f53c-4c5b-ba69-77a07160d943,1368894649,,,,,,,,,,,,,
a5a97842-5382-45ef-831f-ec604b3a899e-133,c041b75c-f53c-4c5b-ba69-77a07160d943,1368931058,,,,,,,,,,,,,
a5a97842-5382-45ef-831f-ec604b3a899e-198,c041b75c-f53c-4c5b-ba69-77a07160d943,1368935307,,,,,,,,,,,,,
b50fa65a-c883-4750-8fac-70d2b78193bd-135,c041b75c-f53c-4c5b-ba69-77a07160d943,1368909049,,,,,,,,,,,,,
64565cd2-cbc8-446f-abb6-1203949427fc-51,c041b75c-f53c-4c5b-ba69-77a07160d943,1368938907,,,,,,,,,,,,,
67c1fd32-b704-46ff-aacb-337d016b2f58-50,c041b75c-f53c-4c5b-ba69-77a07160d943,1368942507,,,,,,,,,,,,,
39bab6ec-1b91-4d8e-a28e-3db2de918592-51,c041b75c-f53c-4c5b-ba69-77a07160d943,1368946107,,,,,,,,,,,,,
e49cd679-9cf1-452e-9ad6-ca148adfaea2-48,c041b75c-f53c-4c5b-ba69-77a07160d943,1368949707,,,,,,,,,,,,,
4573c9f1-56f5-4eef-a0cd-f8b561c1e38f-48,c041b75c-f53c-4c5b-ba69-77a07160d943,1368953307,,,,,,,,,,,,,
01837ce7-f7c5-4b49-92a2-f1f43a0f73dd-48,c041b75c-f53c-4c5b-ba69-77a07160d943,1368956907,,,,,,,,,,,,,
d98dd416-b54f-443b-ac54-63db46fa057b-49,c041b75c-f53c-4c5b-ba69-77a07160d943,1368960507,,,,,,,,,,,,,
a7ba26f8-df7b-4a9c-bf0a-043dff7dbdc0-48,c041b75c-f53c-4c5b-ba69-77a07160d943,1368964107,,,,,,,,,,,,,
133fbde5-0950-4be2-a56f-11ed5ddd8945-49,c041b75c-f53c-4c5b-ba69-77a07160d943,1368967707,,,,,,,,,,,,,
65a56046-7908-45f8-a20d-14debad75026-52,c041b75c-f53c-4c5b-ba69-77a07160d943,1368971307,,,,,,,,,,,,,
334ede1f-2d78-4029-a683-0694e73ef9d3-52,c041b75c-f53c-4c5b-ba69-77a07160d943,1368974907,,,,,,,,,,,,,
b44e53f6-7dc6-4990-80fb-44e5c3765d35-52,c041b75c-f53c-4c5b-ba69-77a07160d943,1368978507,,,,,,,,,,,,,
f0714aa0-44fe-4691-b2c7-171a5fb32e28-70,c041b75c-f53c-4c5b-ba69-77a07160d943,1368982107,,,,,,,,,,,,,
7f9c64e1-5961-46ba-97b3-1a9cb8754326-49,c041b75c-f53c-4c5b-ba69-77a07160d943,1369014507,,,,,,,,,,,,,
4eabe63d-db2a-43f1-a292-fca4ee7e89d5-58,c041b75c-f53c-4c5b-ba69-77a07160d943,1368996507,,,,,,,,,,,,,
2407b53a-efc8-479d-929f-81b85e2f7d25-54,c041b75c-f53c-4c5b-ba69-77a07160d943,1368985707,,,,,,,,,,,,,
5eb887b8-4dc5-4fb4-9adc-231537dab50e-58,c041b75c-f53c-4c5b-ba69-77a07160d943,1368992907,,,,,,,,,,,,,
f6e5ef08-26a1-4936-8233-69857b2d57d7-61,c041b75c-f53c-4c5b-ba69-77a07160d943,1369010907,,,,,,,,,,,,,
fec8450c-9dea-4fa6-9735-ae8ff8efd435-52,c041b75c-f53c-4c5b-ba69-77a07160d943,1369018107,,,,,,,,,,,,,
1f92b278-f8ad-416a-8a7c-c3815a6febe3-48,c041b75c-f53c-4c5b-ba69-77a07160d943,1369021707,,,,,,,,,,,,,
bb9c4bfb-3d64-4020-a66c-0082dc5ce553-57,c041b75c-f53c-4c5b-ba69-77a07160d943,1369003707,,,,,,,,,,,,,
cce4c71e-3918-4f34-9524-f73a5bb94a78-61,c041b75c-f53c-4c5b-ba69-77a07160d943,1369007307,,,,,,,,,,,,,
ca70e7fd-edd5-4659-baa0-f98b30296540-32,c041b75c-f53c-4c5b-ba69-77a07160d943,1368989307,,,,,,,,,,,,,
d300eedf-b046-4aed-b49b-ad440f1000c2-59,c041b75c-f53c-4c5b-ba69-77a07160d943,1369000107,,,,,,,,,,,,,
6fd81c3a-803c-43f4-b7a4-e3b20568b70e-48,c041b75c-f53c-4c5b-ba69-77a07160d943,1369025307,,,,,,,,,,,,,
05c45978-5f98-42d6-83b8-6310da0a137d-48,c041b75c-f53c-4c5b-ba69-77a07160d943,1369028907,,,,,,,,,,,,,
435469a5-de3a-41fb-b1e7-df6971779af5-50,c041b75c-f53c-4c5b-ba69-77a07160d943,1369032507,,,,,,,,,,,,,
d4a97db5-b71c-48c2-af54-078f6a1c44af-51,c041b75c-f53c-4c5b-ba69-77a07160d943,1369036107,,,,,,,,,,,,,
c4de8af7-8c14-4332-8503-89820da53fad-51,c041b75c-f53c-4c5b-ba69-77a07160d943,1369039707,,,,,,,,,,,,,
c9927b9b-6eb0-4f2c-b688-8105fb4b3ed0-50,c041b75c-f53c-4c5b-ba69-77a07160d943,1369043307,,,,,,,,,,,,,
25fc0717-f983-4d00-b373-441508c4b7b8-48,c041b75c-f53c-4c5b-ba69-77a07160d943,1369046907,,,,,,,,,,,,,
25f180af-0dda-4a9f-ad06-3ec4ce6d7c11-48,c041b75c-f53c-4c5b-ba69-77a07160d943,1369050507,,,,,,,,,,,,,
6f54c9ae-16f2-4256-a640-d0bcae7e6ed8-48,c041b75c-f53c-4c5b-ba69-77a07160d943,1369054107,,,,,,,,,,,,,
8416c418-3085-40b5-b1c8-096154f87a90-48,c041b75c-f53c-4c5b-ba69-77a07160d943,1369057707,,,,,,,,,,,,,
324f894c-ba2a-4751-bc5b-5cf529c6ec51-51,c041b75c-f53c-4c5b-ba69-77a07160d943,1369061307,,,,,,,,,,,,,
21aeffd3-958e-45ca-a180-2c89207e8a91-52,c041b75c-f53c-4c5b-ba69-77a07160d943,1369064907,,,,,,,,,,,,,
5e97ad5b-cebc-427d-82e7-981172dcd35f-50,c041b75c-f53c-4c5b-ba69-77a07160d943,1369068507,,,,,,,,,,,,,
62d92fb5-4129-4b7d-ae0b-72a944a8c6de-76,c041b75c-f53c-4c5b-ba69-77a07160d943,1369090107,,,,,,,,,,,,,
5ea1669b-7b87-4652-9ba5-3d9c48b7fc6b-94,c041b75c-f53c-4c5b-ba69-77a07160d943,1369086507,,,,,,,,,,,,,
13340e28-a3fd-4e6f-907d-7fb30f0be7d8-75,c041b75c-f53c-4c5b-ba69-77a07160d943,1369104507,,,,,,,,,,,,,
455dfb56-ac30-4858-a6f3-4e3f09ee4dfa-67,c041b75c-f53c-4c5b-ba69-77a07160d943,1369108107,,,,,,,,,,,,,
fca5cb9a-eabe-4efd-baa8-c7512e1597c5-96,c041b75c-f53c-4c5b-ba69-77a07160d943,1369093707,,,,,,,,,,,,,
ce2ae190-6221-49a1-b02c-97d86b9b4029-32,c041b75c-f53c-4c5b-ba69-77a07160d943,1369097307,,,,,,,,,,,,,
4c5306a9-af5f-4785-bca7-52fe6f7026a5-62,c041b75c-f53c-4c5b-ba69-77a07160d943,1369079307,,,,,,,,,,,,,
2d451c1e-0718-44f1-b5c0-2bacbbd12699-76,c041b75c-f53c-4c5b-ba69-77a07160d943,1369100907,,,,,,,,,,,,,
c934065a-77ea-467c-9007-6992b92ba2ee-24,c041b75c-f53c-4c5b-ba69-77a07160d943,1369075707,,,,,,,,,,,,,
2f1dc512-697c-4b06-8f3f-f1113ca87c33-60,c041b75c-f53c-4c5b-ba69-77a07160d943,1369111707,,,,,,,,,,,,,
93e32890-9d0c-4c37-83cd-faefcb5cbbc8-60,c041b75c-f53c-4c5b-ba69-77a07160d943,1369082907,,,,,,,,,,,,,
8468b46b-c523-4fd6-a16d-04830acaa904-50,c041b75c-f53c-4c5b-ba69-77a07160d943,1369072107,,,,,,,,,,,,,
36b5ce68-1b56-4654-afa6-9a541d9c88e0-48,c041b75c-f53c-4c5b-ba69-77a07160d943,1369115307,,,,,,,,,,,,,
dda568fd-da26-4c57-960b-60232db4830c-49,c041b75c-f53c-4c5b-ba69-77a07160d943,1369118907,,,,,,,,,,,,,
6a6deaa0-f780-4210-9f76-0a6eff6d1901-48,c041b75c-f53c-4c5b-ba69-77a07160d943,1369122507,,,,,,,,,,,,,
8bee27dc-c1a3-4f22-8b01-2d2df64622f7-48,c041b75c-f53c-4c5b-ba69-77a07160d943,1369126107,,,,,,,,,,,,,
87ac2fcb-0393-4dcb-8eea-e1f53dccc332-48,c041b75c-f53c-4c5b-ba69-77a07160d943,1369129707,,,,,,,,,,,,,
f8fbcbec-adc6-46fe-8c36-3b7f0f27db1d-50,c041b75c-f53c-4c5b-ba69-77a07160d943,1369133307,,,,,,,,,,,,,
aca42f12-0033-41bb-b8ca-c838ca32435c-49,c041b75c-f53c-4c5b-ba69-77a07160d943,1369136907,,,,,,,,,,,,,
e43ba61f-4aac-400c-99ae-5cc7b68ecf27-48,c041b75c-f53c-4c5b-ba69-77a07160d943,1369140507,,,,,,,,,,,,,
1bbd3b10-b22e-4cf0-99fb-9b00c6636fb3-48,c041b75c-f53c-4c5b-ba69-77a07160d943,1369144107,,,,,,,,,,,,,
ece49507-9870-48e5-8e8c-6c13ea83c383-55,c041b75c-f53c-4c5b-ba69-77a07160d943,1369147707,,,,,,,,,,,,,
68abf413-e352-411d-90e7-db7ecf4e031c-63,c041b75c-f53c-4c5b-ba69-77a07160d943,1369158507,,,,,,,,,,,,,
84e3b69f-816f-4e5a-a1e7-dd1bfa776bc4-108,c041b75c-f53c-4c5b-ba69-77a07160d943,1369187307,,,,,,,,,,,,,
4cd12a62-60d5-4575-9e2e-1dccabc5db7e-58,c041b75c-f53c-4c5b-ba69-77a07160d943,1369169307,,,,,,,,,,,,,
58cb0669-fa8a-4948-a7d9-040cc5580406-56,c041b75c-f53c-4c5b-ba69-77a07160d943,1369165707,,,,,,,,,,,,,
c1c11348-528b-443f-a4f7-0fb606a51350-59,c041b75c-f53c-4c5b-ba69-77a07160d943,1369162107,,,,,,,,,,,,,
5d6457e2-6206-47c1-b804-ab5214f98385-57,c041b75c-f53c-4c5b-ba69-77a07160d943,1369172907,,,,,,,,,,,,,
738c8f0d-51e7-4060-939a-eef907c9831d-154,c041b75c-f53c-4c5b-ba69-77a07160d943,1369154907,,,,,,,,,,,,,
5f9cdc13-8684-4bf4-9159-c68cb5203636-83,c041b75c-f53c-4c5b-ba69-77a07160d943,1369180107,,,,,,,,,,,,,
c740f952-4682-4356-b919-46643923a080-55,c041b75c-f53c-4c5b-ba69-77a07160d943,1369176507,,,,,,,,,,,,,
74976308-484a-4000-9b1c-48dd7e485e03-52,c041b75c-f53c-4c5b-ba69-77a07160d943,1369151307,,,,,,,,,,,,,
2d028208-b7aa-4fcc-b2b3-55469a601e27-69,c041b75c-f53c-4c5b-ba69-77a07160d943,1369183707,,,,,,,,,,,,,
9a3707d3-45ae-479b-a22b-eaca33842cda-82,c041b75c-f53c-4c5b-ba69-77a07160d943,1369192473,,,,,,,,,,,,,
a08682b5-e5bd-4ef3-8918-6613f6a7d161-49,c041b75c-f53c-4c5b-ba69-77a07160d943,1369196073,,,,,,,,,,,,,
15b6e261-3036-421d-a71a-b97f9d7c789c-45,c041b75c-f53c-4c5b-ba69-77a07160d943,1369199673,,,,,,,,,,,,,
f3c61541-2525-475b-932f-0aec00b4b800-47,c041b75c-f53c-4c5b-ba69-77a07160d943,1369203273,,,,,,,,,,,,,
b9a2700b-abd1-4707-ab6c-97d0f14113f1-45,c041b75c-f53c-4c5b-ba69-77a07160d943,1369206873,,,,,,,,,,,,,
b7a5538c-66a8-4390-a8b8-954d5fcbdab1-45,c041b75c-f53c-4c5b-ba69-77a07160d943,1369210473,,,,,,,,,,,,,
d143abbe-d9bf-49a1-aba7-8ca824b82d2e-45,c041b75c-f53c-4c5b-ba69-77a07160d943,1369214073,,,,,,,,,,,,,
90d7c04a-4c36-4824-96d0-f225a4ff0857-45,c041b75c-f53c-4c5b-ba69-77a07160d943,1369217673,,,,,,,,,,,,,
fa1b4233-d4e7-4901-af4a-37827f3a593c-45,c041b75c-f53c-4c5b-ba69-77a07160d943,1369221273,,,,,,,,,,,,,
c3d9ff27-5dd9-455e-895a-a076da01ec1d-45,c041b75c-f53c-4c5b-ba69-77a07160d943,1369224873,,,,,,,,,,,,,
4931ea91-200c-4708-bf22-b53afcd493bf-46,c041b75c-f53c-4c5b-ba69-77a07160d943,1369228473,,,,,,,,,,,,,
b391c431-7ac9-4557-8c56-73fa1cbbdc58-50,c041b75c-f53c-4c5b-ba69-77a07160d943,1369232073,,,,,,,,,,,,,
361313e0-7acf-4f60-9f6a-52a332aa7af1-47,c041b75c-f53c-4c5b-ba69-77a07160d943,1369235673,,,,,,,,,,,,,
b54751f4-f9df-4481-8076-7287fc02b239-54,c041b75c-f53c-4c5b-ba69-77a07160d943,1369239273,,,,,,,,,,,,,
57d47f8b-87cb-467e-999e-b21e62b6537d-70,c041b75c-f53c-4c5b-ba69-77a07160d943,1369271673,,,,,,,,,,,,,
41a65cde-fcd4-4f6b-8ec3-a68f2a006d3d-105,c041b75c-f53c-4c5b-ba69-77a07160d943,1369268073,,,,,,,,,,,,,
5b290cb5-c76b-4c6a-9145-4285b599a54c-61,c041b75c-f53c-4c5b-ba69-77a07160d943,1369264473,,,,,,,,,,,,,
c27a560e-46a8-4b82-adf5-8bf4230f8e74-60,c041b75c-f53c-4c5b-ba69-77a07160d943,1369253673,,,,,,,,,,,,,
e8704124-8ee9-4218-ac7c-86ce8ba3858b-70,c041b75c-f53c-4c5b-ba69-77a07160d943,1369278873,,,,,,,,,,,,,
75f025d7-e45d-4b39-af7c-3439868fc6e4-103,c041b75c-f53c-4c5b-ba69-77a07160d943,1369257273,,,,,,,,,,,,,
f3f8fe9f-2f99-447b-ad84-d0bbfefdd672-69,c041b75c-f53c-4c5b-ba69-77a07160d943,1369275273,,,,,,,,,,,,,
3c98b428-edcb-4fc8-85dc-31b739a1d380-85,c041b75c-f53c-4c5b-ba69-77a07160d943,1369260873,,,,,,,,,,,,,
2101aa1e-af1f-4974-8392-5a73f1b6b6c2-40,c041b75c-f53c-4c5b-ba69-77a07160d943,1369282473,,,,,,,,,,,,,
ac06cbf9-1bda-49f8-a794-5cc89f826a96-26,c041b75c-f53c-4c5b-ba69-77a07160d943,1369242873,,,,,,,,,,,,,
09888800-dbd9-4bbb-8d69-09e935abe88b-79,c041b75c-f53c-4c5b-ba69-77a07160d943,1369250073,,,,,,,,,,,,,
69afd1cf-6cc6-43f3-ac4e-cc3ff02011d6-156,c041b75c-f53c-4c5b-ba69-77a07160d943,1369246473,,,,,,,,,,,,,
89ab1bb6-0fee-46b0-a201-ff3af4bda963-47,c041b75c-f53c-4c5b-ba69-77a07160d943,1369286073,,,,,,,,,,,,,
ef8956a6-2cef-43b9-8a13-b905378b96fc-46,c041b75c-f53c-4c5b-ba69-77a07160d943,1369289673,,,,,,,,,,,,,
c6e06a3d-be3c-4889-9a7f-11ba20ff6d8b-48,c041b75c-f53c-4c5b-ba69-77a07160d943,1369293273,,,,,,,,,,,,,
f413332b-ee4c-4d2f-a2f7-dcda3b71c09a-47,c041b75c-f53c-4c5b-ba69-77a07160d943,1369296873,,,,,,,,,,,,,
e9c3c95c-20ea-4dc9-abba-91f16cc0412d-46,c041b75c-f53c-4c5b-ba69-77a07160d943,1369300473,,,,,,,,,,,,,
fccadccb-d387-4af1-a88f-2032a493202a-46,c041b75c-f53c-4c5b-ba69-77a07160d943,1369304073,,,,,,,,,,,,,
3776d4bc-a83e-456e-92aa-3d4d36f0539a-47,c041b75c-f53c-4c5b-ba69-77a07160d943,1369307673,,,,,,,,,,,,,
875ca008-3d36-41e6-9c0d-67d1d8dde83b-46,c041b75c-f53c-4c5b-ba69-77a07160d943,1369311273,,,,,,,,,,,,,
72254cb5-97b5-45c0-9fb7-d7505cf63fc3-46,c041b75c-f53c-4c5b-ba69-77a07160d943,1369314873,,,,,,,,,,,,,
88c0f41b-1fe8-47a6-a0df-2f961e6466e7-73,c041b75c-f53c-4c5b-ba69-77a07160d943,1369329273,,,,,,,,,,,,,
d6025d5f-bead-47cf-a5e5-cd30ec28fffd-46,c041b75c-f53c-4c5b-ba69-77a07160d943,1369368873,,,,,,,,,,,,,
270c7fc4-0262-4f67-916d-6d5b7504b2fc-76,c041b75c-f53c-4c5b-ba69-77a07160d943,1369347273,,,,,,,,,,,,,
b9b38342-c44d-406d-b90b-bbab8969338c-50,c041b75c-f53c-4c5b-ba69-77a07160d943,1369354473,,,,,,,,,,,,,
c2da915f-6027-4fab-b274-3302267c8913-69,c041b75c-f53c-4c5b-ba69-77a07160d943,1369325673,,,,,,,,,,,,,
416fe6ce-f8f0-4379-a5b0-fe0e42be8f7d-47,c041b75c-f53c-4c5b-ba69-77a07160d943,1369376073,,,,,,,,,,,,,
dac9083e-c1eb-460b-81b8-800b18ad4a5c-65,c041b75c-f53c-4c5b-ba69-77a07160d943,1369350873,,,,,,,,,,,,,
59c6be44-2ab8-4c37-8463-9b4c8a0ed4e4-59,c041b75c-f53c-4c5b-ba69-77a07160d943,1369343673,,,,,,,,,,,,,
65adeae2-9d92-409f-abbd-c553b079542a-58,c041b75c-f53c-4c5b-ba69-77a07160d943,1369361673,,,,,,,,,,,,,
3c45ecec-50ed-4d0e-8185-0c17604d574d-44,c041b75c-f53c-4c5b-ba69-77a07160d943,1369332873,,,,,,,,,,,,,
5f279fbd-5223-4601-9e05-a6b009cd2952-54,c041b75c-f53c-4c5b-ba69-77a07160d943,1369340073,,,,,,,,,,,,,
58dd2a89-6f20-449b-9384-8ff836613367-47,c041b75c-f53c-4c5b-ba69-77a07160d943,1369358073,,,,,,,,,,,,,
4a40fcfc-e95e-424b-bbf4-92ea4b0cf8e0-53,c041b75c-f53c-4c5b-ba69-77a07160d943,1369336473,,,,,,,,,,,,,
571df70a-18cd-4cba-8fa7-1a7c6ba2ccf5-49,c041b75c-f53c-4c5b-ba69-77a07160d943,1369372473,,,,,,,,,,,,,
0de61bf6-9a69-465e-87e0-f76a117299fd-46,c041b75c-f53c-4c5b-ba69-77a07160d943,1369318473,,,,,,,,,,,,,
af9785b2-e486-4b8b-93d5-ba1401e25cd2-175,c041b75c-f53c-4c5b-ba69-77a07160d943,1369322073,,,,,,,,,,,,,
42492890-2aa6-412a-a2af-702534914521-50,c041b75c-f53c-4c5b-ba69-77a07160d943,1369365273,,,,,,,,,,,,,
456d71cd-9059-4854-932f-475a71cb5e4f-46,c041b75c-f53c-4c5b-ba69-77a07160d943,1369397673,,,,,,,,,,,,,
b9c1ffb8-c439-473e-a9f6-ff3855a2cacb-98,c041b75c-f53c-4c5b-ba69-77a07160d943,1369415673,,,,,,,,,,,,,
247cee6a-491e-4418-9422-01502b6a04ec-45,c041b75c-f53c-4c5b-ba69-77a07160d943,1369404873,,,,,,,,,,,,,
4b405d3e-0d2c-43f2-a07f-3ede56d58437-157,c041b75c-f53c-4c5b-ba69-77a07160d943,1369408473,,,,,,,,,,,,,
508a5df0-5661-4095-a724-89bb012f1f0a-46,c041b75c-f53c-4c5b-ba69-77a07160d943,1369390473,,,,,,,,,,,,,
bce2d92a-864a-4b7b-9cb0-0d59c513058b-56,c041b75c-f53c-4c5b-ba69-77a07160d943,1369433673,,,,,,,,,,,,,
4674a135-e9fa-434d-9838-48257c221f46-52,c041b75c-f53c-4c5b-ba69-77a07160d943,1369426473,,,,,,,,,,,,,
d186e038-6d08-4145-a35d-55dd3b5ce44b-252,c041b75c-f53c-4c5b-ba69-77a07160d943,1369419273,,,,,,,,,,,,,
9853a628-f7d6-4777-9534-49e1d58d2008-45,c041b75c-f53c-4c5b-ba69-77a07160d943,1369386873,,,,,,,,,,,,,
0d328112-c120-4899-904a-e6842a9dfdba-57,c041b75c-f53c-4c5b-ba69-77a07160d943,1369430073,,,,,,,,,,,,,
ac063961-06ce-4558-84dc-98ac1f1db3ee-45,c041b75c-f53c-4c5b-ba69-77a07160d943,1369383273,,,,,,,,,,,,,
d0b7490d-444d-4d69-8344-ec1431a5ff03-82,c041b75c-f53c-4c5b-ba69-77a07160d943,1369422873,,,,,,,,,,,,,
5a712494-6468-4339-a22d-42fb7f06b118-45,c041b75c-f53c-4c5b-ba69-77a07160d943,1369394073,,,,,,,,,,,,,
3255938d-1025-40c7-a3b2-84173452e131-45,c041b75c-f53c-4c5b-ba69-77a07160d943,1369401273,,,,,,,,,,,,,
ebf22ec1-42f2-42d5-88f7-6b02e88eab86-45,c041b75c-f53c-4c5b-ba69-77a07160d943,1369379673,,,,,,,,,,,,,
b6b778a4-5171-453a-9298-06592c166827-607,c041b75c-f53c-4c5b-ba69-77a07160d943,1369412073,,,,,,,,,,,,,
61b743e0-60cb-4460-9875-bef9ede8e45d-47,c041b75c-f53c-4c5b-ba69-77a07160d943,1369469673,,,,,,,,,,,,,
7be06aa1-cf1c-4a95-a5f3-d01e595281f8-48,c041b75c-f53c-4c5b-ba69-77a07160d943,1369458873,,,,,,,,,,,,,
25383b75-c956-4695-8bf1-603b7a48b7c6-57,c041b75c-f53c-4c5b-ba69-77a07160d943,1369437273,,,,,,,,,,,,,
7c117246-5be2-40ae-878b-e786b1ab3562-45,c041b75c-f53c-4c5b-ba69-77a07160d943,1369484073,,,,,,,,,,,,,
119d907a-f0d6-41a6-a4e3-1fc18d79689d-87,c041b75c-f53c-4c5b-ba69-77a07160d943,1369440873,,,,,,,,,,,,,
2dc8e18d-7a2e-47a9-8290-f1464df61dd4-47,c041b75c-f53c-4c5b-ba69-77a07160d943,1369462473,,,,,,,,,,,,,
f3f7ea22-5ebd-4720-8469-889ff52e3336-47,c041b75c-f53c-4c5b-ba69-77a07160d943,1369476873,,,,,,,,,,,,,
3388a922-2b4b-4da1-92cf-ff0a28e68e73-55,c041b75c-f53c-4c5b-ba69-77a07160d943,1369455273,,,,,,,,,,,,,
b480d783-93ee-4a3f-a21b-3017db8f17dc-57,c041b75c-f53c-4c5b-ba69-77a07160d943,1369451673,,,,,,,,,,,,,
0cd4f42e-a3da-4ec0-8323-f0656abaab3c-47,c041b75c-f53c-4c5b-ba69-77a07160d943,1369473273,,,,,,,,,,,,,
ef34c549-0a8b-4c46-9df9-fba650c072df-61,c041b75c-f53c-4c5b-ba69-77a07160d943,1369444473,,,,,,,,,,,,,
144c55de-890e-493f-90ad-ce22a35991de-45,c041b75c-f53c-4c5b-ba69-77a07160d943,1369487673,,,,,,,,,,,,,
a6087e52-8282-499b-9f19-ebc4b72d0df9-47,c041b75c-f53c-4c5b-ba69-77a07160d943,1369480473,,,,,,,,,,,,,
99de01a3-d956-4287-b897-ecb6518d80a7-46,c041b75c-f53c-4c5b-ba69-77a07160d943,1369494873,,,,,,,,,,,,,
910c5349-d3ae-4726-bfb9-890cf6ddc3bc-46,c041b75c-f53c-4c5b-ba69-77a07160d943,1369466073,,,,,,,,,,,,,
5ecdf23d-73ca-49b3-8ded-5e3cbc1a30b3-58,c041b75c-f53c-4c5b-ba69-77a07160d943,1369448073,,,,,,,,,,,,,
4a22859a-4001-42cb-9466-c9b434cdf8d9-46,c041b75c-f53c-4c5b-ba69-77a07160d943,1369491273,,,,,,,,,,,,,
0378d92e-294d-4629-94f2-7f6d68a9859f-46,c041b75c-f53c-4c5b-ba69-77a07160d943,1369548873,,,,,,,,,,,,,
0ff1e500-6871-4f52-ba68-da8e3c68ecd2-45,c041b75c-f53c-4c5b-ba69-77a07160d943,1369498473,,,,,,,,,,,,,
398f9dc2-e33d-41fc-8980-2309eee0a465-113,c041b75c-f53c-4c5b-ba69-77a07160d943,1369541673,,,,,,,,,,,,,
655f403b-e703-420e-9cd6-238a54046ed0-60,c041b75c-f53c-4c5b-ba69-77a07160d943,1369534473,,,,,,,,,,,,,
c57b23ee-6f5d-4e03-af2d-63c718954b63-73,c041b75c-f53c-4c5b-ba69-77a07160d943,1369516473,,,,,,,,,,,,,
524ecf1e-8aaf-45ce-a972-41d07f2fcb26-48,c041b75c-f53c-4c5b-ba69-77a07160d943,1369509273,,,,,,,,,,,,,
7f679180-ed3d-4281-b55d-380dfeb04e6f-45,c041b75c-f53c-4c5b-ba69-77a07160d943,1369502073,,,,,,,,,,,,,
ae3606b0-6311-4151-ab00-1027a3e93fb0-57,c041b75c-f53c-4c5b-ba69-77a07160d943,1369530873,,,,,,,,,,,,,
84b15315-bb2f-430d-a447-f331300f93d3-69,c041b75c-f53c-4c5b-ba69-77a07160d943,1369523673,,,,,,,,,,,,,
a78ac399-324f-428c-914c-bc2b421c2bce-45,c041b75c-f53c-4c5b-ba69-77a07160d943,1369545273,,,,,,,,,,,,,
8e9a3dd3-47a4-42ef-9a87-2d1e43b9b2ec-60,c041b75c-f53c-4c5b-ba69-77a07160d943,1369527273,,,,,,,,,,,,,
3f56097b-25bf-4c46-b655-12434c96dfd0-115,c041b75c-f53c-4c5b-ba69-77a07160d943,1369512873,,,,,,,,,,,,,
52217103-ba4d-4ec0-b4d5-14d78d6225ad-49,c041b75c-f53c-4c5b-ba69-77a07160d943,1369538073,,,,,,,,,,,,,
1a577897-35a2-4a50-acb7-0c833d9b08de-47,c041b75c-f53c-4c5b-ba69-77a07160d943,1369505673,,,,,,,,,,,,,
7fa4820c-7644-4a8a-a2de-a10dcfe0f4f9-69,c041b75c-f53c-4c5b-ba69-77a07160d943,1369520073,,,,,,,,,,,,,
6c4c0a3e-401d-4d1c-99b5-ea491571e9c5-75,c041b75c-f53c-4c5b-ba69-77a07160d943,1369599273,,,,,,,,,,,,,
8a3ebcfd-4328-4ff8-9ba4-9d9b18419486-54,c041b75c-f53c-4c5b-ba69-77a07160d943,1369764873,,,,,,,,,,,,,
2e15d935-873e-4551-a92b-b4e7d25c285d-45,c041b75c-f53c-4c5b-ba69-77a07160d943,1369570473,,,,,,,,,,,,,
ede91860-3384-4745-ad01-37caaeed2f04-74,c041b75c-f53c-4c5b-ba69-77a07160d943,1369592073,,,,,,,,,,,,,
a1b283b6-ee74-47a8-9905-77ec57f32243-48,c041b75c-f53c-4c5b-ba69-77a07160d943,1369588473,,,,,,,,,,,,,
c76ab371-ec29-4b8b-ad45-e5b05e831b64-74,c041b75c-f53c-4c5b-ba69-77a07160d943,1369595673,,,,,,,,,,,,,
e4bed234-821f-48df-9ee6-5dacb1900ac3-45,c041b75c-f53c-4c5b-ba69-77a07160d943,1369577673,,,,,,,,,,,,,
d83808dc-104f-428e-8438-e306dcfeb935-45,c041b75c-f53c-4c5b-ba69-77a07160d943,1369559673,,,,,,,,,,,,,
0d543fac-f6a9-4a38-af87-42bb3ebf6af5-45,c041b75c-f53c-4c5b-ba69-77a07160d943,1369574073,,,,,,,,,,,,,
a75619f6-43ec-4152-ba94-ef0f5c20b803-47,c041b75c-f53c-4c5b-ba69-77a07160d943,1369584873,,,,,,,,,,,,,
15918615-5e2b-4889-9e62-74c6b4391b1f-45,c041b75c-f53c-4c5b-ba69-77a07160d943,1369566873,,,,,,,,,,,,,
356bf5db-9e5d-41c0-a549-70351bb159b2-45,c041b75c-f53c-4c5b-ba69-77a07160d943,1369563273,,,,,,,,,,,,,
77b4e741-3ea4-43e8-b430-2e2190ee5781-45,c041b75c-f53c-4c5b-ba69-77a07160d943,1369552473,,,,,,,,,,,,,
8f271d15-68b9-4590-95ff-d68a00f74e8d-86,c041b75c-f53c-4c5b-ba69-77a07160d943,1369602873,,,,,,,,,,,,,
c2348121-be5c-4757-a6c9-7ba3333f45d9-45,c041b75c-f53c-4c5b-ba69-77a07160d943,1369556073,,,,,,,,,,,,,
d03a4236-9015-4732-9bf0-583148f6c061-45,c041b75c-f53c-4c5b-ba69-77a07160d943,1369581273,,,,,,,,,,,,,
e37bca4e-9fa7-4a51-9b30-e1a24ab22a2e-79,c041b75c-f53c-4c5b-ba69-77a07160d943,1369606473,,,,,,,,,,,,,
091a0a6f-0b18-41c5-a442-a696e8be7add-45,c041b75c-f53c-4c5b-ba69-77a07160d943,1369638873,,,,,,,,,,,,,
1b741058-1563-4155-acb3-c295d87d6e5d-58,c041b75c-f53c-4c5b-ba69-77a07160d943,1369617273,,,,,,,,,,,,,
2beb4a06-b516-4ee7-b24d-470b70f0ac83-77,c041b75c-f53c-4c5b-ba69-77a07160d943,1369610073,,,,,,,,,,,,,
5c6a7943-3e42-4617-b190-a268ec8b33dc-43,c041b75c-f53c-4c5b-ba69-77a07160d943,1369642473,,,,,,,,,,,,,
d5e369a2-49b0-4f1d-86a9-595ceec9e7c9-43,c041b75c-f53c-4c5b-ba69-77a07160d943,1369653273,,,,,,,,,,,,,
50095386-e8e5-4145-a538-c2e5f1c4093f-58,c041b75c-f53c-4c5b-ba69-77a07160d943,1369624473,,,,,,,,,,,,,
a57c01c4-6f51-481a-bcf8-72046f9336c3-48,c041b75c-f53c-4c5b-ba69-77a07160d943,1369635273,,,,,,,,,,,,,
4fed0ebd-74eb-4d78-94be-4600bf6212c8-56,c041b75c-f53c-4c5b-ba69-77a07160d943,1369620873,,,,,,,,,,,,,
97936318-a0e3-4659-81ff-95bef6da9971-43,c041b75c-f53c-4c5b-ba69-77a07160d943,1369646073,,,,,,,,,,,,,
d4f89780-17d3-4ce8-a0d8-648f3fb3d1d9-43,c041b75c-f53c-4c5b-ba69-77a07160d943,1369656873,,,,,,,,,,,,,
b6dad6ab-4830-453e-b859-a1b4f88346ca-54,c041b75c-f53c-4c5b-ba69-77a07160d943,1369631673,,,,,,,,,,,,,
f36b7d2b-8bfb-4167-86ed-6cd244c40449-43,c041b75c-f53c-4c5b-ba69-77a07160d943,1369649673,,,,,,,,,,,,,
60fbda88-4674-4f50-b4ce-215b241fb591-47,c041b75c-f53c-4c5b-ba69-77a07160d943,1369660473,,,,,,,,,,,,,
da4571c8-8f50-4f5f-9b37-19f998791d91-56,c041b75c-f53c-4c5b-ba69-77a07160d943,1369628073,,,,,,,,,,,,,
c2937d5e-c449-4be9-a189-4606994dd8a1-48,c041b75c-f53c-4c5b-ba69-77a07160d943,1369664073,,,,,,,,,,,,,
4fb32a71-c6b9-458d-985a-b94693d9c914-61,c041b75c-f53c-4c5b-ba69-77a07160d943,1369613673,,,,,,,,,,,,,
aa85e4b1-c942-46e6-90df-f5c73c0173de-63,c041b75c-f53c-4c5b-ba69-77a07160d943,1369710873,,,,,,,,,,,,,
422e62db-1a32-4de2-8d45-4c9a352aa7cb-65,c041b75c-f53c-4c5b-ba69-77a07160d943,1369707273,,,,,,,,,,,,,
ffc44a0e-3d0a-4f76-9842-855678e040fc-21,c041b75c-f53c-4c5b-ba69-77a07160d943,1369692873,,,,,,,,,,,,,
30e12a54-99b2-4c8a-874a-1eaf4526811a-76,c041b75c-f53c-4c5b-ba69-77a07160d943,1369685673,,,,,,,,,,,,,
c21b8755-6a00-482c-9ba7-03c9acdd9e3c-69,c041b75c-f53c-4c5b-ba69-77a07160d943,1369703673,,,,,,,,,,,,,
4c425e07-4869-48db-96c3-e00c60cdc3a7-67,c041b75c-f53c-4c5b-ba69-77a07160d943,1369678473,,,,,,,,,,,,,
3493ff64-acc8-454f-a4e7-d7a3b709f8bd-21,c041b75c-f53c-4c5b-ba69-77a07160d943,1369696473,,,,,,,,,,,,,
657b9522-79d6-4d6b-8d72-91657772f276-55,c041b75c-f53c-4c5b-ba69-77a07160d943,1369667673,,,,,,,,,,,,,
b1cb6540-d96d-4765-91a6-18b40b14d52d-99,c041b75c-f53c-4c5b-ba69-77a07160d943,1369714473,,,,,,,,,,,,,
e1400be2-56b6-4584-ad42-1ac770336955-133,c041b75c-f53c-4c5b-ba69-77a07160d943,1369700073,,,,,,,,,,,,,
165ffe10-f0dc-4bf1-9daa-a53f8e369861-57,c041b75c-f53c-4c5b-ba69-77a07160d943,1369671273,,,,,,,,,,,,,
b6c535f4-208f-41b5-ac9d-e3e720a15bae-21,c041b75c-f53c-4c5b-ba69-77a07160d943,1369682073,,,,,,,,,,,,,
795a2da8-4798-474c-a7ae-043e40661124-213,c041b75c-f53c-4c5b-ba69-77a07160d943,1369689273,,,,,,,,,,,,,
4fb56b96-063a-4c3c-9672-9036c0ac9d78-49,c041b75c-f53c-4c5b-ba69-77a07160d943,1369718073,,,,,,,,,,,,,
97239ae1-d113-474d-b026-552b67462db9-62,c041b75c-f53c-4c5b-ba69-77a07160d943,1369674873,,,,,,,,,,,,,
b3b7de9c-c780-4cc5-a834-e0312ca9270f-43,c041b75c-f53c-4c5b-ba69-77a07160d943,1369728873,,,,,,,,,,,,,
a4fc83d9-44a1-44f9-b2c0-7b7c1009423e-43,c041b75c-f53c-4c5b-ba69-77a07160d943,1369746873,,,,,,,,,,,,,
50410540-248b-4162-8c63-4da5c0c471e3-166,c041b75c-f53c-4c5b-ba69-77a07160d943,1369761273,,,,,,,,,,,,,
db61f0e0-4ade-4cbd-9b80-51e61643dae0-43,c041b75c-f53c-4c5b-ba69-77a07160d943,1369732473,,,,,,,,,,,,,
acf0c76e-80e7-4eca-bfac-171a7f2511b1-43,c041b75c-f53c-4c5b-ba69-77a07160d943,1369743273,,,,,,,,,,,,,
0f50f0f1-e473-4b98-aeca-fcfc68d39745-49,c041b75c-f53c-4c5b-ba69-77a07160d943,1369721673,,,,,,,,,,,,,
602ccb5a-2054-4e35-b0c8-a5e54c8b36e3-43,c041b75c-f53c-4c5b-ba69-77a07160d943,1369739673,,,,,,,,,,,,,
5c5943f2-97f9-4939-aa75-47592943a68e-43,c041b75c-f53c-4c5b-ba69-77a07160d943,1369736073,,,,,,,,,,,,,
f88e638d-3302-4d60-9e95-c7f36d324816-45,c041b75c-f53c-4c5b-ba69-77a07160d943,1369754073,,,,,,,,,,,,,
710195d0-beac-40b5-b3ce-74bd23eb1b6f-44,c041b75c-f53c-4c5b-ba69-77a07160d943,1369725273,,,,,,,,,,,,,
a2f45ed3-1de0-4f7b-9b65-bc418c3294e5-46,c041b75c-f53c-4c5b-ba69-77a07160d943,1369750473,,,,,,,,,,,,,
370b2c86-5e41-4abf-8e72-f4b14b1c192a-45,c041b75c-f53c-4c5b-ba69-77a07160d943,1369757673,,,,,,,,,,,,,
215d4d4b-b9ee-48f2-8ad0-39f8dc97fd6e-55,c041b75c-f53c-4c5b-ba69-77a07160d943,1369768473,,,,,,,,,,,,,
7302c50d-d001-4e6d-a153-98ed60b27cce-51,c041b75c-f53c-4c5b-ba69-77a07160d943,1369772073,,,,,,,,,,,,,
b1048dbf-7ad2-48a9-b4d0-0dba2e1200c6-64,c041b75c-f53c-4c5b-ba69-77a07160d943,1369779273,,,,,,,,,,,,,
4d50f726-4668-4e80-8b5e-af3348ba158a-182,c041b75c-f53c-4c5b-ba69-77a07160d943,1369775673,,,,,,,,,,,,,
64541197-14fe-4af5-95ad-50a78ab481dd-87,c041b75c-f53c-4c5b-ba69-77a07160d943,1369782873,,,,,,,,,,,,,
40435ae0-e6da-4a2e-9d0a-48c56f760745-21,c041b75c-f53c-4c5b-ba69-77a07160d943,1369786473,,,,,,,,,,,,,
a0503e60-7abf-4378-97a0-48d9f23a354c-50,c041b75c-f53c-4c5b-ba69-77a07160d943,1369790073,,,,,,,,,,,,,
62ae6273-4af4-4d07-b07a-ba72c6be26d8-50,c041b75c-f53c-4c5b-ba69-77a07160d943,1369793673,,,,,,,,,,,,,
2c810714-3621-427b-a4f1-4458ad35076d-48,c041b75c-f53c-4c5b-ba69-77a07160d943,1369800873,,,,,,,,,,,,,
452e70c0-269a-471a-af67-e89f1481a879-58,c041b75c-f53c-4c5b-ba69-77a07160d943,1369797273,,,,,,,,,,,,,
cfa4a885-468c-4303-a9f3-a0e4eb56ac43-48,c041b75c-f53c-4c5b-ba69-77a07160d943,1369804473,,,,,,,,,,,,,
ca05a550-2aa5-4f5a-957b-b1d1a243f9cc-50,c041b75c-f53c-4c5b-ba69-77a07160d943,1369808073,,,,,,,,,,,,,
13220937-e9b6-4563-aa18-302910d20d9a-47,c041b75c-f53c-4c5b-ba69-77a07160d943,1369822473,,,,,,,,,,,,,
b7e86d8d-d539-45d3-bb41-e73db8782056-54,c041b75c-f53c-4c5b-ba69-77a07160d943,1369875886,,,,,,,,,,,,,
2ce66e70-7503-4fcd-9ee9-037cd81058f2-47,c041b75c-f53c-4c5b-ba69-77a07160d943,1369826073,,,,,,,,,,,,,
9d91b614-b146-48ba-97a8-be8e17e2d078-55,c041b75c-f53c-4c5b-ba69-77a07160d943,1369836873,,,,,,,,,,,,,
9ded3beb-4b89-4521-b323-410b8a8633db-57,c041b75c-f53c-4c5b-ba69-77a07160d943,1369851273,,,,,,,,,,,,,
9fab778c-a528-4cea-9586-1e75e13aa9dc-45,c041b75c-f53c-4c5b-ba69-77a07160d943,1369829673,,,,,,,,,,,,,
ce262e9a-0048-4ac5-a58c-62eab75487e2-141,c041b75c-f53c-4c5b-ba69-77a07160d943,1369844073,,,,,,,,,,,,,
05d34be9-b1ac-4468-91a6-e7e5dddc5149-45,c041b75c-f53c-4c5b-ba69-77a07160d943,1369833273,,,,,,,,,,,,,
5062b0fe-2373-4b82-9816-c486f2dd0858-30,c041b75c-f53c-4c5b-ba69-77a07160d943,1369840473,,,,,,,,,,,,,
cf82a2e9-54e1-4691-b61b-71f0bebfa22b-49,c041b75c-f53c-4c5b-ba69-77a07160d943,1369847673,,,,,,,,,,,,,
b901cb9d-fe1c-4b27-b606-0e930c78d3f1-53,c041b75c-f53c-4c5b-ba69-77a07160d943,1369811673,,,,,,,,,,,,,
38f9ea80-babd-4928-8d8f-54ca81d6ea10-47,c041b75c-f53c-4c5b-ba69-77a07160d943,1369818873,,,,,,,,,,,,,
df1224a2-25a4-4e82-b1c3-902c2d924842-45,c041b75c-f53c-4c5b-ba69-77a07160d943,1369815273,,,,,,,,,,,,,
4e23eb4f-2876-49c7-a4a9-1fe9d7537ff4-29,c041b75c-f53c-4c5b-ba69-77a07160d943,1369879486,,,,,,,,,,,,,
f78ec7f4-b382-4793-940e-06aae2dc2cda-53,c041b75c-f53c-4c5b-ba69-77a07160d943,1369883086,,,,,,,,,,,,,
