start,end
1364702406,1364731831
1364824574,1364828610
1364832618,1364847619
1364854338,1364861532
1364997325,1365001481
1365170640,1365174267
1365297492,1365301371
1365370414,1365378394
1365540711,1365549842
1365602459,1365606409
1365801120,1365809570
1365970414,1365976127
1365976466,1365980077
1365981268,1365988632
1366254329,1366262568
1366264541,1366298664
1366576749,1366587955
1366592094,1366597241
1366670825,1366681045
1366683598,1366693175
1367013927,1367020382
1367274692,1367280461
1367281748,1367286437
1367607506,1367613258
1369438377,1369443505
1369601172,1369618777
1369803800,1369808022
1369808368,1369817413
