time,MAC,class_id,level
1364409474,00:1E:C2:94:6D:EE,3801348,-81
1364409474,00:1E:C2:95:92:57,3801348,-69
1364409474,00:26:08:CF:64:B3,3801356,-92
1364409474,44:2A:60:D7:4D:E3,3670276,-90
1364409474,44:2A:60:D7:8A:E1,3670276,-96

1364411347,00:1E:C2:8F:C8:E1,3670276,-78
1364411347,00:1E:C2:95:92:57,3801348,-66
1364411347,00:1E:C2:98:1B:79,3801348,-92
1364411347,44:2A:60:D7:4D:E3,3670276,-100

1364504954,00:1E:C2:8F:C8:E1,3670276,-82
1364504954,00:1E:C2:94:6D:EE,3801348,-52
1364504954,00:1E:C2:95:92:57,3801348,-57
1364504954,00:1E:C2:98:1B:79,3801348,-90
1364504954,38:59:F9:F4:7E:3A,4063500,-77
1364504954,44:2A:60:D7:4D:E3,3670276,-87
1364504954,44:2A:60:D7:8A:E1,3670276,-93
1364504954,64:B9:E8:DE:D9:B7,3801348,-90
1364504954,F0:08:F1:58:A0:1B,5767692,-95

1364506155,00:1D:4F:8A:D7:CC,3801348,-64
1364506155,20:68:9D:2A:D6:15,4063500,-89
1364506155,64:B9:E8:DE:D2:11,3801348,-84

1364507354,00:1D:4F:8A:D7:CC,3801348,-60
1364507354,20:68:9D:2A:D6:15,4063500,-94
1364507354,64:B9:E8:DE:D2:11,3801348,-79

1364508554,00:1D:4F:8A:D7:CC,3801348,-61
1364508554,20:68:9D:2A:D6:15,4063500,-84
1364508554,64:B9:E8:DE:D2:11,3801348,-76

1364509754,00:1D:4F:8A:D7:CC,3801348,-56
1364509754,20:68:9D:2A:D6:15,4063500,-86
1364509754,64:B9:E8:DE:D2:11,3801348,-88

1364510954,00:1D:4F:8A:D7:CC,3801348,-58
1364510954,20:68:9D:2A:D6:15,4063500,-90
1364510954,64:B9:E8:DE:D2:11,3801348,-90

1364512154,00:1D:4F:8A:D7:CC,3801348,-63
1364512154,20:68:9D:2A:D6:15,4063500,-88
1364512154,64:B9:E8:DE:D2:11,3801348,-82

1364528954,00:23:6C:A7:A4:B5,3670284,-87

1364529694,4C:98:EF:00:C4:3F,526080,-39

1364530153,00:23:6C:A7:A4:B5,3670284,-80

1364531353,00:23:6C:A7:A4:B5,3670284,-80

1364532554,00:23:6C:A7:A4:B5,3670284,-84

1364533753,00:23:6C:A7:A4:B5,3670284,-91

1364534953,00:23:6C:A7:A4:B5,3670284,-90

1364560153,00:23:6C:A7:A4:B5,3670284,-77

1364561353,00:23:6C:A7:A4:B5,3670284,-82

1364562553,00:23:6C:A7:A4:B5,3670284,-90

1364563753,00:23:6C:A7:A4:B5,3670284,-78

1364914370,00:1D:4F:8A:D7:CC,3801348,-54
1364914370,14:10:9F:CF:50:D4,3801356,-88
1364914370,64:B9:E8:DE:D2:11,3801348,-84

1364915572,00:1D:4F:8A:D7:CC,3801348,-60
1364915572,14:10:9F:CF:50:D4,3801356,-87
1364915572,64:B9:E8:DE:D2:11,3801348,-84

1364916770,00:1D:4F:8A:D7:CC,3801348,-56
1364916770,14:10:9F:CF:50:D4,3801356,-83
1364916770,20:68:9D:2A:D6:15,4063500,-90
1364916770,64:B9:E8:DE:D2:11,3801348,-94

1364917972,00:1D:4F:8A:D7:CC,3801348,-62
1364917972,20:68:9D:2A:D6:15,4063500,-87
1364917972,64:B9:E8:DE:D2:11,3801348,-81

1364919170,00:1D:4F:8A:D7:CC,3801348,-52
1364919170,20:68:9D:2A:D6:15,4063500,-90
1364919170,64:B9:E8:DE:D2:11,3801348,-79

1364920371,00:1D:4F:8A:D7:CC,3801348,-59
1364920371,20:68:9D:2A:D6:15,4063500,-87
1364920371,64:B9:E8:DE:D2:11,3801348,-88

1364921570,00:1D:4F:8A:D7:CC,3801348,-60
1364921570,20:68:9D:2A:D6:15,4063500,-86
1364921570,64:B9:E8:DE:D2:11,3801348,-86

1364922770,00:1D:4F:8A:D7:CC,3801348,-58
1364922770,20:68:9D:2A:D6:15,4063500,-90
1364922770,64:B9:E8:DE:D2:11,3801348,-91

1364923972,00:1D:4F:8A:D7:CC,3801348,-58
1364923972,20:68:9D:2A:D6:15,4063500,-89
1364923972,64:B9:E8:DE:D2:11,3801348,-86

1364925170,00:1D:4F:8A:D7:CC,3801348,-56
1364925170,20:68:9D:2A:D6:15,4063500,-94
1364925170,64:B9:E8:DE:D2:11,3801348,-79

1364926370,00:1D:4F:8A:D7:CC,3801348,-57
1364926370,20:68:9D:2A:D6:15,4063500,-90
1364926370,64:B9:E8:DE:D2:11,3801348,-76

1364927570,00:1D:4F:8A:D7:CC,3801348,-60
1364927570,20:68:9D:2A:D6:15,4063500,-87
1364927570,64:B9:E8:DE:D2:11,3801348,-77

1364928770,00:1D:4F:8A:D7:CC,3801348,-57
1364928770,20:68:9D:2A:D6:15,4063500,-89

1364929970,00:1D:4F:8A:D7:CC,3801348,-63
1364929970,20:68:9D:2A:D6:15,4063500,-92
1364929970,64:B9:E8:DE:D2:11,3801348,-92

1364931170,00:1D:4F:8A:D7:CC,3801348,-57
1364931170,20:68:9D:2A:D6:15,4063500,-97
1364931170,64:B9:E8:DE:D2:11,3801348,-79

1364932370,00:1D:4F:8A:D7:CC,3801348,-59
1364932370,20:68:9D:2A:D6:15,4063500,-93
1364932370,64:B9:E8:DE:D2:11,3801348,-82

1364933573,00:1D:4F:8A:D7:CC,3801348,-56
1364933573,20:68:9D:2A:D6:15,4063500,-87
1364933573,64:B9:E8:DE:D2:11,3801348,-93

1364934770,00:1D:4F:8A:D7:CC,3801348,-55
1364934770,20:68:9D:2A:D6:15,4063500,-96
1364934770,64:B9:E8:DE:D2:11,3801348,-84

1364935972,00:1D:4F:8A:D7:CC,3801348,-55
1364935972,20:68:9D:2A:D6:15,4063500,-93
1364935972,64:B9:E8:DE:D2:11,3801348,-83

1364937170,00:1D:4F:8A:D7:CC,3801348,-58
1364937170,20:68:9D:2A:D6:15,4063500,-94
1364937170,64:B9:E8:DE:D2:11,3801348,-86

1364968370,00:23:6C:A7:A4:B5,3670284,-82

1364994769,00:23:6C:A7:A4:B5,3670284,-84

1364995969,00:23:6C:A7:A4:B5,3670284,-83

1364999572,00:1D:4F:8A:D7:CC,3801348,-59
1364999572,00:26:08:CC:CB:EF,3801356,-98
1364999572,20:68:9D:2A:D6:15,4063500,-86
1364999572,64:B9:E8:DE:D2:11,3801348,-75

1365000770,00:1D:4F:8A:D7:CC,3801348,-62
1365000770,20:68:9D:2A:D6:15,4063500,-83
1365000770,64:B9:E8:DE:D2:11,3801348,-78

1365001970,00:1D:4F:8A:D7:CC,3801348,-67
1365001970,20:68:9D:2A:D6:15,4063500,-94
1365001970,64:B9:E8:DE:D2:11,3801348,-86

1365003171,00:1D:4F:8A:D7:CC,3801348,-60
1365003171,00:26:08:CC:CB:EF,3801356,-90
1365003171,20:68:9D:2A:D6:15,4063500,-96
1365003171,64:B9:E8:DE:D2:11,3801348,-83

1365004370,00:1D:4F:8A:D7:CC,3801348,-67
1365004370,20:68:9D:2A:D6:15,4063500,-81
1365004370,64:B9:E8:DE:D2:11,3801348,-84

1365005575,00:1D:4F:8A:D7:CC,3801348,-64
1365005575,00:26:08:CC:CB:EF,3801356,-96
1365005575,20:68:9D:2A:D6:15,4063500,-89
1365005575,64:B9:E8:DE:D2:11,3801348,-81

1365006773,00:1D:4F:8A:D7:CC,3801348,-60
1365006773,20:68:9D:2A:D6:15,4063500,-86
1365006773,64:B9:E8:DE:D2:11,3801348,-77

1365007970,00:1D:4F:8A:D7:CC,3801348,-59
1365007970,20:68:9D:2A:D6:15,4063500,-90
1365007970,64:B9:E8:DE:D2:11,3801348,-83

1365009170,00:1D:4F:8A:D7:CC,3801348,-56
1365009170,14:10:9F:CF:50:D4,3801356,-85
1365009170,20:68:9D:2A:D6:15,4063500,-94

1365010370,00:1D:4F:8A:D7:CC,3801348,-59
1365010370,14:10:9F:CF:50:D4,3801356,-76
1365010370,20:68:9D:2A:D6:15,4063500,-87
1365010370,64:B9:E8:DE:D2:11,3801348,-87

1365011570,00:1D:4F:8A:D7:CC,3801348,-60
1365011570,14:10:9F:CF:50:D4,3801356,-93
1365011570,20:68:9D:2A:D6:15,4063500,-91
1365011570,64:B9:E8:DE:D2:11,3801348,-82

1365012770,00:1D:4F:8A:D7:CC,3801348,-57
1365012770,14:10:9F:CF:50:D4,3801356,-85
1365012770,20:68:9D:2A:D6:15,4063500,-92
1365012770,64:B9:E8:DE:D2:11,3801348,-82

1365013970,00:1D:4F:8A:D7:CC,3801348,-54
1365013970,14:10:9F:CF:50:D4,3801356,-87
1365013970,20:68:9D:2A:D6:15,4063500,-86
1365013970,64:B9:E8:DE:D2:11,3801348,-82

1365015172,00:1D:4F:8A:D7:CC,3801348,-65
1365015172,14:10:9F:CF:50:D4,3801356,-85
1365015172,20:68:9D:2A:D6:15,4063500,-90

1365016372,00:1D:4F:8A:D7:CC,3801348,-57
1365016372,00:26:08:CC:CB:EF,3801356,-82
1365016372,14:10:9F:CF:50:D4,3801356,-78
1365016372,20:68:9D:2A:D6:15,4063500,-90
1365016372,64:B9:E8:DE:D2:11,3801348,-82

1365017573,00:1D:4F:8A:D7:CC,3801348,-57
1365017573,14:10:9F:CF:50:D4,3801356,-84
1365017573,20:68:9D:2A:D6:15,4063500,-91
1365017573,64:B9:E8:DE:D2:11,3801348,-83

1365018772,00:1D:4F:8A:D7:CC,3801348,-52
1365018772,00:26:08:CC:CB:EF,3801356,-96
1365018772,14:10:9F:CF:50:D4,3801356,-91
1365018772,20:68:9D:2A:D6:15,4063500,-92
1365018772,64:B9:E8:DE:D2:11,3801348,-82

1365019971,00:1D:4F:8A:D7:CC,3801348,-59
1365019971,00:26:08:CC:CB:EF,3801356,-86
1365019971,14:10:9F:CF:50:D4,3801356,-83
1365019971,20:68:9D:2A:D6:15,4063500,-83
1365019971,64:B9:E8:DE:D2:11,3801348,-86
1365019971,94:DB:C9:B3:0D:EB,7936,-86

1365021170,00:1D:4F:8A:D7:CC,3801348,-58
1365021170,14:10:9F:CF:50:D4,3801356,-83
1365021170,20:68:9D:2A:D6:15,4063500,-88
1365021170,64:B9:E8:DE:D2:11,3801348,-77
1365021170,94:DB:C9:B3:0D:EB,7936,-78

1365022371,00:1D:4F:8A:D7:CC,3801348,-60
1365022371,14:10:9F:CF:50:D4,3801356,-86
1365022371,20:68:9D:2A:D6:15,4063500,-85
1365022371,64:B9:E8:DE:D2:11,3801348,-79
1365022371,94:DB:C9:B3:0D:EB,7936,-80

1365023573,00:1D:4F:8A:D7:CC,3801348,-62
1365023573,20:68:9D:2A:D6:15,4063500,-94
1365023573,64:B9:E8:DE:D2:11,3801348,-88
1365023573,94:DB:C9:B3:0D:EB,7936,-83

1365024775,00:1D:4F:8A:D7:CC,3801348,-59
1365024775,20:68:9D:2A:D6:15,4063500,-87
1365024775,64:B9:E8:DE:D2:11,3801348,-80
1365024775,94:DB:C9:B3:0D:EB,7936,-80

1365025970,00:1D:4F:8A:D7:CC,3801348,-74
1365025970,20:68:9D:2A:D6:15,4063500,-91
1365025970,64:B9:E8:DE:D2:11,3801348,-88

1365027170,00:1D:4F:8A:D7:CC,3801348,-62
1365027170,20:68:9D:2A:D6:15,4063500,-86
1365027170,64:B9:E8:DE:D2:11,3801348,-86

1365028370,00:1D:4F:8A:D7:CC,3801348,-61
1365028370,20:68:9D:2A:D6:15,4063500,-94
1365028370,64:B9:E8:DE:D2:11,3801348,-83

1365029570,00:1D:4F:8A:D7:CC,3801348,-64
1365029570,20:68:9D:2A:D6:15,4063500,-92
1365029570,64:B9:E8:DE:D2:11,3801348,-86

1365030770,00:1D:4F:8A:D7:CC,3801348,-59
1365030770,20:68:9D:2A:D6:15,4063500,-91

1365031970,00:1D:4F:8A:D7:CC,3801348,-62
1365031970,20:68:9D:2A:D6:15,4063500,-93
1365031970,64:B9:E8:DE:D2:11,3801348,-88

1365033170,00:1D:4F:8A:D7:CC,3801348,-66
1365033170,20:68:9D:2A:D6:15,4063500,-93
1365033170,64:B9:E8:DE:D2:11,3801348,-84

1365034370,00:1D:4F:8A:D7:CC,3801348,-66
1365034370,20:68:9D:2A:D6:15,4063500,-90
1365034370,64:B9:E8:DE:D2:11,3801348,-93

1365035570,00:1D:4F:8A:D7:CC,3801348,-56
1365035570,20:68:9D:2A:D6:15,4063500,-89

1365036770,00:1D:4F:8A:D7:CC,3801348,-59
1365036770,20:68:9D:2A:D6:15,4063500,-92
1365036770,64:B9:E8:DE:D2:11,3801348,-78

1365037970,00:1D:4F:8A:D7:CC,3801348,-62
1365037970,64:B9:E8:DE:D2:11,3801348,-90

1365039172,00:1D:4F:8A:D7:CC,3801348,-60
1365039172,64:B9:E8:DE:D2:11,3801348,-88

1365040371,00:1D:4F:8A:D7:CC,3801348,-61
1365040371,64:B9:E8:DE:D2:11,3801348,-84

1365041571,00:1D:4F:8A:D7:CC,3801348,-59
1365041571,64:B9:E8:DE:D2:11,3801348,-81

1365042770,00:1D:4F:8A:D7:CC,3801348,-57

1365043971,00:1D:4F:8A:D7:CC,3801348,-72
1365043971,64:B9:E8:DE:D2:11,3801348,-92

1365045170,00:1D:4F:8A:D7:CC,3801348,-62

1365046371,00:1D:4F:8A:D7:CC,3801348,-59
1365046371,64:B9:E8:DE:D2:11,3801348,-83

1365047570,00:1D:4F:8A:D7:CC,3801348,-59
1365047570,64:B9:E8:DE:D2:11,3801348,-92

1365048771,00:1D:4F:8A:D7:CC,3801348,-62
1365048771,64:B9:E8:DE:D2:11,3801348,-75

1365049970,00:1D:4F:8A:D7:CC,3801348,-59
1365049970,64:B9:E8:DE:D2:11,3801348,-89

1365051170,00:1D:4F:8A:D7:CC,3801348,-60
1365051170,64:B9:E8:DE:D2:11,3801348,-86

1365052370,00:1D:4F:8A:D7:CC,3801348,-61
1365052370,64:B9:E8:DE:D2:11,3801348,-86

1365053572,00:1D:4F:8A:D7:CC,3801348,-59
1365053572,64:B9:E8:DE:D2:11,3801348,-90

1365054770,00:1D:4F:8A:D7:CC,3801348,-61
1365054770,64:B9:E8:DE:D2:11,3801348,-91

1365055970,00:1D:4F:8A:D7:CC,3801348,-60
1365055970,64:B9:E8:DE:D2:11,3801348,-91

1365057170,00:1D:4F:8A:D7:CC,3801348,-62
1365057170,64:B9:E8:DE:D2:11,3801348,-82

1365058370,00:1D:4F:8A:D7:CC,3801348,-59
1365058370,64:B9:E8:DE:D2:11,3801348,-81

1365059570,00:1D:4F:8A:D7:CC,3801348,-73

1365060771,00:1D:4F:8A:D7:CC,3801348,-59

1365061970,00:1D:4F:8A:D7:CC,3801348,-55
1365061970,64:B9:E8:DE:D2:11,3801348,-84

1365063170,00:1D:4F:8A:D7:CC,3801348,-61
1365063170,64:B9:E8:DE:D2:11,3801348,-76
1365063170,7C:C3:A1:50:1A:F6,3801348,-98
1365063170,8C:2D:AA:41:93:98,3801348,-93

1365064370,00:1D:4F:8A:D7:CC,3801348,-60
1365064370,64:B9:E8:DE:D2:11,3801348,-87

1365065571,00:1D:4F:8A:D7:CC,3801348,-59

1365066770,00:1D:4F:8A:D7:CC,3801348,-59
1365066770,64:B9:E8:DE:D2:11,3801348,-87

1365067970,00:1D:4F:8A:D7:CC,3801348,-58
1365067970,64:B9:E8:DE:D2:11,3801348,-87

1365069170,00:1D:4F:8A:D7:CC,3801348,-59
1365069170,64:B9:E8:DE:D2:11,3801348,-79

1365070372,00:1D:4F:8A:D7:CC,3801348,-72
1365070372,64:B9:E8:DE:D2:11,3801348,-86

1365071570,00:1D:4F:8A:D7:CC,3801348,-66
1365071570,64:B9:E8:DE:D2:11,3801348,-80

1365072770,00:1D:4F:8A:D7:CC,3801348,-57
1365072770,64:B9:E8:DE:D2:11,3801348,-85

1365073970,00:1D:4F:8A:D7:CC,3801348,-73
1365073970,64:B9:E8:DE:D2:11,3801348,-76

1365075170,00:1D:4F:8A:D7:CC,3801348,-61
1365075170,64:B9:E8:DE:D2:11,3801348,-90

1365076370,00:1D:4F:8A:D7:CC,3801348,-60
1365076370,64:B9:E8:DE:D2:11,3801348,-84

1365077572,00:1D:4F:8A:D7:CC,3801348,-59
1365077572,00:1F:F3:AB:5A:48,3670284,-97
1365077572,64:B9:E8:DE:D2:11,3801348,-86

1365078770,00:1D:4F:8A:D7:CC,3801348,-66
1365078770,64:B9:E8:DE:D2:11,3801348,-80

1365079971,00:1D:4F:8A:D7:CC,3801348,-59
1365079971,64:B9:E8:DE:D2:11,3801348,-92

1365081170,00:1D:4F:8A:D7:CC,3801348,-62
1365081170,64:B9:E8:DE:D2:11,3801348,-88

1365082375,00:1D:4F:8A:D7:CC,3801348,-58
1365082375,00:1F:F3:AB:5A:48,3670284,-98
1365082375,14:10:9F:CF:50:D4,3801356,-86

1365083573,00:1D:4F:8A:D7:CC,3801348,-67
1365083573,14:10:9F:CF:50:D4,3801356,-87
1365083573,64:B9:E8:DE:D2:11,3801348,-80

1365084771,00:1D:4F:8A:D7:CC,3801348,-55
1365084771,14:10:9F:CF:50:D4,3801356,-82
1365084771,64:B9:E8:DE:D2:11,3801348,-75

1365085970,00:1D:4F:8A:D7:CC,3801348,-58
1365085970,14:10:9F:CF:50:D4,3801356,-84
1365085970,20:68:9D:2A:D6:15,4063500,-93
1365085970,64:B9:E8:DE:D2:11,3801348,-79

1365087170,00:1D:4F:8A:D7:CC,3801348,-59
1365087170,14:10:9F:CF:50:D4,3801356,-88
1365087170,20:68:9D:2A:D6:15,4063500,-91
1365087170,64:B9:E8:DE:D2:11,3801348,-82

1365088370,00:1D:4F:8A:D7:CC,3801348,-59
1365088370,14:10:9F:CF:50:D4,3801356,-84
1365088370,20:68:9D:2A:D6:15,4063500,-90
1365088370,60:FB:42:83:BA:86,3670284,-95
1365088370,64:B9:E8:DE:D2:11,3801348,-88

1365089570,00:1D:4F:8A:D7:CC,3801348,-68
1365089570,14:10:9F:CF:50:D4,3801356,-83
1365089570,20:68:9D:2A:D6:15,4063500,-93
1365089570,64:B9:E8:DE:D2:11,3801348,-75

1365090772,00:1D:4F:8A:D7:CC,3801348,-58
1365090772,14:10:9F:CF:50:D4,3801356,-80
1365090772,20:68:9D:2A:D6:15,4063500,-88
1365090772,64:B9:E8:DE:D2:11,3801348,-85

1365091970,00:1D:4F:8A:D7:CC,3801348,-68
1365091970,14:10:9F:CF:50:D4,3801356,-82
1365091970,20:68:9D:2A:D6:15,4063500,-91
1365091970,64:B9:E8:DE:D2:11,3801348,-92

1365093170,00:1D:4F:8A:D7:CC,3801348,-58
1365093170,14:10:9F:CF:50:D4,3801356,-96
1365093170,20:68:9D:2A:D6:15,4063500,-96

1365094372,00:1D:4F:8A:D7:CC,3801348,-56
1365094372,14:10:9F:CF:50:D4,3801356,-78
1365094372,20:68:9D:2A:D6:15,4063500,-91
1365094372,64:B9:E8:DE:D2:11,3801348,-85
1365094372,C8:BC:C8:DD:71:C6,3670284,-97

1365095570,00:1D:4F:8A:D7:CC,3801348,-59
1365095570,14:10:9F:CF:50:D4,3801356,-82
1365095570,20:68:9D:2A:D6:15,4063500,-90
1365095570,64:B9:E8:DE:D2:11,3801348,-82

1365096771,00:1D:4F:8A:D7:CC,3801348,-60
1365096771,14:10:9F:CF:50:D4,3801356,-84
1365096771,20:68:9D:2A:D6:15,4063500,-88
1365096771,64:B9:E8:DE:D2:11,3801348,-77

1365097972,00:1D:4F:8A:D7:CC,3801348,-62
1365097972,00:1F:F3:AB:5A:48,3670284,-93
1365097972,14:10:9F:CF:50:D4,3801356,-80
1365097972,20:68:9D:2A:D6:15,4063500,-95
1365097972,64:B9:E8:DE:D2:11,3801348,-83

1365099170,00:1D:4F:8A:D7:CC,3801348,-66
1365099170,14:10:9F:CF:50:D4,3801356,-78
1365099170,64:B9:E8:DE:D2:11,3801348,-78

1365100370,00:1D:4F:8A:D7:CC,3801348,-55
1365100370,14:10:9F:CF:50:D4,3801356,-92
1365100370,64:B9:E8:DE:D2:11,3801348,-89

1365101572,00:1D:4F:8A:D7:CC,3801348,-64
1365101572,14:10:9F:CF:50:D4,3801356,-81
1365101572,64:B9:E8:DE:D2:11,3801348,-76

1365102770,00:1D:4F:8A:D7:CC,3801348,-67
1365102770,14:10:9F:CF:50:D4,3801356,-89
1365102770,64:B9:E8:DE:D2:11,3801348,-83

1365103970,00:1D:4F:8A:D7:CC,3801348,-62
1365103970,14:10:9F:CF:50:D4,3801356,-93
1365103970,64:B9:E8:DE:D2:11,3801348,-84

1365105176,00:1D:4F:8A:D7:CC,3801348,-59
1365105176,00:1F:F3:AB:5A:48,3670284,-98
1365105176,14:10:9F:CF:50:D4,3801356,-79
1365105176,64:B9:E8:DE:D2:11,3801348,-84

1365106370,00:1D:4F:8A:D7:CC,3801348,-61
1365106370,14:10:9F:CF:50:D4,3801356,-90
1365106370,64:B9:E8:DE:D2:11,3801348,-86

1365107571,00:1D:4F:8A:D7:CC,3801348,-62
1365107571,14:10:9F:CF:50:D4,3801356,-81
1365107571,20:68:9D:2A:D6:15,4063500,-82
1365107571,64:B9:E8:DE:D2:11,3801348,-85

1365108770,00:1D:4F:8A:D7:CC,3801348,-54
1365108770,14:10:9F:CF:50:D4,3801356,-90
1365108770,20:68:9D:2A:D6:15,4063500,-92
1365108770,64:B9:E8:DE:D2:11,3801348,-85

1365109970,00:1D:4F:8A:D7:CC,3801348,-58
1365109970,20:68:9D:2A:D6:15,4063500,-90
1365109970,64:B9:E8:DE:D2:11,3801348,-89

1365111170,00:1D:4F:8A:D7:CC,3801348,-60
1365111170,20:68:9D:2A:D6:15,4063500,-85
1365111170,64:B9:E8:DE:D2:11,3801348,-91

1365112370,00:1D:4F:8A:D7:CC,3801348,-61
1365112370,20:68:9D:2A:D6:15,4063500,-87
1365112370,64:B9:E8:DE:D2:11,3801348,-85

1365113570,00:1D:4F:8A:D7:CC,3801348,-64
1365113570,20:68:9D:2A:D6:15,4063500,-93
1365113570,64:B9:E8:DE:D2:11,3801348,-92

1365114771,00:1D:4F:8A:D7:CC,3801348,-77
1365114771,20:68:9D:2A:D6:15,4063500,-91
1365114771,64:B9:E8:DE:D2:11,3801348,-77

1365115970,00:1D:4F:8A:D7:CC,3801348,-55
1365115970,20:68:9D:2A:D6:15,4063500,-89
1365115970,64:B9:E8:DE:D2:11,3801348,-88

1365117170,00:1D:4F:8A:D7:CC,3801348,-59
1365117170,20:68:9D:2A:D6:15,4063500,-92
1365117170,64:B9:E8:DE:D2:11,3801348,-79

1365118372,00:1D:4F:8A:D7:CC,3801348,-65
1365118372,20:68:9D:2A:D6:15,4063500,-87
1365118372,64:B9:E8:DE:D2:11,3801348,-85

1365119570,00:1D:4F:8A:D7:CC,3801348,-58
1365119570,20:68:9D:2A:D6:15,4063500,-82
1365119570,64:B9:E8:DE:D2:11,3801348,-74

1365120772,00:1D:4F:8A:D7:CC,3801348,-60
1365120772,20:68:9D:2A:D6:15,4063500,-92
1365120772,64:B9:E8:DE:D2:11,3801348,-86

1365121970,00:1D:4F:8A:D7:CC,3801348,-59
1365121970,20:68:9D:2A:D6:15,4063500,-91
1365121970,64:B9:E8:DE:D2:11,3801348,-81

1365123170,00:1D:4F:8A:D7:CC,3801348,-59
1365123170,20:68:9D:2A:D6:15,4063500,-97
1365123170,64:B9:E8:DE:D2:11,3801348,-90

1365124370,00:1D:4F:8A:D7:CC,3801348,-68
1365124370,20:68:9D:2A:D6:15,4063500,-86
1365124370,64:B9:E8:DE:D2:11,3801348,-85

1365125571,00:1D:4F:8A:D7:CC,3801348,-63
1365125571,20:68:9D:2A:D6:15,4063500,-93
1365125571,64:B9:E8:DE:D2:11,3801348,-82

1365126770,00:1D:4F:8A:D7:CC,3801348,-59
1365126770,20:68:9D:2A:D6:15,4063500,-91
1365126770,64:B9:E8:DE:D2:11,3801348,-90

1365127970,00:1D:4F:8A:D7:CC,3801348,-62
1365127970,20:68:9D:2A:D6:15,4063500,-84
1365127970,64:B9:E8:DE:D2:11,3801348,-85

1365129170,00:1D:4F:8A:D7:CC,3801348,-59
1365129170,20:68:9D:2A:D6:15,4063500,-90
1365129170,64:B9:E8:DE:D2:11,3801348,-84

1365130370,00:1D:4F:8A:D7:CC,3801348,-60
1365130370,20:68:9D:2A:D6:15,4063500,-88

1365131570,00:1D:4F:8A:D7:CC,3801348,-61
1365131570,20:68:9D:2A:D6:15,4063500,-86
1365131570,64:B9:E8:DE:D2:11,3801348,-80

1365132770,00:1D:4F:8A:D7:CC,3801348,-58
1365132770,20:68:9D:2A:D6:15,4063500,-90
1365132770,64:B9:E8:DE:D2:11,3801348,-81

1365133971,00:1D:4F:8A:D7:CC,3801348,-67
1365133971,20:68:9D:2A:D6:15,4063500,-90
1365133971,64:B9:E8:DE:D2:11,3801348,-86

1365135171,00:1D:4F:8A:D7:CC,3801348,-57
1365135171,20:68:9D:2A:D6:15,4063500,-94

1365136371,00:1D:4F:8A:D7:CC,3801348,-56
1365136371,20:68:9D:2A:D6:15,4063500,-84
1365136371,64:B9:E8:DE:D2:11,3801348,-86

1365137571,00:1D:4F:8A:D7:CC,3801348,-58
1365137571,64:B9:E8:DE:D2:11,3801348,-76

1365138771,00:1D:4F:8A:D7:CC,3801348,-59
1365138771,64:B9:E8:DE:D2:11,3801348,-81

1365139970,00:1D:4F:8A:D7:CC,3801348,-58
1365139970,20:C9:D0:42:EF:1A,3801356,-94
1365139970,64:B9:E8:DE:D2:11,3801348,-82

1365141170,00:1D:4F:8A:D7:CC,3801348,-60

1365142371,00:1D:4F:8A:D7:CC,3801348,-67
1365142371,64:B9:E8:DE:D2:11,3801348,-92

1365143571,00:1D:4F:8A:D7:CC,3801348,-72
1365143571,64:B9:E8:DE:D2:11,3801348,-82

1365144770,00:1D:4F:8A:D7:CC,3801348,-61
1365144770,20:C9:D0:42:EF:1A,3801356,-95

1365145970,00:1D:4F:8A:D7:CC,3801348,-61
1365145970,64:B9:E8:DE:D2:11,3801348,-85

1365147170,00:1D:4F:8A:D7:CC,3801348,-60
1365147170,64:B9:E8:DE:D2:11,3801348,-83

1365148370,00:1D:4F:8A:D7:CC,3801348,-61

1365149570,00:1D:4F:8A:D7:CC,3801348,-59
1365149570,64:B9:E8:DE:D2:11,3801348,-81

1365150770,00:1D:4F:8A:D7:CC,3801348,-64
1365150770,64:B9:E8:DE:D2:11,3801348,-78

1365151972,00:1D:4F:8A:D7:CC,3801348,-59
1365151972,20:C9:D0:42:EF:1A,3801356,-97
1365151972,64:B9:E8:DE:D2:11,3801348,-84

1365153176,00:1D:4F:8A:D7:CC,3801348,-60
1365153176,20:C9:D0:42:EF:1A,3801356,-97
1365153176,64:B9:E8:DE:D2:11,3801348,-84

1365154371,00:1D:4F:8A:D7:CC,3801348,-72
1365154371,64:B9:E8:DE:D2:11,3801348,-94

1365155572,00:1D:4F:8A:D7:CC,3801348,-59
1365155572,64:B9:E8:DE:D2:11,3801348,-86

1365156771,00:1D:4F:8A:D7:CC,3801348,-60
1365156771,64:B9:E8:DE:D2:11,3801348,-84

1365157970,00:1D:4F:8A:D7:CC,3801348,-59
1365157970,64:B9:E8:DE:D2:11,3801348,-82

1365159170,00:1D:4F:8A:D7:CC,3801348,-58
1365159170,64:B9:E8:DE:D2:11,3801348,-90

1365160370,00:1D:4F:8A:D7:CC,3801348,-60
1365160370,64:B9:E8:DE:D2:11,3801348,-81

1365161573,00:1D:4F:8A:D7:CC,3801348,-58
1365161573,64:B9:E8:DE:D2:11,3801348,-83

1365162770,00:1D:4F:8A:D7:CC,3801348,-60
1365162770,64:B9:E8:DE:D2:11,3801348,-84

1365163970,00:1D:4F:8A:D7:CC,3801348,-63
1365163970,64:B9:E8:DE:D2:11,3801348,-87
1365163970,C8:BC:C8:A8:0A:CB,3670284,-94

1365165170,00:1D:4F:8A:D7:CC,3801348,-59
1365165170,64:B9:E8:DE:D2:11,3801348,-95

1365166370,00:1D:4F:8A:D7:CC,3801348,-61
1365166370,64:B9:E8:DE:D2:11,3801348,-82

1365167570,00:1D:4F:8A:D7:CC,3801348,-60
1365167570,64:B9:E8:DE:D2:11,3801348,-93

1365168772,00:1D:4F:8A:D7:CC,3801348,-60
1365168772,00:1F:F3:AB:5A:48,3670284,-91

1365169970,00:1D:4F:8A:D7:CC,3801348,-60
1365169970,64:B9:E8:DE:D2:11,3801348,-85

1365171170,00:1D:4F:8A:D7:CC,3801348,-61
1365171170,64:B9:E8:DE:D2:11,3801348,-75

1365172370,00:1D:4F:8A:D7:CC,3801348,-61
1365172370,00:1F:F3:AB:5A:48,3670284,-98
1365172370,64:B9:E8:DE:D2:11,3801348,-78

1365173575,00:1D:4F:8A:D7:CC,3801348,-56
1365173575,00:1F:F3:AB:5A:48,3670284,-93
1365173575,64:B9:E8:DE:D2:11,3801348,-82

1365174776,00:1D:4F:8A:D7:CC,3801348,-63
1365174776,00:1F:F3:AB:5A:48,3670284,-95
1365174776,20:68:9D:2A:D6:15,4063500,-87
1365174776,64:B9:E8:DE:D2:11,3801348,-81
1365174776,98:D6:F7:BD:F7:3E,5898764,-98

1365175973,00:1D:4F:8A:D7:CC,3801348,-61
1365175973,20:68:9D:2A:D6:15,4063500,-87
1365175973,64:B9:E8:DE:D2:11,3801348,-75

1365177170,00:1D:4F:8A:D7:CC,3801348,-55
1365177170,20:68:9D:2A:D6:15,4063500,-88
1365177170,64:B9:E8:DE:D2:11,3801348,-80

1365178371,00:1D:4F:8A:D7:CC,3801348,-59
1365178371,20:68:9D:2A:D6:15,4063500,-84
1365178371,64:B9:E8:DE:D2:11,3801348,-76

1365179571,00:1D:4F:8A:D7:CC,3801348,-59
1365179571,20:68:9D:2A:D6:15,4063500,-88
1365179571,64:B9:E8:DE:D2:11,3801348,-82
1365179571,7C:C3:A1:50:1A:F6,3801348,-96

1365180770,00:1D:4F:8A:D7:CC,3801348,-55
1365180770,20:68:9D:2A:D6:15,4063500,-86
1365180770,64:B9:E8:DE:D2:11,3801348,-76

1365181970,00:1D:4F:8A:D7:CC,3801348,-52
1365181970,20:68:9D:2A:D6:15,4063500,-90
1365181970,64:B9:E8:DE:D2:11,3801348,-78

1365183170,00:1D:4F:8A:D7:CC,3801348,-60
1365183170,20:68:9D:2A:D6:15,4063500,-88
1365183170,64:B9:E8:DE:D2:11,3801348,-90

1365184370,00:1D:4F:8A:D7:CC,3801348,-53
1365184370,20:68:9D:2A:D6:15,4063500,-88
1365184370,64:B9:E8:DE:D2:11,3801348,-78

1365185571,00:1D:4F:8A:D7:CC,3801348,-71
1365185571,20:68:9D:2A:D6:15,4063500,-89
1365185571,64:B9:E8:DE:D2:11,3801348,-84

1365186770,00:1D:4F:8A:D7:CC,3801348,-57
1365186770,20:68:9D:2A:D6:15,4063500,-79
1365186770,64:B9:E8:DE:D2:11,3801348,-87

1365187970,00:1D:4F:8A:D7:CC,3801348,-50
1365187970,20:68:9D:2A:D6:15,4063500,-90
1365187970,64:B9:E8:DE:D2:11,3801348,-98

1365189172,00:1D:4F:8A:D7:CC,3801348,-53
1365189172,20:68:9D:2A:D6:15,4063500,-86
1365189172,64:B9:E8:DE:D2:11,3801348,-77

1365190372,00:1D:4F:8A:D7:CC,3801348,-57
1365190372,20:68:9D:2A:D6:15,4063500,-87

1365191570,00:1D:4F:8A:D7:CC,3801348,-61
1365191570,20:68:9D:2A:D6:15,4063500,-84
1365191570,64:B9:E8:DE:D2:11,3801348,-77

1365192770,00:1D:4F:8A:D7:CC,3801348,-52
1365192770,20:68:9D:2A:D6:15,4063500,-86
1365192770,64:B9:E8:DE:D2:11,3801348,-76

1365193970,00:1D:4F:8A:D7:CC,3801348,-58
1365193970,20:68:9D:2A:D6:15,4063500,-85
1365193970,64:B9:E8:DE:D2:11,3801348,-78

1365195172,00:1D:4F:8A:D7:CC,3801348,-66
1365195172,20:68:9D:2A:D6:15,4063500,-84
1365195172,64:B9:E8:DE:D2:11,3801348,-86

1365196371,00:1D:4F:8A:D7:CC,3801348,-60
1365196371,20:68:9D:2A:D6:15,4063500,-84
1365196371,64:B9:E8:DE:D2:11,3801348,-85

1365197570,00:1D:4F:8A:D7:CC,3801348,-67
1365197570,64:B9:E8:DE:D2:11,3801348,-82

1365198770,00:1D:4F:8A:D7:CC,3801348,-61
1365198770,64:B9:E8:DE:D2:11,3801348,-75

1365199971,00:1D:4F:8A:D7:CC,3801348,-62
1365199971,64:B9:E8:DE:D2:11,3801348,-84

1365201170,00:1D:4F:8A:D7:CC,3801348,-60
1365201170,64:B9:E8:DE:D2:11,3801348,-84

1365202371,00:1D:4F:8A:D7:CC,3801348,-63
1365202371,64:B9:E8:DE:D2:11,3801348,-81

1365203570,00:1D:4F:8A:D7:CC,3801348,-56
1365203570,64:B9:E8:DE:D2:11,3801348,-76

1365204770,00:1D:4F:8A:D7:CC,3801348,-63
1365204770,64:B9:E8:DE:D2:11,3801348,-78

1365205971,00:1D:4F:8A:D7:CC,3801348,-61
1365205971,64:B9:E8:DE:D2:11,3801348,-87

1365207170,00:1D:4F:8A:D7:CC,3801348,-62
1365207170,64:B9:E8:DE:D2:11,3801348,-75

1365208370,00:1D:4F:8A:D7:CC,3801348,-58
1365208370,64:B9:E8:DE:D2:11,3801348,-75
1365208370,7C:C3:A1:50:1A:F6,3801348,-97

1365209572,00:1D:4F:8A:D7:CC,3801348,-63

1365210770,00:1D:4F:8A:D7:CC,3801348,-64
1365210770,64:B9:E8:DE:D2:11,3801348,-77

1365211970,00:1D:4F:8A:D7:CC,3801348,-59
1365211970,64:B9:E8:DE:D2:11,3801348,-84

1365213170,00:1D:4F:8A:D7:CC,3801348,-70
1365213170,64:B9:E8:DE:D2:11,3801348,-75

1365214370,00:1D:4F:8A:D7:CC,3801348,-55
1365214370,64:B9:E8:DE:D2:11,3801348,-79

1365215570,00:1D:4F:8A:D7:CC,3801348,-57
1365215570,64:B9:E8:DE:D2:11,3801348,-81

1365216770,00:1D:4F:8A:D7:CC,3801348,-55
1365216770,64:B9:E8:DE:D2:11,3801348,-84
1365216770,7C:C3:A1:50:1A:F6,3801348,-94

1365217970,00:1D:4F:8A:D7:CC,3801348,-55
1365217970,64:B9:E8:DE:D2:11,3801348,-80

1365219170,00:1D:4F:8A:D7:CC,3801348,-58
1365219170,64:B9:E8:DE:D2:11,3801348,-88

1365220371,00:1D:4F:8A:D7:CC,3801348,-61
1365220371,64:B9:E8:DE:D2:11,3801348,-75

1365221575,00:1D:4F:8A:D7:CC,3801348,-54
1365221575,64:B9:E8:DE:D2:11,3801348,-75
1365221575,7C:C3:A1:50:1A:F6,3801348,-100

1365222770,00:1D:4F:8A:D7:CC,3801348,-55
1365222770,64:B9:E8:DE:D2:11,3801348,-80

1365223970,00:1D:4F:8A:D7:CC,3801348,-62
1365223970,64:B9:E8:DE:D2:11,3801348,-82

1365225171,00:1D:4F:8A:D7:CC,3801348,-55

1365226371,00:1D:4F:8A:D7:CC,3801348,-61

1365227572,00:1D:4F:8A:D7:CC,3801348,-60
1365227572,64:B9:E8:DE:D2:11,3801348,-81

1365228772,00:1D:4F:8A:D7:CC,3801348,-57
1365228772,64:B9:E8:DE:D2:11,3801348,-79

1365229970,00:1D:4F:8A:D7:CC,3801348,-60

1365231171,00:1D:4F:8A:D7:CC,3801348,-57
1365231171,64:B9:E8:DE:D2:11,3801348,-87

1365232370,00:1D:4F:8A:D7:CC,3801348,-58
1365232370,64:B9:E8:DE:D2:11,3801348,-74

1365233573,00:1D:4F:8A:D7:CC,3801348,-57
1365233573,64:B9:E8:DE:D2:11,3801348,-88

1365234770,00:1D:4F:8A:D7:CC,3801348,-74
1365234770,64:B9:E8:DE:D2:11,3801348,-84

1365235970,00:1D:4F:8A:D7:CC,3801348,-56
1365235970,64:B9:E8:DE:D2:11,3801348,-74

1365237172,00:1D:4F:8A:D7:CC,3801348,-56
1365237172,64:B9:E8:DE:D2:11,3801348,-84

1365238370,00:1D:4F:8A:D7:CC,3801348,-55
1365238370,64:B9:E8:DE:D2:11,3801348,-74

1365239570,00:1D:4F:8A:D7:CC,3801348,-65
1365239570,64:B9:E8:DE:D2:11,3801348,-77

1365240770,00:1D:4F:8A:D7:CC,3801348,-56
1365240770,64:B9:E8:DE:D2:11,3801348,-84

1365241970,00:1D:4F:8A:D7:CC,3801348,-59
1365241970,64:B9:E8:DE:D2:11,3801348,-94

1365243171,00:1D:4F:8A:D7:CC,3801348,-55
1365243171,64:B9:E8:DE:D2:11,3801348,-79

1365244371,00:1D:4F:8A:D7:CC,3801348,-56
1365244371,64:B9:E8:DE:D2:11,3801348,-75

1365245571,00:1D:4F:8A:D7:CC,3801348,-55
1365245571,64:B9:E8:DE:D2:11,3801348,-75

1365246770,00:1D:4F:8A:D7:CC,3801348,-61
1365246770,64:B9:E8:DE:D2:11,3801348,-78

1365247970,00:1D:4F:8A:D7:CC,3801348,-63
1365247970,64:B9:E8:DE:D2:11,3801348,-81

1365249170,00:1D:4F:8A:D7:CC,3801348,-55
1365249170,64:B9:E8:DE:D2:11,3801348,-88

1365250370,00:1D:4F:8A:D7:CC,3801348,-56
1365250370,64:B9:E8:DE:D2:11,3801348,-79

1365251571,00:1D:4F:8A:D7:CC,3801348,-55
1365251571,64:B9:E8:DE:D2:11,3801348,-87

1365252770,00:1D:4F:8A:D7:CC,3801348,-55
1365252770,64:B9:E8:DE:D2:11,3801348,-83

1365253970,00:1D:4F:8A:D7:CC,3801348,-56
1365253970,64:B9:E8:DE:D2:11,3801348,-80

1365255170,00:1D:4F:8A:D7:CC,3801348,-57
1365255170,64:B9:E8:DE:D2:11,3801348,-83

1365256372,00:1D:4F:8A:D7:CC,3801348,-56
1365256372,64:B9:E8:DE:D2:11,3801348,-80

1365257570,00:1D:4F:8A:D7:CC,3801348,-69
1365257570,64:B9:E8:DE:D2:11,3801348,-76

1365258775,00:1D:4F:8A:D7:CC,3801348,-55
1365258775,20:C9:D0:42:EF:1A,3801356,-98
1365258775,64:B9:E8:DE:D2:11,3801348,-82

1365259970,00:1D:4F:8A:D7:CC,3801348,-54
1365259970,64:B9:E8:DE:D2:11,3801348,-91

1365261170,00:1D:4F:8A:D7:CC,3801348,-70
1365261170,64:B9:E8:DE:D2:11,3801348,-82

1365262375,00:1D:4F:8A:D7:CC,3801348,-58
1365262375,20:C9:D0:42:EF:1A,3801356,-97
1365262375,64:B9:E8:DE:D2:11,3801348,-74

1365263570,00:1D:4F:8A:D7:CC,3801348,-55
1365263570,64:B9:E8:DE:D2:11,3801348,-82

1365264776,00:1D:4F:8A:D7:CC,3801348,-56
1365264776,20:C9:D0:42:EF:1A,3801356,-99
1365264776,64:B9:E8:DE:D2:11,3801348,-81

1365265972,00:1D:4F:8A:D7:CC,3801348,-59
1365265972,64:B9:E8:DE:D2:11,3801348,-81

1365267170,00:1D:4F:8A:D7:CC,3801348,-55

1365268370,00:1D:4F:8A:D7:CC,3801348,-56
1365268370,64:B9:E8:DE:D2:11,3801348,-83

1365269572,00:1D:4F:8A:D7:CC,3801348,-63
1365269572,64:B9:E8:DE:D2:11,3801348,-75

1365270770,00:1D:4F:8A:D7:CC,3801348,-60
1365270770,64:B9:E8:DE:D2:11,3801348,-74

1365271970,00:1D:4F:8A:D7:CC,3801348,-58
1365271970,64:B9:E8:DE:D2:11,3801348,-82

1365273170,00:1D:4F:8A:D7:CC,3801348,-64
1365273170,64:B9:E8:DE:D2:11,3801348,-82

1365274373,00:1D:4F:8A:D7:CC,3801348,-57
1365274373,64:B9:E8:DE:D2:11,3801348,-76

1365275570,00:1D:4F:8A:D7:CC,3801348,-64

1365276772,00:1D:4F:8A:D7:CC,3801348,-55
1365276772,64:B9:E8:DE:D2:11,3801348,-75

1365277970,00:1D:4F:8A:D7:CC,3801348,-57
1365277970,64:B9:E8:DE:D2:11,3801348,-77

1365279170,00:1D:4F:8A:D7:CC,3801348,-55
1365279170,64:B9:E8:DE:D2:11,3801348,-79

1365280372,00:1D:4F:8A:D7:CC,3801348,-55
1365280372,64:B9:E8:DE:D2:11,3801348,-75

1365281570,00:1D:4F:8A:D7:CC,3801348,-66
1365281570,64:B9:E8:DE:D2:11,3801348,-82

1365282770,00:1D:4F:8A:D7:CC,3801348,-66
1365282770,64:B9:E8:DE:D2:11,3801348,-84
1365282770,B8:F6:B1:17:7A:FC,3801356,-92

1365283970,00:1D:4F:8A:D7:CC,3801348,-55
1365283970,64:B9:E8:DE:D2:11,3801348,-82

1365285170,00:1D:4F:8A:D7:CC,3801348,-70
1365285170,64:B9:E8:DE:D2:11,3801348,-75

1365286370,00:1D:4F:8A:D7:CC,3801348,-55

1365287570,00:1D:4F:8A:D7:CC,3801348,-62
1365287570,64:B9:E8:DE:D2:11,3801348,-83

1365288770,00:1D:4F:8A:D7:CC,3801348,-60
1365288770,64:B9:E8:DE:D2:11,3801348,-75

1365289970,00:1D:4F:8A:D7:CC,3801348,-59
1365289970,64:B9:E8:DE:D2:11,3801348,-77

1365546499,00:1D:4F:8A:D7:CC,3801348,-55
1365546499,64:B9:E8:DE:D2:11,3801348,-94

1365547699,00:1D:4F:8A:D7:CC,3801348,-58
1365547699,64:B9:E8:DE:D2:11,3801348,-84
1365547699,7C:C3:A1:50:1A:F6,3801348,-96

1365548900,00:1D:4F:8A:D7:CC,3801348,-63
1365548900,64:B9:E8:DE:D2:11,3801348,-86

1365550099,7C:C3:A1:50:1A:F6,3801348,-90

1365551298,68:94:23:EB:5B:2A,4063500,-100

1365566899,00:23:6C:A7:A4:B5,3670284,-90

1365569299,00:23:6C:A7:A4:B5,3670284,-91

1365570499,00:23:6C:A7:A4:B5,3670284,-78

1365571699,00:23:6C:A7:A4:B5,3670284,-79

1365572899,00:23:6C:A7:A4:B5,3670284,-76

1365574100,00:23:6C:A7:A4:B5,3670284,-73

1365575299,00:23:6C:A7:A4:B5,3670284,-81

1365576499,00:23:6C:A7:A4:B5,3670284,-82

1365577699,00:23:6C:A7:A4:B5,3670284,-75

1365578899,00:23:6C:A7:A4:B5,3670284,-80

1365580099,00:23:6C:A7:A4:B5,3670284,-74

1365581299,00:23:6C:A7:A4:B5,3670284,-76

1365582499,00:23:6C:A7:A4:B5,3670284,-83

1365583699,00:23:6C:A7:A4:B5,3670284,-83

1365584899,00:23:6C:A7:A4:B5,3670284,-78

1365586099,00:23:6C:A7:A4:B5,3670284,-79

1365587299,00:23:6C:A7:A4:B5,3670284,-82

1365588499,00:23:6C:A7:A4:B5,3670284,-75

1365589699,00:23:6C:A7:A4:B5,3670284,-76

1365590898,00:23:6C:A7:A4:B5,3670284,-79

1365592099,00:23:6C:A7:A4:B5,3670284,-73

1365593299,00:23:6C:A7:A4:B5,3670284,-76

1365594499,00:23:6C:A7:A4:B5,3670284,-83

1365595699,00:23:6C:A7:A4:B5,3670284,-79

1365596899,00:23:6C:A7:A4:B5,3670284,-74

1365598099,00:23:6C:A7:A4:B5,3670284,-82

1365599299,00:23:6C:A7:A4:B5,3670284,-76

1365602899,00:1D:4F:8A:D7:CC,3801348,-68
1365602899,64:B9:E8:DE:D2:11,3801348,-83

1365604099,00:1D:4F:8A:D7:CC,3801348,-65
1365604099,64:B9:E8:DE:D2:11,3801348,-88

1365605299,00:1D:4F:8A:D7:CC,3801348,-66
1365605299,20:68:9D:2A:D6:15,4063500,-86
1365605299,64:B9:E8:DE:D2:11,3801348,-89

1365606501,00:1D:4F:8A:D7:CC,3801348,-59
1365606501,20:68:9D:2A:D6:15,4063500,-85
1365606501,64:B9:E8:DE:D2:11,3801348,-79

1365607699,00:1D:4F:8A:D7:CC,3801348,-56
1365607699,20:68:9D:2A:D6:15,4063500,-87
1365607699,64:B9:E8:DE:D2:11,3801348,-79

1365608901,00:1D:4F:8A:D7:CC,3801348,-61
1365608901,20:68:9D:2A:D6:15,4063500,-86
1365608901,64:B9:E8:DE:D2:11,3801348,-82

1365610099,00:1D:4F:8A:D7:CC,3801348,-58
1365610099,20:68:9D:2A:D6:15,4063500,-89
1365610099,64:B9:E8:DE:D2:11,3801348,-78

1365611299,00:1D:4F:8A:D7:CC,3801348,-66
1365611299,20:68:9D:2A:D6:15,4063500,-85
1365611299,64:B9:E8:DE:D2:11,3801348,-89

1365612504,00:1D:4F:8A:D7:CC,3801348,-58
1365612504,20:68:9D:2A:D6:15,4063500,-87
1365612504,64:B9:E8:DE:D2:11,3801348,-94

1365613699,00:1D:4F:8A:D7:CC,3801348,-57
1365613699,20:68:9D:2A:D6:15,4063500,-85
1365613699,64:B9:E8:DE:D2:11,3801348,-85

1365614899,00:1D:4F:8A:D7:CC,3801348,-59
1365614899,20:68:9D:2A:D6:15,4063500,-98
1365614899,64:B9:E8:DE:D2:11,3801348,-87

1365616099,00:1D:4F:8A:D7:CC,3801348,-58
1365616099,20:68:9D:2A:D6:15,4063500,-96
1365616099,64:B9:E8:DE:D2:11,3801348,-84

1365617300,00:1D:4F:8A:D7:CC,3801348,-62
1365617300,20:68:9D:2A:D6:15,4063500,-87
1365617300,64:B9:E8:DE:D2:11,3801348,-74

1365618499,00:1D:4F:8A:D7:CC,3801348,-65
1365618499,20:68:9D:2A:D6:15,4063500,-91

1365619699,00:1D:4F:8A:D7:CC,3801348,-58
1365619699,20:68:9D:2A:D6:15,4063500,-90
1365619699,64:B9:E8:DE:D2:11,3801348,-76

1365620899,00:1D:4F:8A:D7:CC,3801348,-61
1365620899,20:68:9D:2A:D6:15,4063500,-89
1365620899,64:B9:E8:DE:D2:11,3801348,-79

1365622099,00:1D:4F:8A:D7:CC,3801348,-64
1365622099,20:68:9D:2A:D6:15,4063500,-92
1365622099,64:B9:E8:DE:D2:11,3801348,-89

1365623299,00:1D:4F:8A:D7:CC,3801348,-67
1365623299,20:68:9D:2A:D6:15,4063500,-85
1365623299,64:B9:E8:DE:D2:11,3801348,-84

1365624499,00:1D:4F:8A:D7:CC,3801348,-55
1365624499,20:68:9D:2A:D6:15,4063500,-91
1365624499,64:B9:E8:DE:D2:11,3801348,-95

1365625699,00:1D:4F:8A:D7:CC,3801348,-67
1365625699,20:68:9D:2A:D6:15,4063500,-86
1365625699,64:B9:E8:DE:D2:11,3801348,-83

1365626899,00:1D:4F:8A:D7:CC,3801348,-62
1365626899,20:68:9D:2A:D6:15,4063500,-93
1365626899,64:B9:E8:DE:D2:11,3801348,-84

1365628099,00:1D:4F:8A:D7:CC,3801348,-53
1365628099,20:68:9D:2A:D6:15,4063500,-90
1365628099,64:B9:E8:DE:D2:11,3801348,-90

1365629299,00:1D:4F:8A:D7:CC,3801348,-62
1365629299,20:68:9D:2A:D6:15,4063500,-90
1365629299,64:B9:E8:DE:D2:11,3801348,-88

1365630499,00:1D:4F:8A:D7:CC,3801348,-67
1365630499,20:68:9D:2A:D6:15,4063500,-88
1365630499,64:B9:E8:DE:D2:11,3801348,-78

1365631699,00:1D:4F:8A:D7:CC,3801348,-60
1365631699,20:68:9D:2A:D6:15,4063500,-88
1365631699,64:B9:E8:DE:D2:11,3801348,-82

1365632899,00:1D:4F:8A:D7:CC,3801348,-73
1365632899,20:68:9D:2A:D6:15,4063500,-90
1365632899,64:B9:E8:DE:D2:11,3801348,-81

1365634099,00:1D:4F:8A:D7:CC,3801348,-78
1365634099,20:68:9D:2A:D6:15,4063500,-86
1365634099,64:B9:E8:DE:D2:11,3801348,-82

1365635299,00:1D:4F:8A:D7:CC,3801348,-68
1365635299,20:68:9D:2A:D6:15,4063500,-94
1365635299,64:B9:E8:DE:D2:11,3801348,-94

1365636499,00:1D:4F:8A:D7:CC,3801348,-63
1365636499,20:68:9D:2A:D6:15,4063500,-90
1365636499,64:B9:E8:DE:D2:11,3801348,-81

1365637699,00:1D:4F:8A:D7:CC,3801348,-72
1365637699,20:68:9D:2A:D6:15,4063500,-91
1365637699,64:B9:E8:DE:D2:11,3801348,-86

1365638899,00:1D:4F:8A:D7:CC,3801348,-60
1365638899,20:68:9D:2A:D6:15,4063500,-92

1365640099,00:1D:4F:8A:D7:CC,3801348,-67

1365641301,00:1D:4F:8A:D7:CC,3801348,-55
1365641301,64:B9:E8:DE:D2:11,3801348,-81

1365642499,00:1D:4F:8A:D7:CC,3801348,-66
1365642499,64:B9:E8:DE:D2:11,3801348,-79

1365643701,00:1D:4F:8A:D7:CC,3801348,-64
1365643701,64:B9:E8:DE:D2:11,3801348,-76

1365644899,00:1D:4F:8A:D7:CC,3801348,-62
1365644899,64:B9:E8:DE:D2:11,3801348,-75

1365646100,00:1D:4F:8A:D7:CC,3801348,-67
1365646100,64:B9:E8:DE:D2:11,3801348,-77

1365647300,00:1D:4F:8A:D7:CC,3801348,-67
1365647300,64:B9:E8:DE:D2:11,3801348,-93

1365648499,00:1D:4F:8A:D7:CC,3801348,-78
1365648499,64:B9:E8:DE:D2:11,3801348,-86

1365649701,00:1D:4F:8A:D7:CC,3801348,-58
1365649701,64:B9:E8:DE:D2:11,3801348,-90

1365650900,00:1D:4F:8A:D7:CC,3801348,-68
1365650900,64:B9:E8:DE:D2:11,3801348,-88

1365652099,00:1D:4F:8A:D7:CC,3801348,-59
1365652099,64:B9:E8:DE:D2:11,3801348,-90

1365653301,00:1D:4F:8A:D7:CC,3801348,-66
1365653301,64:B9:E8:DE:D2:11,3801348,-82

1365654500,00:1D:4F:8A:D7:CC,3801348,-77
1365654500,64:B9:E8:DE:D2:11,3801348,-89

1365655699,00:1D:4F:8A:D7:CC,3801348,-67
1365655699,64:B9:E8:DE:D2:11,3801348,-76

1365656901,00:1D:4F:8A:D7:CC,3801348,-73
1365656901,64:B9:E8:DE:D2:11,3801348,-77

1365658099,00:1D:4F:8A:D7:CC,3801348,-60
1365658099,64:B9:E8:DE:D2:11,3801348,-81
1365658099,7C:C3:A1:50:1A:F6,3801348,-97

1365659299,00:1D:4F:8A:D7:CC,3801348,-71
1365659299,64:B9:E8:DE:D2:11,3801348,-78

1365660499,00:1D:4F:8A:D7:CC,3801348,-63
1365660499,64:B9:E8:DE:D2:11,3801348,-85

1365661699,00:1D:4F:8A:D7:CC,3801348,-64
1365661699,64:B9:E8:DE:D2:11,3801348,-89

1365662899,00:1D:4F:8A:D7:CC,3801348,-62
1365662899,64:B9:E8:DE:D2:11,3801348,-91

1365664099,00:1D:4F:8A:D7:CC,3801348,-66
1365664099,64:B9:E8:DE:D2:11,3801348,-75

1365665299,00:1D:4F:8A:D7:CC,3801348,-69

1365666500,00:1D:4F:8A:D7:CC,3801348,-67
1365666500,64:B9:E8:DE:D2:11,3801348,-86

1365667701,00:1D:4F:8A:D7:CC,3801348,-62
1365667701,64:B9:E8:DE:D2:11,3801348,-98

1365668899,00:1D:4F:8A:D7:CC,3801348,-67
1365668899,20:C9:D0:42:EF:1A,3801356,-91

1365670099,00:1D:4F:8A:D7:CC,3801348,-58
1365670099,64:B9:E8:DE:D2:11,3801348,-82

1365671299,00:1D:4F:8A:D7:CC,3801348,-70
1365671299,64:B9:E8:DE:D2:11,3801348,-90

1365672499,00:1D:4F:8A:D7:CC,3801348,-66
1365672499,64:B9:E8:DE:D2:11,3801348,-87

1365673699,00:1D:4F:8A:D7:CC,3801348,-62
1365673699,64:B9:E8:DE:D2:11,3801348,-81

1365674899,00:1D:4F:8A:D7:CC,3801348,-57
1365674899,64:B9:E8:DE:D2:11,3801348,-90

1365676099,00:1D:4F:8A:D7:CC,3801348,-61
1365676099,64:B9:E8:DE:D2:11,3801348,-92

1365677299,00:1D:4F:8A:D7:CC,3801348,-66
1365677299,64:B9:E8:DE:D2:11,3801348,-86
1365677299,8C:2D:AA:41:93:98,3801348,-98

1365678499,00:1D:4F:8A:D7:CC,3801348,-71
1365678499,64:B9:E8:DE:D2:11,3801348,-86

1365679699,00:1D:4F:8A:D7:CC,3801348,-58
1365679699,64:B9:E8:DE:D2:11,3801348,-76

1365680901,00:1D:4F:8A:D7:CC,3801348,-65
1365680901,64:B9:E8:DE:D2:11,3801348,-76

1365682099,00:1D:4F:8A:D7:CC,3801348,-61
1365682099,64:B9:E8:DE:D2:11,3801348,-92

1365683299,00:1D:4F:8A:D7:CC,3801348,-67
1365683299,64:B9:E8:DE:D2:11,3801348,-84

1365684500,00:1D:4F:8A:D7:CC,3801348,-64
1365684500,64:B9:E8:DE:D2:11,3801348,-74

1365685699,00:1D:4F:8A:D7:CC,3801348,-61

1365686899,00:1D:4F:8A:D7:CC,3801348,-60
1365686899,64:B9:E8:DE:D2:11,3801348,-75

1365828159,98:D6:F7:30:82:57,5898764,-78

1365829359,98:D6:F7:30:82:57,5898764,-81

1365830560,98:D6:F7:30:82:57,5898764,-76

1365831760,98:D6:F7:30:82:57,5898764,-76

1365832960,98:D6:F7:30:82:57,5898764,-89

1365834160,98:D6:F7:30:82:57,5898764,-86

1365835360,98:D6:F7:30:82:57,5898764,-78

1365836560,98:D6:F7:30:82:57,5898764,-79

1365837760,98:D6:F7:30:82:57,5898764,-88

1365838960,98:D6:F7:30:82:57,5898764,-75

1365840160,98:D6:F7:30:82:57,5898764,-81

1365841360,98:D6:F7:30:82:57,5898764,-89

1365842560,98:D6:F7:30:82:57,5898764,-78

1365843759,98:D6:F7:30:82:57,5898764,-77

1365844960,98:D6:F7:30:82:57,5898764,-86

1365846160,98:D6:F7:30:82:57,5898764,-88

1365847360,98:D6:F7:30:82:57,5898764,-76

1365848560,98:D6:F7:30:82:57,5898764,-88

1365849760,98:D6:F7:30:82:57,5898764,-90

1365850960,98:D6:F7:30:82:57,5898764,-77

1365852160,98:D6:F7:30:82:57,5898764,-76

1365853359,98:D6:F7:30:82:57,5898764,-90

1365854560,98:D6:F7:30:82:57,5898764,-86

1365855760,98:D6:F7:30:82:57,5898764,-77

1365856960,98:D6:F7:30:82:57,5898764,-85

1365858160,98:D6:F7:30:82:57,5898764,-78

1365859360,98:D6:F7:30:82:57,5898764,-75

1365860560,98:D6:F7:30:82:57,5898764,-85

1365861759,98:D6:F7:30:82:57,5898764,-85

1365862960,98:D6:F7:30:82:57,5898764,-84

1365907360,98:D6:F7:30:82:57,5898764,-79
1365907360,98:D6:F7:BD:81:59,5898764,-81

1365908560,98:D6:F7:30:82:57,5898764,-98
1365908560,98:D6:F7:BD:81:59,5898764,-75

1365909759,00:23:6C:A7:A4:B5,3670284,-79
1365909759,98:D6:F7:30:82:57,5898764,-73
1365909759,98:D6:F7:BD:81:59,5898764,-81

1365910960,00:23:6C:A7:A4:B5,3670284,-85
1365910960,98:D6:F7:30:82:57,5898764,-85
1365910960,98:D6:F7:BD:81:59,5898764,-89

1365912159,00:23:6C:A7:A4:B5,3670284,-79
1365912159,98:D6:F7:30:82:57,5898764,-85
1365912159,98:D6:F7:BD:81:59,5898764,-76

1365913360,00:23:6C:A7:A4:B5,3670284,-87
1365913360,98:D6:F7:30:82:57,5898764,-77
1365913360,98:D6:F7:BD:81:59,5898764,-83

1365914560,00:23:6C:A7:A4:B5,3670284,-93
1365914560,98:D6:F7:30:82:57,5898764,-79
1365914560,98:D6:F7:BD:81:59,5898764,-87

1365915760,00:23:6C:A7:A4:B5,3670284,-90
1365915760,98:D6:F7:30:82:57,5898764,-85
1365915760,98:D6:F7:BD:81:59,5898764,-86

1365916959,98:D6:F7:30:82:57,5898764,-77
1365916959,98:D6:F7:BD:81:59,5898764,-78

1365918160,98:D6:F7:30:82:57,5898764,-77
1365918160,98:D6:F7:BD:81:59,5898764,-84

1365919359,98:D6:F7:30:82:57,5898764,-84
1365919359,98:D6:F7:BD:81:59,5898764,-81

1365920560,98:D6:F7:30:82:57,5898764,-79
1365920560,98:D6:F7:BD:81:59,5898764,-90

1365921760,98:D6:F7:30:82:57,5898764,-80
1365921760,98:D6:F7:BD:81:59,5898764,-87

1365922960,98:D6:F7:30:82:57,5898764,-81
1365922960,98:D6:F7:BD:81:59,5898764,-87

1365924160,98:D6:F7:30:82:57,5898764,-91
1365924160,98:D6:F7:BD:81:59,5898764,-90

1365925360,98:D6:F7:30:82:57,5898764,-80
1365925360,98:D6:F7:BD:81:59,5898764,-84

1365926559,98:D6:F7:30:82:57,5898764,-80
1365926559,98:D6:F7:BD:81:59,5898764,-87

1365927760,98:D6:F7:30:82:57,5898764,-78
1365927760,98:D6:F7:BD:81:59,5898764,-81

1365928960,98:D6:F7:30:82:57,5898764,-87
1365928960,98:D6:F7:BD:81:59,5898764,-82

1365930160,98:D6:F7:30:82:57,5898764,-80
1365930160,98:D6:F7:BD:81:59,5898764,-84

1365931360,98:D6:F7:30:82:57,5898764,-87
1365931360,98:D6:F7:BD:81:59,5898764,-94

1365932560,98:D6:F7:30:82:57,5898764,-77
1365932560,98:D6:F7:BD:81:59,5898764,-84

1365933759,98:D6:F7:30:82:57,5898764,-80
1365933759,98:D6:F7:BD:81:59,5898764,-82

1365934960,98:D6:F7:30:82:57,5898764,-86
1365934960,98:D6:F7:BD:81:59,5898764,-86

1365936160,98:D6:F7:30:82:57,5898764,-91
1365936160,98:D6:F7:BD:81:59,5898764,-81

1365937360,98:D6:F7:30:82:57,5898764,-78
1365937360,98:D6:F7:BD:81:59,5898764,-98

1365938560,98:D6:F7:30:82:57,5898764,-80
1365938560,98:D6:F7:BD:81:59,5898764,-82

1365939760,98:D6:F7:30:82:57,5898764,-82
1365939760,98:D6:F7:BD:81:59,5898764,-81

1365940960,98:D6:F7:30:82:57,5898764,-75
1365940960,98:D6:F7:BD:81:59,5898764,-77

1365942160,98:D6:F7:30:82:57,5898764,-78
1365942160,98:D6:F7:BD:81:59,5898764,-82

1365943360,98:D6:F7:30:82:57,5898764,-81
1365943360,98:D6:F7:BD:81:59,5898764,-78

1365944560,98:D6:F7:30:82:57,5898764,-96
1365944560,98:D6:F7:BD:81:59,5898764,-82

1365945760,98:D6:F7:30:82:57,5898764,-79
1365945760,98:D6:F7:BD:81:59,5898764,-88

1365946960,98:D6:F7:30:82:57,5898764,-83
1365946960,98:D6:F7:BD:81:59,5898764,-83

1365948160,98:D6:F7:30:82:57,5898764,-88
1365948160,98:D6:F7:BD:81:59,5898764,-86

1365950559,58:B0:35:97:9B:91,3801356,-67

1365951759,58:B0:35:97:9B:91,3801356,-66

1365952959,58:B0:35:97:9B:91,3801356,-66

1365955360,58:B0:35:97:9B:91,3801356,-69

1365956559,58:B0:35:97:9B:91,3801356,-59

1365957759,58:B0:35:97:9B:91,3801356,-64

1365958959,58:B0:35:97:9B:91,3801356,-69

1365960159,58:B0:35:97:9B:91,3801356,-58

1365961360,58:B0:35:97:9B:91,3801356,-62

1365962560,58:B0:35:97:9B:91,3801356,-61

1365963760,58:B0:35:97:9B:91,3801356,-59

1365964960,58:B0:35:97:9B:91,3801356,-75

1365966160,58:B0:35:97:9B:91,3801356,-61

1365969759,58:B0:35:97:9B:91,3801356,-80

1365972159,58:B0:35:97:9B:91,3801356,-70

1365973360,58:B0:35:97:9B:91,3801356,-66

1365974560,58:B0:35:97:9B:91,3801356,-58

1365975760,58:B0:35:97:9B:91,3801356,-59

1365976960,58:B0:35:97:9B:91,3801356,-70

1365978160,58:B0:35:97:9B:91,3801356,-58

1365979360,58:B0:35:97:9B:91,3801356,-52

1365980560,58:B0:35:97:9B:91,3801356,-49

1365981759,58:B0:35:97:9B:91,3801356,-59

1365982960,58:B0:35:97:9B:91,3801356,-55

1365984159,58:B0:35:97:9B:91,3801356,-61

1365986560,58:B0:35:97:9B:91,3801356,-56

1365988960,58:B0:35:97:9B:91,3801356,-66

1365991360,58:B0:35:97:9B:91,3801356,-59

1365994959,58:B0:35:97:9B:91,3801356,-75

1365996160,58:B0:35:97:9B:91,3801356,-75

1365997360,58:B0:35:97:9B:91,3801356,-72

1365998559,58:B0:35:97:9B:91,3801356,-62

1365999759,58:B0:35:97:9B:91,3801356,-65

1366000960,58:B0:35:97:9B:91,3801356,-62

1366002159,58:B0:35:97:9B:91,3801356,-64

1366003360,58:B0:35:97:9B:91,3801356,-62

1366004560,00:23:6C:A7:A4:B5,3670284,-86
1366004560,58:B0:35:97:9B:91,3801356,-67
1366004560,98:D6:F7:30:82:57,5898764,-86
1366004560,98:D6:F7:BD:81:59,5898764,-80

1366005759,98:D6:F7:30:82:57,5898764,-92
1366005759,98:D6:F7:BD:81:59,5898764,-90

1366006960,98:D6:F7:30:82:57,5898764,-94
1366006960,98:D6:F7:BD:81:59,5898764,-83

1366008160,98:D6:F7:30:82:57,5898764,-79
1366008160,98:D6:F7:BD:81:59,5898764,-79

1366009360,98:D6:F7:30:82:57,5898764,-86
1366009360,98:D6:F7:BD:81:59,5898764,-87

1366010560,98:D6:F7:30:82:57,5898764,-84
1366010560,98:D6:F7:BD:81:59,5898764,-81

1366011760,98:D6:F7:30:82:57,5898764,-86
1366011760,98:D6:F7:BD:81:59,5898764,-80

1366012960,98:D6:F7:30:82:57,5898764,-90
1366012960,98:D6:F7:BD:81:59,5898764,-92

1366014160,98:D6:F7:30:82:57,5898764,-87
1366014160,98:D6:F7:BD:81:59,5898764,-86

1366015360,98:D6:F7:30:82:57,5898764,-85
1366015360,98:D6:F7:BD:81:59,5898764,-85

1366016560,98:D6:F7:30:82:57,5898764,-75
1366016560,98:D6:F7:BD:81:59,5898764,-88

1366017760,98:D6:F7:30:82:57,5898764,-84
1366017760,98:D6:F7:BD:81:59,5898764,-90

1366018960,98:D6:F7:30:82:57,5898764,-87
1366018960,98:D6:F7:BD:81:59,5898764,-97

1366020160,98:D6:F7:30:82:57,5898764,-76
1366020160,98:D6:F7:BD:81:59,5898764,-82

1366021359,98:D6:F7:30:82:57,5898764,-90
1366021359,98:D6:F7:BD:81:59,5898764,-86

1366022559,98:D6:F7:30:82:57,5898764,-64
1366022559,98:D6:F7:BD:81:59,5898764,-89

1366023759,98:D6:F7:30:82:57,5898764,-81
1366023759,98:D6:F7:BD:81:59,5898764,-92

1366024959,98:D6:F7:30:82:57,5898764,-87
1366024959,98:D6:F7:BD:81:59,5898764,-91

1366026159,98:D6:F7:30:82:57,5898764,-90
1366026159,98:D6:F7:BD:81:59,5898764,-93

1366027359,98:D6:F7:30:82:57,5898764,-91
1366027359,98:D6:F7:BD:81:59,5898764,-84

1366028560,98:D6:F7:30:82:57,5898764,-79
1366028560,98:D6:F7:BD:81:59,5898764,-86

1366029759,98:D6:F7:30:82:57,5898764,-92
1366029759,98:D6:F7:BD:81:59,5898764,-92

1366030960,98:D6:F7:30:82:57,5898764,-88
1366030960,98:D6:F7:BD:81:59,5898764,-86

1366032159,98:D6:F7:30:82:57,5898764,-85
1366032159,98:D6:F7:BD:81:59,5898764,-87

1366034560,00:1D:4F:8A:D7:CC,3801348,-63
1366034560,64:B9:E8:DE:D2:11,3801348,-90

1366035761,00:1D:4F:8A:D7:CC,3801348,-64
1366035761,64:B9:E8:DE:D2:11,3801348,-75

1366036961,00:1D:4F:8A:D7:CC,3801348,-57
1366036961,00:1F:F3:AB:5A:48,3670284,-94
1366036961,64:B9:E8:DE:D2:11,3801348,-72

1366038165,00:1D:4F:8A:D7:CC,3801348,-63
1366038165,00:26:08:CC:CB:EF,3801356,-92
1366038165,64:B9:E8:DE:D2:11,3801348,-76
1366038165,7C:C3:A1:50:1A:F6,3801348,-100

1366039360,00:1D:4F:8A:D7:CC,3801348,-53
1366039360,64:B9:E8:DE:D2:11,3801348,-82

1366040562,00:1D:4F:8A:D7:CC,3801348,-53
1366040562,20:68:9D:2A:D6:15,4063500,-86
1366040562,64:B9:E8:DE:D2:11,3801348,-86

1366041761,00:1D:4F:8A:D7:CC,3801348,-59
1366041761,20:68:9D:2A:D6:15,4063500,-81
1366041761,64:B9:E8:DE:D2:11,3801348,-88

1366042960,00:1D:4F:8A:D7:CC,3801348,-53
1366042960,20:68:9D:2A:D6:15,4063500,-86
1366042960,64:B9:E8:DE:D2:11,3801348,-77

1366044167,00:1D:4F:8A:D7:CC,3801348,-63
1366044167,20:68:9D:2A:D6:15,4063500,-90
1366044167,64:B9:E8:DE:D2:11,3801348,-82
1366044167,7C:C3:A1:50:1A:F6,3801348,-97

1366045360,00:1D:4F:8A:D7:CC,3801348,-54
1366045360,20:68:9D:2A:D6:15,4063500,-79
1366045360,64:B9:E8:DE:D2:11,3801348,-81

1366046560,00:1D:4F:8A:D7:CC,3801348,-53
1366046560,20:68:9D:2A:D6:15,4063500,-85
1366046560,64:B9:E8:DE:D2:11,3801348,-74

1366047765,00:17:AC:11:A6:FD,263808,-99
1366047765,00:1D:4F:8A:D7:CC,3801348,-52
1366047765,20:68:9D:2A:D6:15,4063500,-83
1366047765,64:B9:E8:DE:D2:11,3801348,-75

1366048960,00:1D:4F:8A:D7:CC,3801348,-55
1366048960,20:68:9D:2A:D6:15,4063500,-93
1366048960,64:B9:E8:DE:D2:11,3801348,-71

1366050162,00:1D:4F:8A:D7:CC,3801348,-54
1366050162,20:68:9D:2A:D6:15,4063500,-86
1366050162,64:B9:E8:DE:D2:11,3801348,-84

1366051362,00:1D:4F:8A:D7:CC,3801348,-60
1366051362,20:68:9D:2A:D6:15,4063500,-82
1366051362,64:B9:E8:DE:D2:11,3801348,-80

1366052560,00:1D:4F:8A:D7:CC,3801348,-67
1366052560,20:68:9D:2A:D6:15,4063500,-93
1366052560,64:B9:E8:DE:D2:11,3801348,-83

1366053760,00:1D:4F:8A:D7:CC,3801348,-66
1366053760,20:68:9D:2A:D6:15,4063500,-86
1366053760,64:B9:E8:DE:D2:11,3801348,-90

1366054960,00:1D:4F:8A:D7:CC,3801348,-67
1366054960,20:68:9D:2A:D6:15,4063500,-84
1366054960,64:B9:E8:DE:D2:11,3801348,-76

1366056160,00:1D:4F:8A:D7:CC,3801348,-60
1366056160,20:68:9D:2A:D6:15,4063500,-88
1366056160,64:B9:E8:DE:D2:11,3801348,-76

1366057360,00:1D:4F:8A:D7:CC,3801348,-59
1366057360,20:68:9D:2A:D6:15,4063500,-88
1366057360,64:B9:E8:DE:D2:11,3801348,-75

1366058560,00:1D:4F:8A:D7:CC,3801348,-53
1366058560,20:68:9D:2A:D6:15,4063500,-87
1366058560,64:B9:E8:DE:D2:11,3801348,-77

1366059760,00:1D:4F:8A:D7:CC,3801348,-58
1366059760,20:68:9D:2A:D6:15,4063500,-90
1366059760,64:B9:E8:DE:D2:11,3801348,-77

1366060960,00:1D:4F:8A:D7:CC,3801348,-57
1366060960,20:68:9D:2A:D6:15,4063500,-90
1366060960,64:B9:E8:DE:D2:11,3801348,-75

1366062160,00:1D:4F:8A:D7:CC,3801348,-66
1366062160,20:68:9D:2A:D6:15,4063500,-86
1366062160,64:B9:E8:DE:D2:11,3801348,-83

1366063360,00:1D:4F:8A:D7:CC,3801348,-55
1366063360,20:68:9D:2A:D6:15,4063500,-84

1366064562,00:1D:4F:8A:D7:CC,3801348,-58
1366064562,20:68:9D:2A:D6:15,4063500,-83
1366064562,64:B9:E8:DE:D2:11,3801348,-73

1366065760,00:1D:4F:8A:D7:CC,3801348,-59
1366065760,64:B9:E8:DE:D2:11,3801348,-76

1366066960,00:1D:4F:8A:D7:CC,3801348,-63
1366066960,00:1E:C2:94:6D:10,3670276,-95
1366066960,64:B9:E8:DE:D2:11,3801348,-79

1366120962,00:1D:4F:8A:D7:CC,3801348,-54
1366120962,14:10:9F:CF:50:D4,3801356,-83
1366120962,20:68:9D:2A:D6:15,4063500,-91
1366120962,64:B9:E8:DE:D2:11,3801348,-92

1366122160,00:1D:4F:8A:D7:CC,3801348,-73
1366122160,14:10:9F:CF:50:D4,3801356,-90
1366122160,20:68:9D:2A:D6:15,4063500,-89
1366122160,64:B9:E8:DE:D2:11,3801348,-86

1366123360,00:1D:4F:8A:D7:CC,3801348,-54
1366123360,14:10:9F:CF:50:D4,3801356,-88
1366123360,20:68:9D:2A:D6:15,4063500,-96
1366123360,64:B9:E8:DE:D2:11,3801348,-80

1366124560,00:1D:4F:8A:D7:CC,3801348,-60
1366124560,14:10:9F:CF:50:D4,3801356,-82
1366124560,20:68:9D:2A:D6:15,4063500,-91
1366124560,64:B9:E8:DE:D2:11,3801348,-88

1366125763,00:1D:4F:8A:D7:CC,3801348,-65
1366125763,14:10:9F:CF:50:D4,3801356,-84
1366125763,20:68:9D:2A:D6:15,4063500,-90
1366125763,64:B9:E8:DE:D2:11,3801348,-80

1366126961,00:1D:4F:8A:D7:CC,3801348,-70
1366126961,14:10:9F:CF:50:D4,3801356,-98
1366126961,20:68:9D:2A:D6:15,4063500,-93
1366126961,64:B9:E8:DE:D2:11,3801348,-75

1366128160,00:1D:4F:8A:D7:CC,3801348,-64
1366128160,14:10:9F:CF:50:D4,3801356,-89
1366128160,20:68:9D:2A:D6:15,4063500,-87
1366128160,64:B9:E8:DE:D2:11,3801348,-86

1366129360,00:1D:4F:8A:D7:CC,3801348,-59
1366129360,14:10:9F:CF:50:D4,3801356,-83
1366129360,20:68:9D:2A:D6:15,4063500,-92
1366129360,64:B9:E8:DE:D2:11,3801348,-81

1366130565,00:1D:4F:8A:D7:CC,3801348,-67
1366130565,00:26:08:CC:CB:EF,3801356,-100
1366130565,14:10:9F:CF:50:D4,3801356,-96
1366130565,20:68:9D:2A:D6:15,4063500,-87
1366130565,64:B9:E8:DE:D2:11,3801348,-80

1366131760,00:1D:4F:8A:D7:CC,3801348,-67
1366131760,14:10:9F:CF:50:D4,3801356,-82
1366131760,20:68:9D:2A:D6:15,4063500,-93
1366131760,64:B9:E8:DE:D2:11,3801348,-82

1366132965,00:1D:4F:8A:D7:CC,3801348,-61
1366132965,14:10:9F:CF:50:D4,3801356,-91
1366132965,20:68:9D:2A:D6:15,4063500,-88
1366132965,64:B9:E8:DE:D2:11,3801348,-86
1366132965,8C:2D:AA:41:93:98,3801348,-99

1366134162,00:1D:4F:8A:D7:CC,3801348,-57
1366134162,14:10:9F:CF:50:D4,3801356,-88
1366134162,20:68:9D:2A:D6:15,4063500,-93
1366134162,64:B9:E8:DE:D2:11,3801348,-76

1366135360,00:1D:4F:8A:D7:CC,3801348,-62
1366135360,14:10:9F:CF:50:D4,3801356,-92
1366135360,20:68:9D:2A:D6:15,4063500,-86
1366135360,64:B9:E8:DE:D2:11,3801348,-87
1366135360,98:D6:F7:CE:06:A9,5898764,-87

1366136560,00:1D:4F:8A:D7:CC,3801348,-65
1366136560,00:26:08:CC:CB:EF,3801356,-95
1366136560,14:10:9F:CF:50:D4,3801356,-86
1366136560,20:68:9D:2A:D6:15,4063500,-88
1366136560,64:B9:E8:DE:D2:11,3801348,-77

1366137762,00:1D:4F:8A:D7:CC,3801348,-53
1366137762,14:10:9F:CF:50:D4,3801356,-81
1366137762,20:68:9D:2A:D6:15,4063500,-89
1366137762,64:B9:E8:DE:D2:11,3801348,-86

1366138961,00:1D:4F:8A:D7:CC,3801348,-63
1366138961,14:10:9F:CF:50:D4,3801356,-97
1366138961,20:68:9D:2A:D6:15,4063500,-88
1366138961,64:B9:E8:DE:D2:11,3801348,-80

1366140160,00:1D:4F:8A:D7:CC,3801348,-58
1366140160,14:10:9F:CF:50:D4,3801356,-92
1366140160,20:68:9D:2A:D6:15,4063500,-87
1366140160,64:B9:E8:DE:D2:11,3801348,-78

1366141361,00:1D:4F:8A:D7:CC,3801348,-68
1366141361,14:10:9F:CF:50:D4,3801356,-95
1366141361,20:68:9D:2A:D6:15,4063500,-98
1366141361,64:B9:E8:DE:D2:11,3801348,-85

1366142560,00:1D:4F:8A:D7:CC,3801348,-61
1366142560,14:10:9F:CF:50:D4,3801356,-91
1366142560,20:68:9D:2A:D6:15,4063500,-91
1366142560,64:B9:E8:DE:D2:11,3801348,-81

1366143760,00:1D:4F:8A:D7:CC,3801348,-65
1366143760,14:10:9F:CF:50:D4,3801356,-85
1366143760,20:68:9D:2A:D6:15,4063500,-91
1366143760,64:B9:E8:DE:D2:11,3801348,-84

1366144960,00:1D:4F:8A:D7:CC,3801348,-57
1366144960,14:10:9F:CF:50:D4,3801356,-100
1366144960,20:68:9D:2A:D6:15,4063500,-97
1366144960,64:B9:E8:DE:D2:11,3801348,-80

1366146162,00:1D:4F:8A:D7:CC,3801348,-63
1366146162,14:10:9F:CF:50:D4,3801356,-88
1366146162,20:68:9D:2A:D6:15,4063500,-90
1366146162,64:B9:E8:DE:D2:11,3801348,-86

1366147360,00:1D:4F:8A:D7:CC,3801348,-55
1366147360,20:68:9D:2A:D6:15,4063500,-95
1366147360,64:B9:E8:DE:D2:11,3801348,-72

1366166559,58:B0:35:97:9B:91,3801356,-63

1366167759,58:B0:35:97:9B:91,3801356,-75

1366168959,58:B0:35:97:9B:91,3801356,-68

1366170159,58:B0:35:97:9B:91,3801356,-74

1366174959,98:D6:F7:30:82:57,5898764,-80
1366174959,98:D6:F7:BD:81:59,5898764,-95

1366176159,98:D6:F7:30:82:57,5898764,-79
1366176159,98:D6:F7:BD:81:59,5898764,-85

1366177359,98:D6:F7:30:82:57,5898764,-89
1366177359,98:D6:F7:BD:81:59,5898764,-85

1366178560,98:D6:F7:30:82:57,5898764,-81
1366178560,98:D6:F7:BD:81:59,5898764,-82

1366179760,98:D6:F7:30:82:57,5898764,-85
1366179760,98:D6:F7:BD:81:59,5898764,-78

1366180960,98:D6:F7:30:82:57,5898764,-87
1366180960,98:D6:F7:BD:81:59,5898764,-78

1366182159,98:D6:F7:30:82:57,5898764,-86
1366182159,98:D6:F7:BD:81:59,5898764,-78

1366183360,98:D6:F7:30:82:57,5898764,-79
1366183360,98:D6:F7:BD:81:59,5898764,-90

1366184560,98:D6:F7:30:82:57,5898764,-82
1366184560,98:D6:F7:BD:81:59,5898764,-95

1366185759,98:D6:F7:30:82:57,5898764,-88
1366185759,98:D6:F7:BD:81:59,5898764,-80

1366186959,98:D6:F7:30:82:57,5898764,-86
1366186959,98:D6:F7:BD:81:59,5898764,-84

1366188160,98:D6:F7:30:82:57,5898764,-79
1366188160,98:D6:F7:BD:81:59,5898764,-86

1366189359,98:D6:F7:30:82:57,5898764,-87
1366189359,98:D6:F7:BD:81:59,5898764,-84

1366190560,98:D6:F7:30:82:57,5898764,-86
1366190560,98:D6:F7:BD:81:59,5898764,-86

1366191760,98:D6:F7:30:82:57,5898764,-80
1366191760,98:D6:F7:BD:81:59,5898764,-87

1366192959,98:D6:F7:30:82:57,5898764,-86
1366192959,98:D6:F7:BD:81:59,5898764,-86

1366194159,98:D6:F7:30:82:57,5898764,-83
1366194159,98:D6:F7:BD:81:59,5898764,-87

1366195360,98:D6:F7:30:82:57,5898764,-85
1366195360,98:D6:F7:BD:81:59,5898764,-92

1366196559,98:D6:F7:30:82:57,5898764,-80
1366196559,98:D6:F7:BD:81:59,5898764,-95

1366197759,98:D6:F7:30:82:57,5898764,-86
1366197759,98:D6:F7:BD:81:59,5898764,-94

1366198959,98:D6:F7:30:82:57,5898764,-94
1366198959,98:D6:F7:BD:81:59,5898764,-93

1366200159,98:D6:F7:30:82:57,5898764,-85
1366200159,98:D6:F7:BD:81:59,5898764,-92

1366201359,98:D6:F7:30:82:57,5898764,-87
1366201359,98:D6:F7:BD:81:59,5898764,-83

1366202559,98:D6:F7:30:82:57,5898764,-84
1366202559,98:D6:F7:BD:81:59,5898764,-84

1366203759,98:D6:F7:30:82:57,5898764,-73
1366203759,98:D6:F7:BD:81:59,5898764,-97

1366204959,98:D6:F7:30:82:57,5898764,-99
1366204959,98:D6:F7:BD:81:59,5898764,-79

1366218159,98:D6:F7:30:82:57,5898764,-89

1366219359,98:D6:F7:30:82:57,5898764,-84

1366220560,98:D6:F7:30:82:57,5898764,-82

1366221760,98:D6:F7:30:82:57,5898764,-86

1366222960,98:D6:F7:30:82:57,5898764,-86

1366267359,98:D6:F7:30:82:57,5898764,-89
1366267359,98:D6:F7:BD:81:59,5898764,-86

1366268559,98:D6:F7:30:82:57,5898764,-79
1366268559,98:D6:F7:BD:81:59,5898764,-92

1366269759,98:D6:F7:30:82:57,5898764,-79
1366269759,98:D6:F7:BD:81:59,5898764,-98

1366270959,98:D6:F7:30:82:57,5898764,-88
1366270959,98:D6:F7:BD:81:59,5898764,-87

1366272159,98:D6:F7:30:82:57,5898764,-83
1366272159,98:D6:F7:BD:81:59,5898764,-90

1366273359,98:D6:F7:30:82:57,5898764,-79
1366273359,98:D6:F7:BD:81:59,5898764,-90

1366274559,98:D6:F7:30:82:57,5898764,-79
1366274559,98:D6:F7:BD:81:59,5898764,-97

1366275759,98:D6:F7:30:82:57,5898764,-85

1366276959,98:D6:F7:30:82:57,5898764,-84

1366278159,98:D6:F7:30:82:57,5898764,-81

1366279360,98:D6:F7:30:82:57,5898764,-84

1366280559,98:D6:F7:30:82:57,5898764,-86

1366281760,98:D6:F7:30:82:57,5898764,-77

1366282960,98:D6:F7:30:82:57,5898764,-91

1366284160,98:D6:F7:30:82:57,5898764,-78

1366285360,98:D6:F7:30:82:57,5898764,-76

1366286560,98:D6:F7:30:82:57,5898764,-79

1366287760,98:D6:F7:30:82:57,5898764,-81

1366288960,98:D6:F7:30:82:57,5898764,-86

1366290160,98:D6:F7:30:82:57,5898764,-77

1366291359,98:D6:F7:30:82:57,5898764,-84

1366292560,98:D6:F7:30:82:57,5898764,-92
1366292560,98:D6:F7:BD:81:59,5898764,-81

1366293759,98:D6:F7:30:82:57,5898764,-90
1366293759,98:D6:F7:BD:81:59,5898764,-90

1366294959,98:D6:F7:30:82:57,5898764,-86
1366294959,98:D6:F7:BD:81:59,5898764,-88

1366296159,98:D6:F7:30:82:57,5898764,-85
1366296159,98:D6:F7:BD:81:59,5898764,-88

1366297359,98:D6:F7:30:82:57,5898764,-92
1366297359,98:D6:F7:BD:81:59,5898764,-84

1366298559,98:D6:F7:30:82:57,5898764,-76
1366298559,98:D6:F7:BD:81:59,5898764,-86

1366329759,58:B0:35:97:9B:91,3801356,-79

1366330960,58:B0:35:97:9B:91,3801356,-76

1366332160,58:B0:35:97:9B:91,3801356,-77

1366333360,58:B0:35:97:9B:91,3801356,-78

1366334560,58:B0:35:97:9B:91,3801356,-78

1366335760,58:B0:35:97:9B:91,3801356,-73

1366339360,58:B0:35:97:9B:91,3801356,-72

1366340560,58:B0:35:97:9B:91,3801356,-67

1366341760,58:B0:35:97:9B:91,3801356,-77

1366342960,58:B0:35:97:9B:91,3801356,-73

1366345360,58:B0:35:97:9B:91,3801356,-77

1366346560,58:B0:35:97:9B:91,3801356,-74

1366347759,58:B0:35:97:9B:91,3801356,-71

1366348960,58:B0:35:97:9B:91,3801356,-74

1366353760,98:D6:F7:BD:81:59,5898764,-83

1366354960,98:D6:F7:BD:81:59,5898764,-91

1366356160,98:D6:F7:BD:81:59,5898764,-91

1366357360,98:D6:F7:BD:81:59,5898764,-88

1366358559,98:D6:F7:BD:81:59,5898764,-87

1366359760,98:D6:F7:BD:81:59,5898764,-83

1366360960,98:D6:F7:BD:81:59,5898764,-85

1366362160,98:D6:F7:BD:81:59,5898764,-92

1366363360,98:D6:F7:BD:81:59,5898764,-85

1366364560,98:D6:F7:BD:81:59,5898764,-80

1366365760,98:D6:F7:BD:81:59,5898764,-90

1366366960,98:D6:F7:BD:81:59,5898764,-86

1366368160,98:D6:F7:BD:81:59,5898764,-86

1366369360,98:D6:F7:BD:81:59,5898764,-88

1366370560,98:D6:F7:BD:81:59,5898764,-86

1366371760,98:D6:F7:BD:81:59,5898764,-81

1366372959,98:D6:F7:BD:81:59,5898764,-78

1366374159,98:D6:F7:BD:81:59,5898764,-84

1366375360,98:D6:F7:BD:81:59,5898764,-85

1366376559,98:D6:F7:BD:81:59,5898764,-86

1366377759,98:D6:F7:BD:81:59,5898764,-90

1366378960,98:D6:F7:BD:81:59,5898764,-87

1366380160,98:D6:F7:BD:81:59,5898764,-94

1366381359,98:D6:F7:BD:81:59,5898764,-82

1366382560,98:D6:F7:BD:81:59,5898764,-79

1366387359,58:B0:35:97:9B:91,3801356,-76

1366388559,58:B0:35:97:9B:91,3801356,-73

1366389760,58:B0:35:97:9B:91,3801356,-68

1366390959,58:B0:35:97:9B:91,3801356,-72

1366392159,58:B0:35:97:9B:91,3801356,-80

1366393365,00:05:4F:4E:3C:F3,2098184,-97
1366393365,58:B0:35:97:9B:91,3801356,-75

1366394559,58:B0:35:97:9B:91,3801356,-67

1366395760,58:B0:35:97:9B:91,3801356,-68

1366396960,58:B0:35:97:9B:91,3801356,-74

1366399360,58:B0:35:97:9B:91,3801356,-69

1366400560,58:B0:35:97:9B:91,3801356,-76

1366401760,58:B0:35:97:9B:91,3801356,-74

1366402959,58:B0:35:97:9B:91,3801356,-87

1366404160,58:B0:35:97:9B:91,3801356,-94

1366405360,58:B0:35:97:9B:91,3801356,-62

1366406559,58:B0:35:97:9B:91,3801356,-67

1366407760,58:B0:35:97:9B:91,3801356,-70

1366408959,58:B0:35:97:9B:91,3801356,-72

1366410160,58:B0:35:97:9B:91,3801356,-74

1366422160,58:B0:35:97:9B:91,3801356,-74

1366423359,58:B0:35:97:9B:91,3801356,-70

1366424559,58:B0:35:97:9B:91,3801356,-80

1366425759,58:B0:35:97:9B:91,3801356,-70

1366426959,58:B0:35:97:9B:91,3801356,-74

1366428160,58:B0:35:97:9B:91,3801356,-69

1366509759,00:23:6C:A7:A4:B5,3670284,-89
1366509759,58:B0:35:97:9B:91,3801356,-72
1366509759,98:D6:F7:BD:81:59,5898764,-88

1366510959,58:B0:35:97:9B:91,3801356,-64
1366510959,98:D6:F7:BD:81:59,5898764,-89

1366512159,98:D6:F7:BD:81:59,5898764,-88

1366513360,58:B0:35:97:9B:91,3801356,-73
1366513360,98:D6:F7:BD:81:59,5898764,-82

1366514560,00:23:6C:A7:A4:B5,3670284,-79
1366514560,58:B0:35:97:9B:91,3801356,-71
1366514560,98:D6:F7:BD:81:59,5898764,-84

1366515760,00:23:6C:A7:A4:B5,3670284,-85
1366515760,58:B0:35:97:9B:91,3801356,-60
1366515760,98:D6:F7:BD:81:59,5898764,-86

1366516960,98:D6:F7:BD:81:59,5898764,-94

1366518159,00:23:6C:A7:A4:B5,3670284,-91
1366518159,98:D6:F7:BD:81:59,5898764,-88

1366519360,00:23:6C:A7:A4:B5,3670284,-86
1366519360,98:D6:F7:BD:81:59,5898764,-88

1366520559,98:D6:F7:BD:81:59,5898764,-86

1366521760,98:D6:F7:BD:81:59,5898764,-94

1366522960,98:D6:F7:BD:81:59,5898764,-92

1366524159,98:D6:F7:BD:81:59,5898764,-87

1366525360,98:D6:F7:BD:81:59,5898764,-90

1366526560,98:D6:F7:BD:81:59,5898764,-89

1366527760,98:D6:F7:BD:81:59,5898764,-92

1366528959,98:D6:F7:BD:81:59,5898764,-88

1366530160,98:D6:F7:BD:81:59,5898764,-86

1366531360,98:D6:F7:BD:81:59,5898764,-94

1366532560,98:D6:F7:BD:81:59,5898764,-95

1366533765,98:D6:F7:BD:81:59,5898764,-100

1366536165,98:D6:F7:BD:81:59,5898764,-96

1366537360,98:D6:F7:BD:81:59,5898764,-92

1366538560,98:D6:F7:BD:81:59,5898764,-91

1366539759,98:D6:F7:BD:81:59,5898764,-93

1366542160,98:D6:F7:BD:81:59,5898764,-99

1366543365,98:D6:F7:BD:81:59,5898764,-98

1366544560,98:D6:F7:BD:81:59,5898764,-97

1366545760,98:D6:F7:BD:81:59,5898764,-95

1366546959,98:D6:F7:BD:81:59,5898764,-95

1366548160,98:D6:F7:BD:81:59,5898764,-93

1366549360,98:D6:F7:BD:81:59,5898764,-87

1366550560,98:D6:F7:BD:81:59,5898764,-90

1366551760,98:D6:F7:BD:81:59,5898764,-90

1366554160,00:23:6C:A7:A4:B5,3670284,-93

1366555360,00:23:6C:A7:A4:B5,3670284,-86

1366556560,00:23:6C:A7:A4:B5,3670284,-85

1366557760,00:23:6C:A7:A4:B5,3670284,-90

1366558960,00:23:6C:A7:A4:B5,3670284,-97

1366560160,00:23:6C:A7:A4:B5,3670284,-85

1366561359,00:23:6C:A7:A4:B5,3670284,-87
1366561359,98:D6:F7:BD:81:59,5898764,-83

1366562560,00:23:6C:A7:A4:B5,3670284,-90
1366562560,98:D6:F7:BD:81:59,5898764,-95

1366563759,00:23:6C:A7:A4:B5,3670284,-93
1366563759,98:D6:F7:BD:81:59,5898764,-92

1366564959,00:23:6C:A7:A4:B5,3670284,-88
1366564959,58:B0:35:97:9B:91,3801356,-75
1366564959,98:D6:F7:BD:81:59,5898764,-90

1366566159,00:23:6C:A7:A4:B5,3670284,-98
1366566159,58:B0:35:97:9B:91,3801356,-75
1366566159,98:D6:F7:BD:81:59,5898764,-86

1366567360,00:23:6C:A7:A4:B5,3670284,-84
1366567360,58:B0:35:97:9B:91,3801356,-88
1366567360,98:D6:F7:BD:81:59,5898764,-82

1366568559,00:23:6C:A7:A4:B5,3670284,-81
1366568559,58:B0:35:97:9B:91,3801356,-75
1366568559,98:D6:F7:BD:81:59,5898764,-82

1366569759,00:23:6C:A7:A4:B5,3670284,-86
1366569759,58:B0:35:97:9B:91,3801356,-64
1366569759,98:D6:F7:BD:81:59,5898764,-78

1366570961,00:23:6C:A7:A4:B5,3670284,-82
1366570961,58:B0:35:97:9B:91,3801356,-75
1366570961,98:D6:F7:BD:81:59,5898764,-85

1366572159,00:23:6C:A7:A4:B5,3670284,-93
1366572159,98:D6:F7:BD:81:59,5898764,-93

1366573359,00:23:6C:A7:A4:B5,3670284,-93
1366573359,58:B0:35:97:9B:91,3801356,-78
1366573359,98:D6:F7:BD:81:59,5898764,-93

1366574559,00:23:6C:A7:A4:B5,3670284,-79
1366574559,58:B0:35:97:9B:91,3801356,-74
1366574559,98:D6:F7:BD:81:59,5898764,-88

1366575759,00:23:6C:A7:A4:B5,3670284,-88
1366575759,58:B0:35:97:9B:91,3801356,-70
1366575759,98:D6:F7:BD:81:59,5898764,-85

1366576960,00:23:6C:A7:A4:B5,3670284,-92
1366576960,58:B0:35:97:9B:91,3801356,-72
1366576960,98:D6:F7:BD:81:59,5898764,-82

1366597360,58:B0:35:97:9B:91,3801356,-64

1366603359,98:D6:F7:BD:81:59,5898764,-88

1366604559,00:23:6C:A7:A4:B5,3670284,-88
1366604559,98:D6:F7:BD:81:59,5898764,-82

1366605760,00:23:6C:A7:A4:B5,3670284,-86
1366605760,98:D6:F7:BD:81:59,5898764,-85

1366606959,00:23:6C:A7:A4:B5,3670284,-98
1366606959,98:D6:F7:BD:81:59,5898764,-90

1366608159,98:D6:F7:BD:81:59,5898764,-99

1366609360,00:23:6C:A7:A4:B5,3670284,-96
1366609360,98:D6:F7:BD:81:59,5898764,-86

1366610559,98:D6:F7:BD:81:59,5898764,-84

1366611760,98:D6:F7:BD:81:59,5898764,-83

1366612959,98:D6:F7:BD:81:59,5898764,-84

1366614159,98:D6:F7:BD:81:59,5898764,-93

1366615359,98:D6:F7:BD:81:59,5898764,-88

1366616560,98:D6:F7:BD:81:59,5898764,-89

1366617759,98:D6:F7:BD:81:59,5898764,-84

1366618960,98:D6:F7:BD:81:59,5898764,-82

1366620160,98:D6:F7:BD:81:59,5898764,-87

1366621360,98:D6:F7:BD:81:59,5898764,-86

1366622560,98:D6:F7:BD:81:59,5898764,-92

1366623760,98:D6:F7:BD:81:59,5898764,-89

1366624959,98:D6:F7:BD:81:59,5898764,-97

1366626159,98:D6:F7:BD:81:59,5898764,-83

1366627359,98:D6:F7:BD:81:59,5898764,-93

1366628559,98:D6:F7:BD:81:59,5898764,-90

1366629760,98:D6:F7:BD:81:59,5898764,-88

1366630960,98:D6:F7:BD:81:59,5898764,-87

1366632160,98:D6:F7:BD:81:59,5898764,-84

1366633360,98:D6:F7:BD:81:59,5898764,-86

1366634560,98:D6:F7:BD:81:59,5898764,-91

1366635759,98:D6:F7:BD:81:59,5898764,-83

1366636960,98:D6:F7:BD:81:59,5898764,-82

1366638160,98:D6:F7:BD:81:59,5898764,-82

1366639360,98:D6:F7:BD:81:59,5898764,-94

1366770159,58:B0:35:97:9B:91,3801356,-72

1366830174,00:06:66:46:9A:0A,7936,-83
1366830174,00:06:66:46:B6:24,7936,-90
1366830174,00:06:66:46:B6:9C,7936,-90
1366830174,00:06:66:46:B7:F2,7936,-90
1366830174,00:1E:C2:94:6D:EE,3801348,-69
1366830174,00:1E:C2:95:92:57,3801348,-54
1366830174,00:1E:C2:98:1B:79,3801348,-83
1366830174,00:1F:F3:A4:E4:F1,3670276,-87
1366830174,10:68:3F:57:8D:7A,5898764,-73
1366830174,10:68:3F:5E:25:70,5898764,-81
1366830174,44:2A:60:D7:8A:E1,3670276,-92
1366830174,64:B9:E8:DE:D9:B7,3801348,-96
1366830174,98:D6:F7:BD:81:59,5898764,-72

1366831365,00:06:66:46:B6:24,7936,-88
1366831365,00:06:66:46:B7:F2,7936,-93
1366831365,00:1E:C2:94:6D:EE,3801348,-59
1366831365,00:1E:C2:95:92:57,3801348,-53
1366831365,00:1E:C2:98:1B:79,3801348,-93
1366831365,10:68:3F:57:8D:7A,5898764,-63
1366831365,10:68:3F:5E:25:70,5898764,-76
1366831365,98:D6:F7:BD:81:59,5898764,-79

1366832576,00:06:66:46:9A:0A,7936,-98
1366832576,00:06:66:46:B6:24,7936,-90
1366832576,00:06:66:46:B7:F2,7936,-91
1366832576,00:1E:C2:94:6D:EE,3801348,-65
1366832576,00:1E:C2:95:92:57,3801348,-49
1366832576,00:1E:C2:98:1B:79,3801348,-94
1366832576,00:1F:F3:A4:E4:F1,3670276,-93
1366832576,10:68:3F:57:8D:7A,5898764,-86
1366832576,10:68:3F:5E:25:70,5898764,-71
1366832576,20:68:9D:2A:D6:15,4063500,-94
1366832576,64:B9:E8:DE:D9:B7,3801348,-97
1366832576,98:D6:F7:BD:81:59,5898764,-73
1366832576,98:D6:F7:BE:58:04,5898764,-94

1366833760,14:10:9F:CF:50:D4,3801356,-83
1366833760,58:B0:35:97:9B:91,3801356,-67

1366834959,14:10:9F:CF:50:D4,3801356,-89
1366834959,20:68:9D:2A:D6:15,4063500,-91
1366834959,58:B0:35:97:9B:91,3801356,-66
1366834959,64:B9:E8:DE:D2:11,3801348,-83

1366836160,20:68:9D:2A:D6:15,4063500,-92
1366836160,58:B0:35:97:9B:91,3801356,-74
1366836160,64:B9:E8:DE:D2:11,3801348,-90

1366837360,20:68:9D:2A:D6:15,4063500,-100
1366837360,58:B0:35:97:9B:91,3801356,-59
1366837360,64:B9:E8:DE:D2:11,3801348,-87

1366838565,00:16:CB:32:57:5B,3670276,-94
1366838565,98:D6:F7:2D:F7:81,5898764,-94
1366838565,B8:F6:B1:33:71:9F,3670276,-88

1366839759,A4:D1:D2:22:FA:57,1052,-92

1366846960,58:B0:35:97:9B:91,3801356,-67

1366848159,58:B0:35:97:9B:91,3801356,-80

1366849360,58:B0:35:97:9B:91,3801356,-76

1366850559,58:B0:35:97:9B:91,3801356,-68

1366851759,98:D6:F7:BD:81:59,5898764,-76

1366852960,98:D6:F7:BD:81:59,5898764,-83

1366854160,00:23:6C:A7:A4:B5,3670284,-83
1366854160,98:D6:F7:BD:81:59,5898764,-81

1366855360,00:23:6C:A7:A4:B5,3670284,-90
1366855360,98:D6:F7:BD:81:59,5898764,-77

1366856559,00:23:6C:A7:A4:B5,3670284,-94
1366856559,98:D6:F7:BD:81:59,5898764,-83

1366857760,00:23:6C:A7:A4:B5,3670284,-90
1366857760,98:D6:F7:BD:81:59,5898764,-86

1366858959,00:23:6C:A7:A4:B5,3670284,-84
1366858959,98:D6:F7:BD:81:59,5898764,-93

1366860159,00:23:6C:A7:A4:B5,3670284,-96
1366860159,58:B0:35:97:9B:91,3801356,-63

1366861360,00:23:6C:A7:A4:B5,3670284,-92
1366861360,58:B0:35:97:9B:91,3801356,-67
1366861360,98:D6:F7:30:82:57,5898764,-86
1366861360,98:D6:F7:BD:81:59,5898764,-90

1366862560,00:23:6C:A7:A4:B5,3670284,-86
1366862560,98:D6:F7:30:82:57,5898764,-83
1366862560,98:D6:F7:BD:81:59,5898764,-88

1366863760,00:23:6C:A7:A4:B5,3670284,-90
1366863760,98:D6:F7:30:82:57,5898764,-80
1366863760,98:D6:F7:BD:81:59,5898764,-77

1366864960,00:23:6C:A7:A4:B5,3670284,-92
1366864960,98:D6:F7:30:82:57,5898764,-84
1366864960,98:D6:F7:BD:81:59,5898764,-88

1366866159,00:23:6C:A7:A4:B5,3670284,-87
1366866159,98:D6:F7:30:82:57,5898764,-90
1366866159,98:D6:F7:BD:81:59,5898764,-84

1366867359,00:23:6C:A7:A4:B5,3670284,-98
1366867359,98:D6:F7:30:82:57,5898764,-84
1366867359,98:D6:F7:BD:81:59,5898764,-74

1366868559,00:23:6C:A7:A4:B5,3670284,-96
1366868559,98:D6:F7:30:82:57,5898764,-96
1366868559,98:D6:F7:BD:81:59,5898764,-83

1366869759,00:23:6C:A7:A4:B5,3670284,-91
1366869759,98:D6:F7:30:82:57,5898764,-95
1366869759,98:D6:F7:BD:81:59,5898764,-85

1366870959,00:23:6C:A7:A4:B5,3670284,-81
1366870959,98:D6:F7:30:82:57,5898764,-82
1366870959,98:D6:F7:BD:81:59,5898764,-93

1366872159,00:23:6C:A7:A4:B5,3670284,-91
1366872159,98:D6:F7:30:82:57,5898764,-94
1366872159,98:D6:F7:BD:81:59,5898764,-92

1366873359,98:D6:F7:30:82:57,5898764,-91
1366873359,98:D6:F7:BD:81:59,5898764,-94

1366874560,98:D6:F7:30:82:57,5898764,-85
1366874560,98:D6:F7:BD:81:59,5898764,-99

1366875759,98:D6:F7:30:82:57,5898764,-82
1366875759,98:D6:F7:BD:81:59,5898764,-95

1366876959,98:D6:F7:30:82:57,5898764,-97
1366876959,98:D6:F7:BD:81:59,5898764,-92

1366878159,98:D6:F7:30:82:57,5898764,-87
1366878159,98:D6:F7:BD:81:59,5898764,-86

1366879360,98:D6:F7:30:82:57,5898764,-83
1366879360,98:D6:F7:BD:81:59,5898764,-96

1366880559,98:D6:F7:30:82:57,5898764,-83
1366880559,98:D6:F7:BD:81:59,5898764,-87

1366881759,98:D6:F7:30:82:57,5898764,-84
1366881759,98:D6:F7:BD:81:59,5898764,-88

1366882959,98:D6:F7:30:82:57,5898764,-95
1366882959,98:D6:F7:BD:81:59,5898764,-91

1366884159,98:D6:F7:30:82:57,5898764,-84
1366884159,98:D6:F7:BD:81:59,5898764,-88

1366885360,98:D6:F7:30:82:57,5898764,-90
1366885360,98:D6:F7:BD:81:59,5898764,-90

1366886560,98:D6:F7:30:82:57,5898764,-91
1366886560,98:D6:F7:BD:81:59,5898764,-86

1366887760,98:D6:F7:30:82:57,5898764,-84
1366887760,98:D6:F7:BD:81:59,5898764,-88

1366888960,98:D6:F7:30:82:57,5898764,-89
1366888960,98:D6:F7:BD:81:59,5898764,-87

1366890160,98:D6:F7:30:82:57,5898764,-91
1366890160,98:D6:F7:BD:81:59,5898764,-90

1366891360,98:D6:F7:30:82:57,5898764,-86
1366891360,98:D6:F7:BD:81:59,5898764,-90

1366892560,98:D6:F7:30:82:57,5898764,-90
1366892560,98:D6:F7:BD:81:59,5898764,-86

1366893760,98:D6:F7:30:82:57,5898764,-89
1366893760,98:D6:F7:BD:81:59,5898764,-86

1366894960,98:D6:F7:30:82:57,5898764,-88
1366894960,98:D6:F7:BD:81:59,5898764,-85

1366896160,98:D6:F7:30:82:57,5898764,-85
1366896160,98:D6:F7:BD:81:59,5898764,-90

1366897360,00:23:6C:A7:A4:B5,3670284,-89
1366897360,98:D6:F7:30:82:57,5898764,-86
1366897360,98:D6:F7:BD:81:59,5898764,-87

1366898559,98:D6:F7:30:82:57,5898764,-87
1366898559,98:D6:F7:BD:81:59,5898764,-87

1366899759,98:D6:F7:30:82:57,5898764,-83

1366904560,64:B9:E8:DE:D2:11,3801348,-88

1366905759,64:B9:E8:DE:D2:11,3801348,-75

1366906959,64:B9:E8:DE:D2:11,3801348,-86

1366909359,20:68:9D:2A:D6:15,4063500,-87
1366909359,64:B9:E8:DE:D2:11,3801348,-82

1366910559,20:68:9D:2A:D6:15,4063500,-92
1366910559,64:B9:E8:DE:D2:11,3801348,-78

1366911760,20:68:9D:2A:D6:15,4063500,-88
1366911760,64:B9:E8:DE:D2:11,3801348,-87

1366912960,20:68:9D:2A:D6:15,4063500,-90
1366912960,64:B9:E8:DE:D2:11,3801348,-80

1366914159,20:68:9D:2A:D6:15,4063500,-92
1366914159,64:B9:E8:DE:D2:11,3801348,-86

1366915359,14:10:9F:CF:50:D4,3801356,-84
1366915359,20:68:9D:2A:D6:15,4063500,-93
1366915359,64:B9:E8:DE:D2:11,3801348,-82

1366916560,14:10:9F:CF:50:D4,3801356,-83
1366916560,20:68:9D:2A:D6:15,4063500,-94
1366916560,64:B9:E8:DE:D2:11,3801348,-86

1366917760,14:10:9F:CF:50:D4,3801356,-76
1366917760,20:68:9D:2A:D6:15,4063500,-94
1366917760,58:B0:35:97:9B:91,3801356,-70
1366917760,64:B9:E8:DE:D2:11,3801348,-92
1366917760,8C:2D:AA:41:93:98,3801348,-97

1366918960,14:10:9F:CF:50:D4,3801356,-78
1366918960,20:68:9D:2A:D6:15,4063500,-94
1366918960,58:B0:35:97:9B:91,3801356,-58
1366918960,64:B9:E8:DE:D2:11,3801348,-87

1366920159,14:10:9F:CF:50:D4,3801356,-78
1366920159,20:68:9D:2A:D6:15,4063500,-94
1366920159,58:B0:35:97:9B:91,3801356,-63
1366920159,64:B9:E8:DE:D2:11,3801348,-80

