id,device,timestamp
7c094875-df0d-4fbc-8523-2382f11ace3c-36,688f190a-3d4c-4af2-95f7-19ee6c4d639a,1364113345
c7e3e225-6c16-4aaa-8f3a-207af6c49484-142,688f190a-3d4c-4af2-95f7-19ee6c4d639a,1364106145
1006ac4f-823e-48aa-b5e8-6f93353433b1-46,688f190a-3d4c-4af2-95f7-19ee6c4d639a,1364131345
b6817801-d5a1-4e50-9989-4a859e3925a5-31,688f190a-3d4c-4af2-95f7-19ee6c4d639a,1364102545
cb7de774-f184-40de-ad4d-ceb0dbe0eb08-47,688f190a-3d4c-4af2-95f7-19ee6c4d639a,1364124145
81fd7daf-b61c-4745-b231-905dd517184a-48,688f190a-3d4c-4af2-95f7-19ee6c4d639a,1364116945
8ce46342-fc2c-4810-984f-b454ff26bdc2-18,688f190a-3d4c-4af2-95f7-19ee6c4d639a,1364095345
d525e2a3-dc78-4fb3-9367-45adff710fb3-69,688f190a-3d4c-4af2-95f7-19ee6c4d639a,1364109745
ccef6de1-aada-4995-9ff9-5ab891a2f165-98,688f190a-3d4c-4af2-95f7-19ee6c4d639a,1364098945
def10b05-6590-4b16-a48e-b665b1104309-44,688f190a-3d4c-4af2-95f7-19ee6c4d639a,1364138545
db4fb9ea-5ae1-4b08-802e-be12b48c454d-47,688f190a-3d4c-4af2-95f7-19ee6c4d639a,1364134945
984ce0c7-cc44-4ac5-88e8-1dbd3f4e2ab3-47,688f190a-3d4c-4af2-95f7-19ee6c4d639a,1364120545
a7fb500e-5dbe-4f3c-984c-6828ae216bb8-45,688f190a-3d4c-4af2-95f7-19ee6c4d639a,1364142145
699e2d84-bf6d-49fd-be60-339be2e85365-47,688f190a-3d4c-4af2-95f7-19ee6c4d639a,1364127745
2218e91d-a220-45f1-b1e2-b9c657bde612-34,688f190a-3d4c-4af2-95f7-19ee6c4d639a,1364145745
7b227594-80ba-45ab-a1bb-7c329d2619e6-36,688f190a-3d4c-4af2-95f7-19ee6c4d639a,1364149345
3a6c8a8c-d709-41fe-86a5-4c0022ef1409-36,688f190a-3d4c-4af2-95f7-19ee6c4d639a,1364152945
f0a5d328-65c6-4705-8454-edf0655ab22d-39,688f190a-3d4c-4af2-95f7-19ee6c4d639a,1364156545
69a02965-501a-49c3-b632-543d80009d20-38,688f190a-3d4c-4af2-95f7-19ee6c4d639a,1364160145
59da7f17-6d23-41b3-97b1-03159912cf33-65,688f190a-3d4c-4af2-95f7-19ee6c4d639a,1364163745
e69716ec-30f8-4ec9-9de1-d16d74a36e7e-38,688f190a-3d4c-4af2-95f7-19ee6c4d639a,1364167345
de52d178-3459-48a0-93ef-0dbcb8e2d3f6-37,688f190a-3d4c-4af2-95f7-19ee6c4d639a,1364170945
3ba93e43-ca17-432c-ad2b-1c977dfffc34-35,688f190a-3d4c-4af2-95f7-19ee6c4d639a,1364174545
50aaba8d-43c2-4dd2-bce8-af4619494f2a-35,688f190a-3d4c-4af2-95f7-19ee6c4d639a,1364178145
7f7068bd-0fdf-4da8-b4cd-b68808b04d81-36,688f190a-3d4c-4af2-95f7-19ee6c4d639a,1364181745
5f226f0b-5da7-4844-8364-d6849c16a8b9-44,688f190a-3d4c-4af2-95f7-19ee6c4d639a,1364185345
fc06306a-37d8-460e-953d-a02e347d4809-48,688f190a-3d4c-4af2-95f7-19ee6c4d639a,1364188945
11edb89d-420c-42c7-a83a-e746c9507718-47,688f190a-3d4c-4af2-95f7-19ee6c4d639a,1364192545
ceaf3c13-feb3-4abf-9b15-b5a5dbf9066f-46,688f190a-3d4c-4af2-95f7-19ee6c4d639a,1364196145
65c8d19f-cad9-4208-b7ef-e9c3a32f99e5-45,688f190a-3d4c-4af2-95f7-19ee6c4d639a,1364199745
01649ea3-ae21-4982-b7eb-ab582a9640fd-47,688f190a-3d4c-4af2-95f7-19ee6c4d639a,1364203345
3af29425-cd6b-453d-82e5-74c21b71d233-50,688f190a-3d4c-4af2-95f7-19ee6c4d639a,1364206945
6c28f3a3-5d77-43dc-b9a4-2e489b5bb11c-45,688f190a-3d4c-4af2-95f7-19ee6c4d639a,1364210545
32f115a5-45fe-49af-9da6-e7ea85fba7ca-46,688f190a-3d4c-4af2-95f7-19ee6c4d639a,1364214145
03b4e96b-cfff-4840-a6be-826b617e21e8-47,688f190a-3d4c-4af2-95f7-19ee6c4d639a,1364217745
8ad196d1-b941-4a6d-a529-c6c4992f5c2b-49,688f190a-3d4c-4af2-95f7-19ee6c4d639a,1364221345
465357f0-bf73-4c58-a3df-e494a54dcb23-48,688f190a-3d4c-4af2-95f7-19ee6c4d639a,1364224945
b4eefc7e-c32e-4055-bffb-9ba036ad6dee-45,688f190a-3d4c-4af2-95f7-19ee6c4d639a,1364228545
c837c83c-d259-476a-85e3-60aa87b7142e-69,688f190a-3d4c-4af2-95f7-19ee6c4d639a,1364232145
4473abc4-93a4-4d6a-a639-adf2111a4129-44,688f190a-3d4c-4af2-95f7-19ee6c4d639a,1364235745
40358343-f04e-421f-9881-c6e0912ee5cd-36,688f190a-3d4c-4af2-95f7-19ee6c4d639a,1364239345
19f84804-20ba-4c70-8d0c-589ea1ca629c-36,688f190a-3d4c-4af2-95f7-19ee6c4d639a,1364242945
100a5d1e-02e0-47cf-87c3-a6b1ec05c269-37,688f190a-3d4c-4af2-95f7-19ee6c4d639a,1364246545
c44780e8-2a09-4449-9b6c-4f06c2768738-36,688f190a-3d4c-4af2-95f7-19ee6c4d639a,1364250145
3f9e4898-b46c-4d7a-b41a-ef20d2537d58-42,688f190a-3d4c-4af2-95f7-19ee6c4d639a,1364304145
b361ce2c-59f1-4909-aac9-b7e98ec1f8bf-53,688f190a-3d4c-4af2-95f7-19ee6c4d639a,1364296945
01c6c83c-acc6-457f-9b5f-9f04c53ca3cd-35,688f190a-3d4c-4af2-95f7-19ee6c4d639a,1364257345
e973285f-4354-4d25-a264-05837503a834-57,688f190a-3d4c-4af2-95f7-19ee6c4d639a,1364314945
cea3c702-5791-480b-8f11-270268f25da4-36,688f190a-3d4c-4af2-95f7-19ee6c4d639a,1364340145
9041c31f-1c1f-4d23-9ef5-fc4a24f3bab9-46,688f190a-3d4c-4af2-95f7-19ee6c4d639a,1364322145
616e9303-d991-4a86-80c2-3327f7539621-35,688f190a-3d4c-4af2-95f7-19ee6c4d639a,1364264545
4753a386-69ee-462b-b2b6-d6d7701338ee-37,688f190a-3d4c-4af2-95f7-19ee6c4d639a,1364268145
1613a036-f8a6-49fe-8b1e-a599babcf4c3-44,688f190a-3d4c-4af2-95f7-19ee6c4d639a,1364289745
a36191a5-56c2-418d-9823-4c4edf47e1e7-35,688f190a-3d4c-4af2-95f7-19ee6c4d639a,1364275345
aa31de6e-a5ec-4dfb-8e09-f861093ca129-42,688f190a-3d4c-4af2-95f7-19ee6c4d639a,1364293345
32d0e687-97bf-4f42-8097-370de6a84004-37,688f190a-3d4c-4af2-95f7-19ee6c4d639a,1364260945
a9c1791a-8764-4f89-a449-ca79d0166273-35,688f190a-3d4c-4af2-95f7-19ee6c4d639a,1364253745
4a69d100-8467-4b61-afa5-4d8291690f5c-63,688f190a-3d4c-4af2-95f7-19ee6c4d639a,1364325745
f16e83fd-1d42-4dca-9b74-eb565f52438d-36,688f190a-3d4c-4af2-95f7-19ee6c4d639a,1364282545
52b87402-2059-4324-bb0d-fa2eb515bce6-48,688f190a-3d4c-4af2-95f7-19ee6c4d639a,1364336545
7123431c-3210-4aa4-849a-0d94f340926f-37,688f190a-3d4c-4af2-95f7-19ee6c4d639a,1364271745
64bb4b87-e96f-4f14-8a4c-c5987c9e8649-43,688f190a-3d4c-4af2-95f7-19ee6c4d639a,1364286145
fd7368da-cb51-4a24-9b96-e8e3ddf103b6-45,688f190a-3d4c-4af2-95f7-19ee6c4d639a,1364318545
64049696-4e47-4b48-8594-cf8d7b367f05-36,688f190a-3d4c-4af2-95f7-19ee6c4d639a,1364278945
8617f3aa-b3b7-40f6-9059-9dbdcb3ab602-49,688f190a-3d4c-4af2-95f7-19ee6c4d639a,1364329345
5679d302-c80d-48d9-bdb9-c6d2185bd3b2-56,688f190a-3d4c-4af2-95f7-19ee6c4d639a,1364311345
8ceb2943-9f4a-43e0-bf97-e234a66a0e16-48,688f190a-3d4c-4af2-95f7-19ee6c4d639a,1364332945
5bf3a437-c11b-4044-8871-91e8bf14f37a-46,688f190a-3d4c-4af2-95f7-19ee6c4d639a,1364300545
b41e1139-d022-4ae1-af3a-58db0e242649-40,688f190a-3d4c-4af2-95f7-19ee6c4d639a,1364307745
95f37d37-f26e-4356-b66e-f297178441d9-37,688f190a-3d4c-4af2-95f7-19ee6c4d639a,1364343745
acff7432-ae29-4a89-a2ab-04755e8bc59d-45,688f190a-3d4c-4af2-95f7-19ee6c4d639a,1364383345
13b3f18d-5ede-485e-bf2d-406fc8a382ef-72,688f190a-3d4c-4af2-95f7-19ee6c4d639a,1364350945
764c0cf0-f6e7-4fb9-b5ff-aaa643939259-114,688f190a-3d4c-4af2-95f7-19ee6c4d639a,1364361745
0a1d0693-f806-4252-868d-8040a181daa3-66,688f190a-3d4c-4af2-95f7-19ee6c4d639a,1364390545
8c834419-443f-4526-965b-d5e4e42be533-45,688f190a-3d4c-4af2-95f7-19ee6c4d639a,1364368945
bddc5eab-48d4-41ba-be2a-c2fabc67d4b3-47,688f190a-3d4c-4af2-95f7-19ee6c4d639a,1364372545
17a46ba6-d271-4fbc-9ec6-0d31605caa59-44,688f190a-3d4c-4af2-95f7-19ee6c4d639a,1364386945
72f5d73f-f271-4f0f-95c5-5698f62ac996-44,688f190a-3d4c-4af2-95f7-19ee6c4d639a,1364379745
f0b56c3e-ba9e-4848-b0d8-962fbe84104e-62,688f190a-3d4c-4af2-95f7-19ee6c4d639a,1364358145
37fa0cfa-e961-42b6-9b77-e9284f1f3f25-44,688f190a-3d4c-4af2-95f7-19ee6c4d639a,1364365345
5a2a7160-ee09-4b67-ab9a-fbefea1acaca-44,688f190a-3d4c-4af2-95f7-19ee6c4d639a,1364376145
850c7e46-cdcd-4eac-85a2-40846b148be0-66,688f190a-3d4c-4af2-95f7-19ee6c4d639a,1364354545
ebe40533-f963-423c-8fe1-215d2045a2fd-37,688f190a-3d4c-4af2-95f7-19ee6c4d639a,1364347345
e088697e-4d5e-4ec2-9f02-1fcbc018b3a7-28,688f190a-3d4c-4af2-95f7-19ee6c4d639a,1364394145
2769fe40-dbea-475a-80c6-33f705ae5964-36,688f190a-3d4c-4af2-95f7-19ee6c4d639a,1364397745
23a87f56-418d-47a3-a232-81efc374b547-103,688f190a-3d4c-4af2-95f7-19ee6c4d639a,1364401345
646bf7e0-6e77-46ba-8e3c-3f1ad6e432ef-35,688f190a-3d4c-4af2-95f7-19ee6c4d639a,1364404945
4a3c08e1-75b4-44a9-a232-93c9583ccc6c-49,688f190a-3d4c-4af2-95f7-19ee6c4d639a,1364408545
e21e68e2-6e30-42af-9431-6217c88a3e4c-86,688f190a-3d4c-4af2-95f7-19ee6c4d639a,1364444545
5df6f707-8c55-40f7-8eca-3f6d01acd54a-58,688f190a-3d4c-4af2-95f7-19ee6c4d639a,1364412145
5383411c-fcf2-4973-abaa-e76fad074c1c-36,688f190a-3d4c-4af2-95f7-19ee6c4d639a,1364422945
96dbb05c-69ed-404d-a912-9ca78d8f60bf-229,688f190a-3d4c-4af2-95f7-19ee6c4d639a,1364440945
15767e8c-e5de-49ba-9041-765a5ea7b62e-87,688f190a-3d4c-4af2-95f7-19ee6c4d639a,1364430145
204d1d90-d634-436c-9ad3-862fda594d3b-146,688f190a-3d4c-4af2-95f7-19ee6c4d639a,1364448145
ae75e23a-bdf2-4509-bd15-75d82f3feb35-139,688f190a-3d4c-4af2-95f7-19ee6c4d639a,1364433745
db6c30a6-daa9-46b5-8d86-d63b88ba7d67-36,688f190a-3d4c-4af2-95f7-19ee6c4d639a,1364419345
78a1b2bb-3a1a-430d-9dce-dc4ac28b12a7-79,688f190a-3d4c-4af2-95f7-19ee6c4d639a,1364437345
3cf011d9-4959-4eed-ade3-f2beb0961be1-54,688f190a-3d4c-4af2-95f7-19ee6c4d639a,1364426545
42b7d091-6069-492a-aad6-643cea7a2344-67,688f190a-3d4c-4af2-95f7-19ee6c4d639a,1364415745
92d1d692-2673-4fc0-98d1-3fb9a327dab9-76,688f190a-3d4c-4af2-95f7-19ee6c4d639a,1364451745
963302ba-ccca-4da3-8585-96097e1b3f62-72,688f190a-3d4c-4af2-95f7-19ee6c4d639a,1364455345
963302ba-ccca-4da3-8585-96097e1b3f62-96,688f190a-3d4c-4af2-95f7-19ee6c4d639a,1364499395
9e0cdd68-5e7d-449a-abb1-282d424fbb81-69,688f190a-3d4c-4af2-95f7-19ee6c4d639a,1364502995
24e6b1a3-c768-4f98-b9af-a26ef32c4912-99,688f190a-3d4c-4af2-95f7-19ee6c4d639a,1364506595
5add6029-b1a8-4a6b-9450-eed8e1918cd5-119,688f190a-3d4c-4af2-95f7-19ee6c4d639a,1364510195
8a51dbab-4ee7-4947-9386-47d741b34bb2-114,688f190a-3d4c-4af2-95f7-19ee6c4d639a,1364513795
b3cbeac3-6ddf-4489-8dd1-adc50d27d6b2-122,688f190a-3d4c-4af2-95f7-19ee6c4d639a,1364524595
6e5dae6e-17a3-412a-a938-fd1fb4f47c6f-146,688f190a-3d4c-4af2-95f7-19ee6c4d639a,1364528195
02778a17-9305-47c9-ab9f-60ad7a875b87-116,688f190a-3d4c-4af2-95f7-19ee6c4d639a,1364520995
37dc5107-202a-4fb6-8a0f-a50b604541cf-148,688f190a-3d4c-4af2-95f7-19ee6c4d639a,1364517395
1bd074df-31b2-4832-9159-9a44e91b8196-84,688f190a-3d4c-4af2-95f7-19ee6c4d639a,1364531795
89500138-b0a9-4c2f-9c79-da20b4750e56-76,688f190a-3d4c-4af2-95f7-19ee6c4d639a,1364535395
91c13d6e-0f13-4889-bfa8-4943b1f684b7-36,688f190a-3d4c-4af2-95f7-19ee6c4d639a,1364538995
fdc93730-4a8f-4131-8933-a448a624d668-20,688f190a-3d4c-4af2-95f7-19ee6c4d639a,1364542595
2b424d67-2f25-4d24-b2b8-47dd08c29735-20,688f190a-3d4c-4af2-95f7-19ee6c4d639a,1364546195
1b4a06ad-56fd-426b-9362-f2a89827bd58-79,688f190a-3d4c-4af2-95f7-19ee6c4d639a,1364549795
96377391-74d5-408f-b298-2d8f23b6d762-68,688f190a-3d4c-4af2-95f7-19ee6c4d639a,1364553395
48f5ad65-61ce-4c3c-af1a-c1fcedb3d0a8-65,688f190a-3d4c-4af2-95f7-19ee6c4d639a,1364556995
027d4520-77ce-403a-b214-ec20bbaf5f3a-21,688f190a-3d4c-4af2-95f7-19ee6c4d639a,1364582195
73870b84-73c9-41d7-ab77-002ae5686971-28,688f190a-3d4c-4af2-95f7-19ee6c4d639a,1364639795
58b6513e-bd47-4334-8b14-3d0dcb3b1092-26,688f190a-3d4c-4af2-95f7-19ee6c4d639a,1364592995
e2a646f5-124d-4c9c-9386-fb818ee5129c-32,688f190a-3d4c-4af2-95f7-19ee6c4d639a,1364621795
27dd8a8a-e4f9-4eca-b770-04c2010d7002-31,688f190a-3d4c-4af2-95f7-19ee6c4d639a,1364600195
767239ae-6077-48e1-9134-d2bb8133f786-26,688f190a-3d4c-4af2-95f7-19ee6c4d639a,1364628995
6d311509-f2c8-4f6b-9a70-6bb11c292330-33,688f190a-3d4c-4af2-95f7-19ee6c4d639a,1364610995
7f45172c-1869-42d6-9eec-c57b5cf5750b-30,688f190a-3d4c-4af2-95f7-19ee6c4d639a,1364574995
dc5541d0-b069-4be2-86a3-aeada6e4d2e3-36,688f190a-3d4c-4af2-95f7-19ee6c4d639a,1364643395
3205a921-a8b2-46e2-93a8-9ac3b216d426-37,688f190a-3d4c-4af2-95f7-19ee6c4d639a,1364596595
0a57e716-27d5-43e5-a42e-071d1d5f126e-29,688f190a-3d4c-4af2-95f7-19ee6c4d639a,1364646995
9aa67cb9-f511-40ec-b56f-8f453421ed4a-20,688f190a-3d4c-4af2-95f7-19ee6c4d639a,1364625395
fafb1446-81a4-4de9-9b50-29075b5534a0-25,688f190a-3d4c-4af2-95f7-19ee6c4d639a,1364618195
ba9aef0e-6aac-4526-aece-5a45e8d09699-91,688f190a-3d4c-4af2-95f7-19ee6c4d639a,1364567795
642d7ca1-170b-4c8a-8c42-d9b9d0de617a-21,688f190a-3d4c-4af2-95f7-19ee6c4d639a,1364589395
8d42a33f-b042-40b8-ae05-f59ca61011c1-20,688f190a-3d4c-4af2-95f7-19ee6c4d639a,1364636195
98bb8fe6-4485-46f2-a3ed-1c0bca38f1d0-21,688f190a-3d4c-4af2-95f7-19ee6c4d639a,1364585795
bb477311-1bbf-4c1a-a51c-6e4577e99ad0-40,688f190a-3d4c-4af2-95f7-19ee6c4d639a,1364614595
91dadda4-62fd-43bd-a750-9d1b54e6530f-70,688f190a-3d4c-4af2-95f7-19ee6c4d639a,1364571395
d3f1bd58-f183-4573-b673-2c597e75bffb-66,688f190a-3d4c-4af2-95f7-19ee6c4d639a,1364560595
aba9ffbd-6551-41f6-b6fe-db2c844ee908-26,688f190a-3d4c-4af2-95f7-19ee6c4d639a,1364578595
bd35e360-14f9-4617-881e-a6470691851b-35,688f190a-3d4c-4af2-95f7-19ee6c4d639a,1364607395
3baee18e-c7d7-4c7e-b482-2cd87181f37f-26,688f190a-3d4c-4af2-95f7-19ee6c4d639a,1364603795
0b55c20a-fc36-40fc-a03d-a91fe230affb-92,688f190a-3d4c-4af2-95f7-19ee6c4d639a,1364564195
0437e243-e3af-4df9-a5a9-c02eb25291a3-30,688f190a-3d4c-4af2-95f7-19ee6c4d639a,1364632595
8236fca6-a1e5-4c7d-acd7-d7e45ac21f3f-261,688f190a-3d4c-4af2-95f7-19ee6c4d639a,1364675795
7dc02510-7541-43e6-b08a-5fd3e92a3ed1-138,688f190a-3d4c-4af2-95f7-19ee6c4d639a,1364668595
f3856925-9573-4c8b-a7cc-7571422d0438-25,688f190a-3d4c-4af2-95f7-19ee6c4d639a,1364654195
5cd42947-fec0-452b-ab9f-71d81068b881-352,688f190a-3d4c-4af2-95f7-19ee6c4d639a,1364679395
74c04c53-b686-49f7-9cd0-f68973ae70d3-20,688f190a-3d4c-4af2-95f7-19ee6c4d639a,1364672195
0a5211ea-2509-4097-b669-12ea7413b527-122,688f190a-3d4c-4af2-95f7-19ee6c4d639a,1364657795
223a86ad-ab72-4044-bbb0-00b8551ea121-28,688f190a-3d4c-4af2-95f7-19ee6c4d639a,1364661395
6f8fc0a4-a0c8-4425-946d-ddba1e953358-125,688f190a-3d4c-4af2-95f7-19ee6c4d639a,1364664995
e6b3f9fb-b7f3-40be-b30c-4a0d12281e68-25,688f190a-3d4c-4af2-95f7-19ee6c4d639a,1364650595
072319e6-a4b4-46d5-9047-ee594d6bc3b3-20,688f190a-3d4c-4af2-95f7-19ee6c4d639a,1364682995
1122446c-7875-4757-96c3-257706d55f36-25,688f190a-3d4c-4af2-95f7-19ee6c4d639a,1364686595
2734e6c6-0dc1-498a-8445-de469b74f63d-24,688f190a-3d4c-4af2-95f7-19ee6c4d639a,1364690195
d3bdfa77-4413-4976-ad2e-49e2d23c5753-20,688f190a-3d4c-4af2-95f7-19ee6c4d639a,1364693795
93554be7-2f10-4e01-96ae-dad8c7c0d203-20,688f190a-3d4c-4af2-95f7-19ee6c4d639a,1364697395
6964dca2-f74c-4374-9154-0e0b6c5773a9-21,688f190a-3d4c-4af2-95f7-19ee6c4d639a,1364700995
530c4f74-c44c-4ef2-ab7e-dd931f43ae77-20,688f190a-3d4c-4af2-95f7-19ee6c4d639a,1364704595
15e4736f-b3e5-469b-97da-94e2cc02ee26-21,688f190a-3d4c-4af2-95f7-19ee6c4d639a,1364708195
472e17a6-0398-422c-b266-fe0b7499ef6f-20,688f190a-3d4c-4af2-95f7-19ee6c4d639a,1364711795
58d04528-a2fb-4de0-8297-555b3a4b0366-28,688f190a-3d4c-4af2-95f7-19ee6c4d639a,1364715395
84bd857f-40d2-4458-aff4-cedb19346a5f-20,688f190a-3d4c-4af2-95f7-19ee6c4d639a,1364718995
f38f9868-7114-4d80-ae80-28b1e59af4f2-20,688f190a-3d4c-4af2-95f7-19ee6c4d639a,1364722595
6a518644-9288-4c5b-9f7a-3b6498e7b48b-20,688f190a-3d4c-4af2-95f7-19ee6c4d639a,1364726195
3f838525-deef-436e-804e-f18f4cfec0ba-20,688f190a-3d4c-4af2-95f7-19ee6c4d639a,1364729795
edf4d5be-bd5e-4a99-9dd4-e20e3272f585-20,688f190a-3d4c-4af2-95f7-19ee6c4d639a,1364733395
77396119-1bd7-4eba-8b15-94c98726b0da-24,688f190a-3d4c-4af2-95f7-19ee6c4d639a,1364736995
d3285efc-5f46-4b36-b5e7-f881d992fd5b-27,688f190a-3d4c-4af2-95f7-19ee6c4d639a,1364740595
dd03e4cf-aa93-4af8-bc83-d5b54d483c59-19,688f190a-3d4c-4af2-95f7-19ee6c4d639a,1364744195
b80a236e-ca64-48a6-bafd-c384cd3ae189-21,688f190a-3d4c-4af2-95f7-19ee6c4d639a,1364747795
516e65bc-b565-4a7a-9404-851097a62bc3-19,688f190a-3d4c-4af2-95f7-19ee6c4d639a,1364751395
c17bc31c-a849-4fcd-aa94-ce040b94f807-21,688f190a-3d4c-4af2-95f7-19ee6c4d639a,1364754995
9ec19c54-8b3f-4fb2-8951-ae264706ea6a-23,688f190a-3d4c-4af2-95f7-19ee6c4d639a,1364758595
ba4dc98f-95d3-41a1-b176-58aebe00dfab-23,688f190a-3d4c-4af2-95f7-19ee6c4d639a,1364762195
7a195a26-a524-4914-be1a-7bfb320d2175-21,688f190a-3d4c-4af2-95f7-19ee6c4d639a,1364765795
36d81166-8b9d-473f-8588-3705f27ddc19-18,688f190a-3d4c-4af2-95f7-19ee6c4d639a,1364769395
7a1959e1-3416-471d-a8e2-5724a87f9781-48,688f190a-3d4c-4af2-95f7-19ee6c4d639a,1364776595
cc7a627c-c534-4587-9750-023b56ddbce8-21,688f190a-3d4c-4af2-95f7-19ee6c4d639a,1364819795
548d6f19-1804-41c3-a750-b1e495b2c319-24,688f190a-3d4c-4af2-95f7-19ee6c4d639a,1364787395
444214b4-9afd-4aef-9748-b305ba35558b-25,688f190a-3d4c-4af2-95f7-19ee6c4d639a,1364790995
1eb6be5e-6c45-49c2-93b0-7d5099589e80-24,688f190a-3d4c-4af2-95f7-19ee6c4d639a,1364783795
88f934a1-84be-466e-b53c-2b66e87fa02b-345,688f190a-3d4c-4af2-95f7-19ee6c4d639a,1364772995
a5cd0e9c-806a-42ca-85b9-7616a11016e5-26,688f190a-3d4c-4af2-95f7-19ee6c4d639a,1364798195
09de1476-c77c-49bf-a055-6102cca46a6c-135,688f190a-3d4c-4af2-95f7-19ee6c4d639a,1364780195
51a0ed4d-1d93-48ea-a61e-77e834f91965-27,688f190a-3d4c-4af2-95f7-19ee6c4d639a,1364801795
0c612359-99ad-42bf-87ab-ad040cec7ef7-23,688f190a-3d4c-4af2-95f7-19ee6c4d639a,1364805395
57f25330-16cc-4264-9a7c-f6ab6497c2a1-23,688f190a-3d4c-4af2-95f7-19ee6c4d639a,1364823395
97803563-3ba2-49a1-b071-28503a489e9c-27,688f190a-3d4c-4af2-95f7-19ee6c4d639a,1364808995
640f951d-4fa6-4ee6-a5e5-870673c32123-21,688f190a-3d4c-4af2-95f7-19ee6c4d639a,1364816195
9c7c58ea-3b83-44bd-9faf-6157c32a4621-21,688f190a-3d4c-4af2-95f7-19ee6c4d639a,1364812595
3f603901-a668-4f52-a0d3-3d44d1053ef7-26,688f190a-3d4c-4af2-95f7-19ee6c4d639a,1364794595
389196b4-b7b7-4363-b67b-421a7c35fdc7-25,688f190a-3d4c-4af2-95f7-19ee6c4d639a,1364826995
d4db39af-9210-4f5b-b855-0759b687b9bc-63,688f190a-3d4c-4af2-95f7-19ee6c4d639a,1364848595
3a20b3e4-8878-4889-9628-e46295171b90-66,688f190a-3d4c-4af2-95f7-19ee6c4d639a,1364844995
7d2e1b4e-f159-48c5-a94d-c06c4ea708e7-73,688f190a-3d4c-4af2-95f7-19ee6c4d639a,1364891795
d0a113b7-9312-4fa4-a1a1-02cfd5a8b876-61,688f190a-3d4c-4af2-95f7-19ee6c4d639a,1364862995
b19e3217-6301-4eed-88b0-38e563d1d612-56,688f190a-3d4c-4af2-95f7-19ee6c4d639a,1364855795
f8a2af7f-e235-4a09-a0f4-3c9997c4e5ca-77,688f190a-3d4c-4af2-95f7-19ee6c4d639a,1364898995
00c79296-58d8-4e55-a114-c218f90b4e54-63,688f190a-3d4c-4af2-95f7-19ee6c4d639a,1364870195
df9e1cf6-42af-4e66-915e-9408499a4663-62,688f190a-3d4c-4af2-95f7-19ee6c4d639a,1364841395
9431e04f-1269-4cfd-9bbe-8adc5a351f08-63,688f190a-3d4c-4af2-95f7-19ee6c4d639a,1364884595
87b85875-e3a9-4e87-88db-3defe58a5562-62,688f190a-3d4c-4af2-95f7-19ee6c4d639a,1364895395
e87300ee-8966-40dd-8b6e-2c97759df1ad-164,688f190a-3d4c-4af2-95f7-19ee6c4d639a,1364837795
6dcc4ca2-592e-456e-a5fb-6b5606205041-67,688f190a-3d4c-4af2-95f7-19ee6c4d639a,1364888195
6c3bfe14-606e-4a46-9b5a-fbb328c3f069-57,688f190a-3d4c-4af2-95f7-19ee6c4d639a,1364859395
6c011f57-7285-4093-8996-fcf5ac9e0302-70,688f190a-3d4c-4af2-95f7-19ee6c4d639a,1364880995
8797f77c-b856-4f4e-bf6d-7fba6ced2413-56,688f190a-3d4c-4af2-95f7-19ee6c4d639a,1364873795
73a093de-ec9b-4551-8f38-c53078a3cefa-66,688f190a-3d4c-4af2-95f7-19ee6c4d639a,1364877395
4a4e39bf-fea4-44ea-8a6b-0c3a7bfb4438-61,688f190a-3d4c-4af2-95f7-19ee6c4d639a,1364852195
7c05d89d-4173-4723-b531-4e54e1002b9d-71,688f190a-3d4c-4af2-95f7-19ee6c4d639a,1364866595
24da8454-3f00-4a28-b9f5-206cf7dd7fce-24,688f190a-3d4c-4af2-95f7-19ee6c4d639a,1364830595
671b869d-0f0e-492a-8bae-b1c47c2d5161-44,688f190a-3d4c-4af2-95f7-19ee6c4d639a,1364834195
94f9a0ff-b241-4d44-96f3-a74c33cfe357-41,688f190a-3d4c-4af2-95f7-19ee6c4d639a,1364950426
06761921-35d6-4f24-a775-8e8b0920ff39-20,688f190a-3d4c-4af2-95f7-19ee6c4d639a,1364954026
bcac285b-d6c5-40a3-aa70-da1d8884b793-20,688f190a-3d4c-4af2-95f7-19ee6c4d639a,1364957626
5b8fe087-0775-497e-a7a3-5cb06f17eacd-34,688f190a-3d4c-4af2-95f7-19ee6c4d639a,1364972026
40a846fe-e63e-4795-a602-1b46c06c557f-25,688f190a-3d4c-4af2-95f7-19ee6c4d639a,1364968426
39f31732-750d-466d-865e-71bc47d883dd-25,688f190a-3d4c-4af2-95f7-19ee6c4d639a,1364993626
462e86e0-91dc-41d4-82f0-80193eeafee9-37,688f190a-3d4c-4af2-95f7-19ee6c4d639a,1364964826
107ef3cd-d225-4b41-84fa-817cd19edeea-26,688f190a-3d4c-4af2-95f7-19ee6c4d639a,1364979226
f606424b-4c73-477c-8b5f-e93e6118d80c-20,688f190a-3d4c-4af2-95f7-19ee6c4d639a,1364961226
30ff9aa0-6c83-444c-82fe-9eb646e2aacc-43,688f190a-3d4c-4af2-95f7-19ee6c4d639a,1364997226
b0f0402a-d541-405c-ab55-3f3c23b48277-26,688f190a-3d4c-4af2-95f7-19ee6c4d639a,1364982826
a5fa1ac9-4525-4a26-84e5-48756ce0a6f8-29,688f190a-3d4c-4af2-95f7-19ee6c4d639a,1364990026
9637b653-0f33-42fc-9d27-e876a82fa4d4-27,688f190a-3d4c-4af2-95f7-19ee6c4d639a,1364986426
f3ab25f7-95c0-441c-b911-4c82da9be82b-20,688f190a-3d4c-4af2-95f7-19ee6c4d639a,1364975626
6554cd07-697e-4fcb-ab7a-dbf085f83691-25,688f190a-3d4c-4af2-95f7-19ee6c4d639a,1365004426
fec6ce56-de78-4f9a-bc2f-67656da0aba8-58,688f190a-3d4c-4af2-95f7-19ee6c4d639a,1365008026
eeba1666-9ac0-4a98-95c3-4038c5dd7c8b-20,688f190a-3d4c-4af2-95f7-19ee6c4d639a,1365026026
d01344f6-2f0e-4e0b-8b82-bf516817c9f4-20,688f190a-3d4c-4af2-95f7-19ee6c4d639a,1365033226
8d53edbd-b96e-46fc-b7aa-00798253f0cf-29,688f190a-3d4c-4af2-95f7-19ee6c4d639a,1365022426
7c5daabe-1b0a-4990-8587-c4b4433e3b38-20,688f190a-3d4c-4af2-95f7-19ee6c4d639a,1365029626
578d9c38-c5f1-4477-9701-fb1a61d61398-27,688f190a-3d4c-4af2-95f7-19ee6c4d639a,1365000826
844b1f43-f449-4197-a164-1c0e4eaa8ca8-70,688f190a-3d4c-4af2-95f7-19ee6c4d639a,1365036826
833d8bde-fc04-4f6c-be5c-03b9bdbf0f86-25,688f190a-3d4c-4af2-95f7-19ee6c4d639a,1365018826
e3f4a9be-a0c3-477d-bad3-8e1cb97b2337-140,688f190a-3d4c-4af2-95f7-19ee6c4d639a,1365011626
3cf9b758-5e77-4fbc-83a0-c7130f592e24-37,688f190a-3d4c-4af2-95f7-19ee6c4d639a,1365015226
3af2580c-2027-4624-863c-7b7320894ff0-21,688f190a-3d4c-4af2-95f7-19ee6c4d639a,1365040426
3af2580c-2027-4624-863c-7b7320894ff0-91,688f190a-3d4c-4af2-95f7-19ee6c4d639a,1365049302
4d7098e7-7b45-4c8d-adb0-6d3de3a237af-38,688f190a-3d4c-4af2-95f7-19ee6c4d639a,1365052902
8833782b-f75b-46c3-be19-18283967ce48-93,688f190a-3d4c-4af2-95f7-19ee6c4d639a,1365121654
fc09e40e-75a9-4c85-9735-c372d2c3aa0f-50,688f190a-3d4c-4af2-95f7-19ee6c4d639a,1365125254
f808d132-25a7-4264-ad78-698f0c93f4c0-75,688f190a-3d4c-4af2-95f7-19ee6c4d639a,1365128854
757311a7-1370-47bc-9666-a6a3d7b3f53c-70,688f190a-3d4c-4af2-95f7-19ee6c4d639a,1365132454
8f46e240-50af-409f-9fdd-57e71e02ffac-71,688f190a-3d4c-4af2-95f7-19ee6c4d639a,1365143254
b225b185-2ead-4b1f-9747-436f55110992-67,688f190a-3d4c-4af2-95f7-19ee6c4d639a,1365154054
62cae726-0b87-4744-8e88-ada913728265-71,688f190a-3d4c-4af2-95f7-19ee6c4d639a,1365157654
f72a6b26-c1ea-4e1b-b154-3703100dfdf5-72,688f190a-3d4c-4af2-95f7-19ee6c4d639a,1365146854
18b6a0c7-64cb-4ba4-b234-90dfd217b6c4-62,688f190a-3d4c-4af2-95f7-19ee6c4d639a,1365164854
e64be716-b186-4085-9a4a-423f3d34531f-75,688f190a-3d4c-4af2-95f7-19ee6c4d639a,1365150454
b36795f9-2243-423d-9764-6f69102b2233-78,688f190a-3d4c-4af2-95f7-19ee6c4d639a,1365136054
8d921f32-c750-4453-a659-83f2b8fa9669-65,688f190a-3d4c-4af2-95f7-19ee6c4d639a,1365161254
5747ac3a-3392-4ba1-aae7-a18ec5af8946-71,688f190a-3d4c-4af2-95f7-19ee6c4d639a,1365168454
9f10081d-72db-41c0-a016-c36df63d40ff-76,688f190a-3d4c-4af2-95f7-19ee6c4d639a,1365139654
2f63c22e-5a4e-4732-8a3d-5f6fce52babb-80,688f190a-3d4c-4af2-95f7-19ee6c4d639a,1365172054
8db448b4-8076-4498-9436-d53b4b7745bd-230,688f190a-3d4c-4af2-95f7-19ee6c4d639a,1365233254
d9c31b5f-42d3-4ca5-bc89-5591cedc29df-241,688f190a-3d4c-4af2-95f7-19ee6c4d639a,1365229654
3350def2-9e46-4010-966d-ce4de568ac35-234,688f190a-3d4c-4af2-95f7-19ee6c4d639a,1365226054
180db4e3-db14-4992-ae62-835f059ee137-74,688f190a-3d4c-4af2-95f7-19ee6c4d639a,1365215254
9633f8bb-55ad-4598-8d06-534a52710a0d-43,688f190a-3d4c-4af2-95f7-19ee6c4d639a,1365179254
5e3e1f95-3fda-4f29-9a83-60f5447e2847-238,688f190a-3d4c-4af2-95f7-19ee6c4d639a,1365218854
88b2818f-4842-4276-8ccf-3a72ceb3c69e-247,688f190a-3d4c-4af2-95f7-19ee6c4d639a,1365236854
410832b9-2244-4b62-b6e7-de05d38a901f-72,688f190a-3d4c-4af2-95f7-19ee6c4d639a,1365193654
41c39c35-e59d-42b1-b288-068e27e50661-58,688f190a-3d4c-4af2-95f7-19ee6c4d639a,1365175654
40ce835b-972b-4c01-8fb1-edfc6d77d083-231,688f190a-3d4c-4af2-95f7-19ee6c4d639a,1365204454
47050d82-8c18-4ce3-8927-de07c79e2fb1-262,688f190a-3d4c-4af2-95f7-19ee6c4d639a,1365186454
3875aa13-1962-4190-9430-e2edc4bdbc22-39,688f190a-3d4c-4af2-95f7-19ee6c4d639a,1365190054
2692abb3-50ff-4e04-a442-ac17df57169c-224,688f190a-3d4c-4af2-95f7-19ee6c4d639a,1365240454
d92b3e90-4a8e-4117-9c8a-1bb15d958f61-141,688f190a-3d4c-4af2-95f7-19ee6c4d639a,1365208054
48c38ecf-9134-44a1-be8b-fe54a74a7e68-160,688f190a-3d4c-4af2-95f7-19ee6c4d639a,1365211654
8dd9bf35-ec0a-44ac-8eff-a3face0bfcf4-220,688f190a-3d4c-4af2-95f7-19ee6c4d639a,1365222454
5ea5e0aa-a348-4875-b1c8-35f9b999c1c0-218,688f190a-3d4c-4af2-95f7-19ee6c4d639a,1365197254
e59b0e1d-9335-4a0f-a1b6-cd420226650a-186,688f190a-3d4c-4af2-95f7-19ee6c4d639a,1365200854
ca8d0343-1552-41af-a108-98225687f3cc-77,688f190a-3d4c-4af2-95f7-19ee6c4d639a,1365182854
d2464002-08ed-45b9-aea4-8dc497132383-246,688f190a-3d4c-4af2-95f7-19ee6c4d639a,1365294454
8ea22140-e7ec-40b3-8b31-318375e30326-34,688f190a-3d4c-4af2-95f7-19ee6c4d639a,1365247654
9ca96ee4-7acd-4e8b-bd16-130d009a0aa2-248,688f190a-3d4c-4af2-95f7-19ee6c4d639a,1365244054
855230b8-2b1f-4b36-9a7c-3e56cd5f4728-253,688f190a-3d4c-4af2-95f7-19ee6c4d639a,1365290854
40da7e09-19d2-4698-ade9-58b7e7c25560-41,688f190a-3d4c-4af2-95f7-19ee6c4d639a,1365254854
f80b6dbe-31fe-4be0-9b6d-f9689ec64d97-83,688f190a-3d4c-4af2-95f7-19ee6c4d639a,1365258454
b646d43b-ae38-48c4-88bc-9910ab1effad-232,688f190a-3d4c-4af2-95f7-19ee6c4d639a,1365280054
68f9f2a1-8a90-49ea-8bcc-6d50fddb3861-211,688f190a-3d4c-4af2-95f7-19ee6c4d639a,1365262054
3b3d0a45-903c-42d0-98e0-992e0573af48-184,688f190a-3d4c-4af2-95f7-19ee6c4d639a,1365269254
28a6259d-36be-4977-b2c2-4338ea77708b-243,688f190a-3d4c-4af2-95f7-19ee6c4d639a,1365272854
d2e46d26-88e0-42f5-9c82-c53dd0be7f61-169,688f190a-3d4c-4af2-95f7-19ee6c4d639a,1365265654
d8419011-ec51-42c9-8af3-0e6ad3fdb48f-299,688f190a-3d4c-4af2-95f7-19ee6c4d639a,1365283654
32780c64-f570-4ccf-bd21-6e5fc967aed3-214,688f190a-3d4c-4af2-95f7-19ee6c4d639a,1365276454
4ac75bbf-4fc5-4db8-a0d7-a08ff8cf1a27-42,688f190a-3d4c-4af2-95f7-19ee6c4d639a,1365251254
7cecb80d-3fd5-4e4c-abd6-3a972cbe3f47-247,688f190a-3d4c-4af2-95f7-19ee6c4d639a,1365287254
bbad7836-4092-4b9c-94f1-165455cef8ad-44,688f190a-3d4c-4af2-95f7-19ee6c4d639a,1365363399
f3bb8e3f-95ff-4e8d-b357-33b9c86243f4-291,688f190a-3d4c-4af2-95f7-19ee6c4d639a,1365298054
4be9f1d5-87f7-4586-8270-d70f9450882f-276,688f190a-3d4c-4af2-95f7-19ee6c4d639a,1365316054
75d83b9c-1c2e-4814-9965-1935e50aea0f-245,688f190a-3d4c-4af2-95f7-19ee6c4d639a,1365319654
85f31a44-46f9-4dd4-94cd-755112558e20-22,688f190a-3d4c-4af2-95f7-19ee6c4d639a,1365356199
9aaa4b1e-0524-4f28-bfad-d19c07706c54-422,688f190a-3d4c-4af2-95f7-19ee6c4d639a,1365348999
ae54e0a1-16d5-4f91-ba5d-76f1ff8d0a4e-148,688f190a-3d4c-4af2-95f7-19ee6c4d639a,1365305254
39ad7c5e-eeec-49a5-87e2-c61fc484be3c-321,688f190a-3d4c-4af2-95f7-19ee6c4d639a,1365366999
f6b45f2b-503d-4456-9af4-f6cca2c50167-26,688f190a-3d4c-4af2-95f7-19ee6c4d639a,1365359799
385f14b4-349e-4796-83e8-5e06b85e260d-203,688f190a-3d4c-4af2-95f7-19ee6c4d639a,1365301654
0aaf0a88-e5b9-41b6-af08-8aa5f6329016-303,688f190a-3d4c-4af2-95f7-19ee6c4d639a,1365308854
f44b25a4-3b11-4cc5-8efe-fefb191265fe-323,688f190a-3d4c-4af2-95f7-19ee6c4d639a,1365312454
21eef22d-a020-4f49-8068-c196d2f6d196-191,688f190a-3d4c-4af2-95f7-19ee6c4d639a,1365352599
379c75b8-59cb-4dd5-b1ec-1447b0342f35-23,688f190a-3d4c-4af2-95f7-19ee6c4d639a,1365406599
7e1683ca-a225-4bca-a562-4893ce2df7bb-18,688f190a-3d4c-4af2-95f7-19ee6c4d639a,1365384999
f8595cfd-65f6-4720-a32c-4efa931e7b0a-40,688f190a-3d4c-4af2-95f7-19ee6c4d639a,1365377799
dbe7cd6e-c743-4af6-a4d0-3f225368e97f-22,688f190a-3d4c-4af2-95f7-19ee6c4d639a,1365417399
0fbc1c91-e80b-4bad-ad02-54169f9037ce-23,688f190a-3d4c-4af2-95f7-19ee6c4d639a,1365399399
42f941e8-3cd4-4254-b2a0-d58fc376fa0b-22,688f190a-3d4c-4af2-95f7-19ee6c4d639a,1365392199
b29a122a-869d-4df0-90dd-21cfe4aefb42-25,688f190a-3d4c-4af2-95f7-19ee6c4d639a,1365395799
e557ca24-9fe4-4064-b713-6b8b625928d9-24,688f190a-3d4c-4af2-95f7-19ee6c4d639a,1365410199
15359864-88e9-4cae-8bc6-818fa2b2a8e8-30,688f190a-3d4c-4af2-95f7-19ee6c4d639a,1365388599
157a47fd-f3dc-4655-a171-8508d7b28edf-40,688f190a-3d4c-4af2-95f7-19ee6c4d639a,1365374199
45f7b125-cc2b-4ffb-864f-690b5e51239e-24,688f190a-3d4c-4af2-95f7-19ee6c4d639a,1365424599
2fd0d721-af4f-461a-a5ee-6e4a2d24f99e-24,688f190a-3d4c-4af2-95f7-19ee6c4d639a,1365402999
7f284ed5-00b8-42ab-8335-7636ce8bac1e-23,688f190a-3d4c-4af2-95f7-19ee6c4d639a,1365420999
b699ec17-289f-4bc5-a999-b0bde820a163-108,688f190a-3d4c-4af2-95f7-19ee6c4d639a,1365370599
9df9a61a-4be0-4c90-bad1-b7e2a1dc8c6c-25,688f190a-3d4c-4af2-95f7-19ee6c4d639a,1365413799
fb5b80e5-2c6e-44eb-a609-1250e671e860-25,688f190a-3d4c-4af2-95f7-19ee6c4d639a,1365428199
06c9456b-8e81-439b-9ff6-5aeafe571460-26,688f190a-3d4c-4af2-95f7-19ee6c4d639a,1365381399
854a98f1-b9e5-4996-b0eb-8caf18b32f7f-17,688f190a-3d4c-4af2-95f7-19ee6c4d639a,1365464199
e0bcf3db-a7ec-48c5-9dcd-7a7a3a625527-18,688f190a-3d4c-4af2-95f7-19ee6c4d639a,1365438999
9a77b40c-9159-4790-92be-0a782858d979-18,688f190a-3d4c-4af2-95f7-19ee6c4d639a,1365431799
560d0689-1cde-42d4-8539-c038059472c5-18,688f190a-3d4c-4af2-95f7-19ee6c4d639a,1365442599
e9289976-dd7d-4e1c-976b-0731dbc69bad-23,688f190a-3d4c-4af2-95f7-19ee6c4d639a,1365435399
d9f910b0-6941-4057-ae72-a66e690f05f9-18,688f190a-3d4c-4af2-95f7-19ee6c4d639a,1365453399
43891bab-c002-444b-b762-f22e0d5ca006-17,688f190a-3d4c-4af2-95f7-19ee6c4d639a,1365467799
09fb5164-0503-4cd1-add8-924cbd055b30-25,688f190a-3d4c-4af2-95f7-19ee6c4d639a,1365449799
b2677e74-9631-4fd8-8fb2-0b35c7715de4-18,688f190a-3d4c-4af2-95f7-19ee6c4d639a,1365460599
6bc1cadb-7003-4052-9024-74a243d89428-18,688f190a-3d4c-4af2-95f7-19ee6c4d639a,1365456999
c9e93cb2-8217-4d26-944f-bf7aa1a4351a-20,688f190a-3d4c-4af2-95f7-19ee6c4d639a,1365446199
028e4bb4-aa78-4de8-88ac-1d85f28ae26d-18,688f190a-3d4c-4af2-95f7-19ee6c4d639a,1365471399
7f1d4cc6-dc39-49d3-ab1c-9f3271b979f8-40,688f190a-3d4c-4af2-95f7-19ee6c4d639a,1365474999
acd8e345-5509-4e7a-a484-461e5394da12-66,688f190a-3d4c-4af2-95f7-19ee6c4d639a,1365514599
64b76578-59ca-409c-a9d3-bdfd7d0e10bf-57,688f190a-3d4c-4af2-95f7-19ee6c4d639a,1365500199
a170cb95-59b9-4aa8-9c05-e5dbf5a6c5cc-37,688f190a-3d4c-4af2-95f7-19ee6c4d639a,1365482199
1e2142f9-7984-48c5-b394-7ff83a8782e3-57,688f190a-3d4c-4af2-95f7-19ee6c4d639a,1365507399
bbaf6ef9-e587-4b29-b0a5-aa528821b7d5-38,688f190a-3d4c-4af2-95f7-19ee6c4d639a,1365496599
74b6c3d9-4293-4c17-9f01-946259f20385-34,688f190a-3d4c-4af2-95f7-19ee6c4d639a,1365485799
b1a17ebf-3d0a-4136-ac4e-813f4eed9467-37,688f190a-3d4c-4af2-95f7-19ee6c4d639a,1365489399
775f2da2-2433-4cab-bae8-0798faf5630c-40,688f190a-3d4c-4af2-95f7-19ee6c4d639a,1365478599
2f0d767c-420a-4f40-bcf5-a49723c06c24-36,688f190a-3d4c-4af2-95f7-19ee6c4d639a,1365510999
dc54984f-f31e-4ec1-9b23-cbecc580c309-35,688f190a-3d4c-4af2-95f7-19ee6c4d639a,1365503799
03210e49-0a86-442a-8af2-eaee47057672-35,688f190a-3d4c-4af2-95f7-19ee6c4d639a,1365492999
6e47a122-418e-46d5-983d-1da46d6d1dbe-72,688f190a-3d4c-4af2-95f7-19ee6c4d639a,1365518199
fa23032c-9a61-4a1b-8d6c-da5f032522cd-72,688f190a-3d4c-4af2-95f7-19ee6c4d639a,1365536199
a042587f-5a4e-4d21-b6ae-7fad212da444-72,688f190a-3d4c-4af2-95f7-19ee6c4d639a,1365546999
e193f33b-38d6-4a5b-aaf0-90e19f5a9d88-73,688f190a-3d4c-4af2-95f7-19ee6c4d639a,1365579399
eca63445-898a-4d08-a922-35e08660141f-82,688f190a-3d4c-4af2-95f7-19ee6c4d639a,1365557799
7cb40dc6-7470-4726-8aff-c5351438f399-72,688f190a-3d4c-4af2-95f7-19ee6c4d639a,1365600999
84d2d12f-195c-4288-bfff-507424427efb-81,688f190a-3d4c-4af2-95f7-19ee6c4d639a,1365561399
69b83bea-8ddd-44f7-b6bd-3da756dce248-77,688f190a-3d4c-4af2-95f7-19ee6c4d639a,1365582999
7fc36694-8277-46c3-b27a-642e5c2af72c-70,688f190a-3d4c-4af2-95f7-19ee6c4d639a,1365590199
e27a7470-7cea-4666-bc94-091ad12e8f48-73,688f190a-3d4c-4af2-95f7-19ee6c4d639a,1365543399
59a6aecd-9e75-4e64-b4aa-9660a7b66874-77,688f190a-3d4c-4af2-95f7-19ee6c4d639a,1365586599
0dca1378-f4a8-450b-b94e-f1697440e793-73,688f190a-3d4c-4af2-95f7-19ee6c4d639a,1365593799
6ddcd863-e287-497f-81b4-227631820be3-82,688f190a-3d4c-4af2-95f7-19ee6c4d639a,1365568599
8bd2f7a5-c123-4dd8-96ed-6baadc3a16d5-74,688f190a-3d4c-4af2-95f7-19ee6c4d639a,1365572199
5dacb71d-3b31-49cd-ac67-a3297b3f0e89-68,688f190a-3d4c-4af2-95f7-19ee6c4d639a,1365550599
1c285b95-3ecf-4cf1-b5a2-8017832c4cfe-68,688f190a-3d4c-4af2-95f7-19ee6c4d639a,1365521799
ee45345b-f9e4-4719-b8a4-e767240bdaa1-78,688f190a-3d4c-4af2-95f7-19ee6c4d639a,1365532599
3d93619a-152c-47ac-b62a-4cb3e9a30a22-76,688f190a-3d4c-4af2-95f7-19ee6c4d639a,1365575799
f2ce6334-f921-4673-a825-3e005fa0ee3c-80,688f190a-3d4c-4af2-95f7-19ee6c4d639a,1365597399
ac78d70b-97ed-4cc4-b747-02e349cee9bb-66,688f190a-3d4c-4af2-95f7-19ee6c4d639a,1365525399
ab1e431c-b8d8-4592-9f6e-9c1371e60184-71,688f190a-3d4c-4af2-95f7-19ee6c4d639a,1365539799
7d8fa714-d953-42d0-853c-55011bb3c7a3-75,688f190a-3d4c-4af2-95f7-19ee6c4d639a,1365554199
0345ecc8-9c64-49d5-b177-d736d89bcbc8-136,688f190a-3d4c-4af2-95f7-19ee6c4d639a,1365528999
11955780-0835-4f93-978e-3aa6dd00a737-86,688f190a-3d4c-4af2-95f7-19ee6c4d639a,1365564999
f2b4efbd-c73e-45ed-b745-84651c34f12f-103,688f190a-3d4c-4af2-95f7-19ee6c4d639a,1365604599
ff3a48b0-f92f-436b-a840-820484be86e5-100,688f190a-3d4c-4af2-95f7-19ee6c4d639a,1365611799
75550354-01ee-4c2c-9f88-fff040579f0e-34,688f190a-3d4c-4af2-95f7-19ee6c4d639a,1365647799
8fa469a0-a129-4cce-8e88-81941d5405f6-34,688f190a-3d4c-4af2-95f7-19ee6c4d639a,1365626199
33f70b7f-e311-4e54-a194-64ccdefdacdc-34,688f190a-3d4c-4af2-95f7-19ee6c4d639a,1365636999
cfce2ed7-208c-496e-aa53-39ebdd3f6638-34,688f190a-3d4c-4af2-95f7-19ee6c4d639a,1365651399
779a2ffe-3df1-4141-a252-201842b8aa25-35,688f190a-3d4c-4af2-95f7-19ee6c4d639a,1365644199
66565c7c-1fef-4c42-ab43-65a7eca41954-34,688f190a-3d4c-4af2-95f7-19ee6c4d639a,1365629799
ae1dfe89-dcae-4304-92b3-7406cc1f0a09-72,688f190a-3d4c-4af2-95f7-19ee6c4d639a,1365608199
e4e5e961-3b83-4872-b66f-5ca3b5bf9f80-35,688f190a-3d4c-4af2-95f7-19ee6c4d639a,1365622599
5938ac55-e82b-481f-b0e1-afe4a84538b1-40,688f190a-3d4c-4af2-95f7-19ee6c4d639a,1365618999
59dcbd74-8bc5-4594-8dd9-c2401305a1d8-39,688f190a-3d4c-4af2-95f7-19ee6c4d639a,1365615399
1a6d5ccf-efc8-430c-9a01-b421ef719eb1-34,688f190a-3d4c-4af2-95f7-19ee6c4d639a,1365640599
559d99b5-a036-42ee-a0c5-6573bb26326b-34,688f190a-3d4c-4af2-95f7-19ee6c4d639a,1365633399
955ec589-213a-433d-9638-6ec94df565c1-53,688f190a-3d4c-4af2-95f7-19ee6c4d639a,1365775258
71d3de83-b787-475d-b20d-f67078ab665d-421,688f190a-3d4c-4af2-95f7-19ee6c4d639a,1365818040
69ba4149-b0b8-4a30-a6ca-822ea2d7ddd8-668,688f190a-3d4c-4af2-95f7-19ee6c4d639a,1365825240
8a5683ce-9e61-4c7c-8d94-f57a3374f55e-665,688f190a-3d4c-4af2-95f7-19ee6c4d639a,1365828840
6fad9d9c-51ad-4473-8a69-4b3249e36db5-98,688f190a-3d4c-4af2-95f7-19ee6c4d639a,1365786058
4bb85295-38a4-436d-b41a-f282f297c18b-70,688f190a-3d4c-4af2-95f7-19ee6c4d639a,1365782458
400fe4aa-950f-4c44-a472-62aac4d90a1c-471,688f190a-3d4c-4af2-95f7-19ee6c4d639a,1365821640
96cb147c-70ec-47ea-9c35-aab52f4392f3-143,688f190a-3d4c-4af2-95f7-19ee6c4d639a,1365793258
abe4bfae-8719-4d0b-a1ec-feed216742e0-163,688f190a-3d4c-4af2-95f7-19ee6c4d639a,1365796858
abe4bfae-8719-4d0b-a1ec-feed216742e0-205,688f190a-3d4c-4af2-95f7-19ee6c4d639a,1365814440
afeb837b-a1f5-43b6-ac7e-47a8f826f8eb-680,688f190a-3d4c-4af2-95f7-19ee6c4d639a,1365839640
14f11bb6-482d-41e7-884b-bfcd47df2d8f-700,688f190a-3d4c-4af2-95f7-19ee6c4d639a,1365836040
b2015e79-0577-4d68-b150-a76189c22b95-52,688f190a-3d4c-4af2-95f7-19ee6c4d639a,1365778858
15680394-3a98-491d-9320-bf89584813f4-765,688f190a-3d4c-4af2-95f7-19ee6c4d639a,1365843240
47a00eb2-18ad-4f19-9b94-58d800bd2143-202,688f190a-3d4c-4af2-95f7-19ee6c4d639a,1365965640
aa5ecba7-7260-4ffe-a5ed-ac6f4aa4463c-647,688f190a-3d4c-4af2-95f7-19ee6c4d639a,1365846840
e2d76fa1-7771-412b-bbd2-6ab75ef0ff15-125,688f190a-3d4c-4af2-95f7-19ee6c4d639a,1365789658
6eac5cfb-959c-4d70-8766-9a0f7cd003ee-702,688f190a-3d4c-4af2-95f7-19ee6c4d639a,1365832440
f4c321f3-0af5-4eb5-b176-31cff16efcb2-73,688f190a-3d4c-4af2-95f7-19ee6c4d639a,1365911640
a4b6273a-8088-4645-b932-5dfb2aeec3ab-463,688f190a-3d4c-4af2-95f7-19ee6c4d639a,1365857640
2e0fb950-06af-454e-ab03-64b9d2dd097b-740,688f190a-3d4c-4af2-95f7-19ee6c4d639a,1365850440
01946f1e-a0bf-4862-830c-a4b9e3b40627-234,688f190a-3d4c-4af2-95f7-19ee6c4d639a,1365872040
49063f15-1fe4-4b13-9cea-0f918f83a7ff-65,688f190a-3d4c-4af2-95f7-19ee6c4d639a,1365900840
e75d8040-3026-4432-8861-69e1f9a4659f-750,688f190a-3d4c-4af2-95f7-19ee6c4d639a,1365864840
e0d6943b-83ba-48a3-801f-a9a0c1e8e2af-656,688f190a-3d4c-4af2-95f7-19ee6c4d639a,1365861240
762b8c59-adf3-444b-bb35-fc99554ea480-67,688f190a-3d4c-4af2-95f7-19ee6c4d639a,1365897240
360f9e8c-2482-4ffb-bbb3-7de02701b53a-65,688f190a-3d4c-4af2-95f7-19ee6c4d639a,1365890040
b2facb77-9e37-4734-99e9-058b73a55829-75,688f190a-3d4c-4af2-95f7-19ee6c4d639a,1365904440
d4d7cb40-42fd-4600-b007-7672878d8d59-76,688f190a-3d4c-4af2-95f7-19ee6c4d639a,1365908040
fe88ffba-741f-41d9-8a72-2308ea97eafe-67,688f190a-3d4c-4af2-95f7-19ee6c4d639a,1365886440
37fe99ac-735c-4da2-8fd6-b8cbc6cc9d1f-766,688f190a-3d4c-4af2-95f7-19ee6c4d639a,1365854040
e4ee8ffc-25bb-4647-8bf8-0a7f1808b9f7-150,688f190a-3d4c-4af2-95f7-19ee6c4d639a,1365875640
9a49c466-31b4-4d85-9902-0712fe65aeaf-69,688f190a-3d4c-4af2-95f7-19ee6c4d639a,1365882840
0f53881e-5ee4-4efc-ad81-3f37198103c2-438,688f190a-3d4c-4af2-95f7-19ee6c4d639a,1365868440
f397f077-bb1e-410e-ac1e-08525ebac11d-299,688f190a-3d4c-4af2-95f7-19ee6c4d639a,1365879240
792cfcbf-a956-4c85-b8d4-f18923838272-68,688f190a-3d4c-4af2-95f7-19ee6c4d639a,1365893640
14fc63bd-93de-4dbe-bb04-6825a60296f9-72,688f190a-3d4c-4af2-95f7-19ee6c4d639a,1365940440
a9856446-7b6c-483b-ac93-ea935ff27d47-82,688f190a-3d4c-4af2-95f7-19ee6c4d639a,1365962040
b7c3eb91-1a1b-42f1-9efb-d8b4e2705b4f-103,688f190a-3d4c-4af2-95f7-19ee6c4d639a,1365958440
48cb8dd8-cf3b-42ad-96d6-0cba47f0c704-72,688f190a-3d4c-4af2-95f7-19ee6c4d639a,1365915240
df9c8664-f148-495d-a5d1-40b406d989a6-74,688f190a-3d4c-4af2-95f7-19ee6c4d639a,1365918840
254ab693-35f1-4333-8eae-fd08f038aa55-80,688f190a-3d4c-4af2-95f7-19ee6c4d639a,1365951240
fbeadff6-29cc-4ded-9727-940b66829fde-69,688f190a-3d4c-4af2-95f7-19ee6c4d639a,1365926040
579c7587-931d-47fe-b6fb-5f801e2ddf2e-73,688f190a-3d4c-4af2-95f7-19ee6c4d639a,1365922440
279ba1b3-0c5e-41ae-ad0c-f37c9f2432e0-79,688f190a-3d4c-4af2-95f7-19ee6c4d639a,1365944040
f3a248d1-3cde-4475-97f5-bab52fea3902-73,688f190a-3d4c-4af2-95f7-19ee6c4d639a,1365947640
39bf8494-f26a-4c62-9bf6-01c0b950ee37-72,688f190a-3d4c-4af2-95f7-19ee6c4d639a,1365929640
2b930e18-9306-4f79-8d63-6761ae8437d2-70,688f190a-3d4c-4af2-95f7-19ee6c4d639a,1365933240
32b8d377-504a-4f98-a95e-3eea68eae9cd-87,688f190a-3d4c-4af2-95f7-19ee6c4d639a,1365954840
937db4d8-5f64-448d-aedb-f7fd59fdff5f-74,688f190a-3d4c-4af2-95f7-19ee6c4d639a,1365936840
fd8c0001-1cbc-45b5-979d-4ed91a438b87-165,688f190a-3d4c-4af2-95f7-19ee6c4d639a,1365969240
d3427921-fad7-4db4-a5a1-ee6c1025419b-109,688f190a-3d4c-4af2-95f7-19ee6c4d639a,1365972840
e7f5f497-f20e-4c6d-99e8-12a534d1b9af-152,688f190a-3d4c-4af2-95f7-19ee6c4d639a,1365976440
01a67cdc-316f-46c4-b796-8f57001553e8-153,688f190a-3d4c-4af2-95f7-19ee6c4d639a,1365980040
3ef66d66-6c29-467a-b2fd-48657140d1d4-84,688f190a-3d4c-4af2-95f7-19ee6c4d639a,1365983640
ba25ce6f-729f-4217-9f65-e3c0d36067e1-122,688f190a-3d4c-4af2-95f7-19ee6c4d639a,1365987240
87cd1ef0-ed29-44bd-a6d0-9a24c2aa7349-72,688f190a-3d4c-4af2-95f7-19ee6c4d639a,1365990840
6077f200-ad97-4966-832a-267809d1424d-68,688f190a-3d4c-4af2-95f7-19ee6c4d639a,1366008840
e7bb41fa-f137-49ca-8e9d-d6b8b35cda1c-163,688f190a-3d4c-4af2-95f7-19ee6c4d639a,1365994440
0970e9b4-dca5-4c1e-baab-e7b9187315d0-36,688f190a-3d4c-4af2-95f7-19ee6c4d639a,1366026840
453389ed-9b0d-48f7-a723-49111cae3c72-67,688f190a-3d4c-4af2-95f7-19ee6c4d639a,1366016040
46a23526-ae76-453e-b20d-735845a66e65-73,688f190a-3d4c-4af2-95f7-19ee6c4d639a,1366019640
2baa57fb-451a-4d8e-9e24-ac769e1c85ee-75,688f190a-3d4c-4af2-95f7-19ee6c4d639a,1366023240
cf877e58-572b-401f-b7b0-3940817af9bf-67,688f190a-3d4c-4af2-95f7-19ee6c4d639a,1365998040
59b9df37-786a-4875-8002-d53f13276ddc-65,688f190a-3d4c-4af2-95f7-19ee6c4d639a,1366005240
f92c9723-827e-4bde-bc49-551310d9ae05-304,688f190a-3d4c-4af2-95f7-19ee6c4d639a,1366030440
5701e2cf-dfa1-402f-b5eb-d06b5f73d489-78,688f190a-3d4c-4af2-95f7-19ee6c4d639a,1366034040
a994bc52-d394-4f1c-acf1-2f56c47df4d3-67,688f190a-3d4c-4af2-95f7-19ee6c4d639a,1366012440
bda1a922-9217-4d8d-9eb7-00f9416e2b26-66,688f190a-3d4c-4af2-95f7-19ee6c4d639a,1366001640
75f7f256-b78a-4f74-9f99-0351a00c24f9-71,688f190a-3d4c-4af2-95f7-19ee6c4d639a,1366037640
f88bc66f-4dfb-46c2-8b8b-afff8759d323-63,688f190a-3d4c-4af2-95f7-19ee6c4d639a,1366041240
6500c66f-affa-4750-bf16-79d39b74f6f7-81,688f190a-3d4c-4af2-95f7-19ee6c4d639a,1366044840
412fcbec-8492-462e-81be-b338bf2c2337-70,688f190a-3d4c-4af2-95f7-19ee6c4d639a,1366048440
7b573ae2-6f44-4291-8979-bddb1eb3c9cf-118,688f190a-3d4c-4af2-95f7-19ee6c4d639a,1366052040
447969af-832e-4828-a2db-ed78178333a4-56,688f190a-3d4c-4af2-95f7-19ee6c4d639a,1366059240
d19a0e2b-9db2-4a29-8e9f-7edb57d732c3-58,688f190a-3d4c-4af2-95f7-19ee6c4d639a,1366055640
a5fbe630-c80f-4a01-a05a-c0e535828e51-92,688f190a-3d4c-4af2-95f7-19ee6c4d639a,1366066440
ebf17305-fd8c-4db6-bf2a-eaf90cbf8593-58,688f190a-3d4c-4af2-95f7-19ee6c4d639a,1366062840
509230d0-7f1d-407c-8361-e31d858bd0e4-79,688f190a-3d4c-4af2-95f7-19ee6c4d639a,1366070040
8544dda4-06b2-4bd8-a92b-414fce50a0ab-69,688f190a-3d4c-4af2-95f7-19ee6c4d639a,1366073640
2c746b31-58da-4bbc-8961-757d1bdc3dae-108,688f190a-3d4c-4af2-95f7-19ee6c4d639a,1366160040
5b6f6c42-e978-4d1d-a865-ddcdffa7ea4a-70,688f190a-3d4c-4af2-95f7-19ee6c4d639a,1366088040
1e0c17a6-8930-432f-a820-0a2d399e1a33-75,688f190a-3d4c-4af2-95f7-19ee6c4d639a,1366113240
b725c024-9712-4454-b882-9b33049ce42d-92,688f190a-3d4c-4af2-95f7-19ee6c4d639a,1366077240
e3b39daf-7e73-418f-b0d8-4af020091cdf-77,688f190a-3d4c-4af2-95f7-19ee6c4d639a,1366120440
8215e80c-452d-4806-9143-4117806107aa-68,688f190a-3d4c-4af2-95f7-19ee6c4d639a,1366138440
e5337a7a-eae0-4282-8577-74ea5b898089-286,688f190a-3d4c-4af2-95f7-19ee6c4d639a,1366127640
9f0755d2-1736-4190-bf7b-94ebbfdddafd-80,688f190a-3d4c-4af2-95f7-19ee6c4d639a,1366134840
c7ed4cfb-e609-4e83-826f-f71b70626360-71,688f190a-3d4c-4af2-95f7-19ee6c4d639a,1366131240
acce9aa6-cc5c-4e57-bd6b-b136a7413417-92,688f190a-3d4c-4af2-95f7-19ee6c4d639a,1366142040
f3384895-c520-4c69-8d6c-49f243098202-359,688f190a-3d4c-4af2-95f7-19ee6c4d639a,1366152840
8d6d61d8-d007-498d-88f5-028601a49c30-73,688f190a-3d4c-4af2-95f7-19ee6c4d639a,1366091640
55faa9aa-554f-4710-8de5-7597dbe9005c-74,688f190a-3d4c-4af2-95f7-19ee6c4d639a,1366109640
a31493aa-a33e-41cc-892d-483e9be436de-87,688f190a-3d4c-4af2-95f7-19ee6c4d639a,1366080840
8fda4514-1ac8-4cb5-b793-56f15eb96042-74,688f190a-3d4c-4af2-95f7-19ee6c4d639a,1366106040
11f928b0-a7dc-4cc8-978c-9604e720cc8d-118,688f190a-3d4c-4af2-95f7-19ee6c4d639a,1366156440
76346f44-3c1c-4cb3-93da-cb0a51dafd83-74,688f190a-3d4c-4af2-95f7-19ee6c4d639a,1366095240
f7aba5ee-1aab-4b59-ac7e-80e989111310-80,688f190a-3d4c-4af2-95f7-19ee6c4d639a,1366102440
8841d19e-a949-4dd0-b6d3-82d9a0d87c9a-73,688f190a-3d4c-4af2-95f7-19ee6c4d639a,1366098840
20fe8d9d-f85b-4dfd-b547-e5f61c0eeb11-79,688f190a-3d4c-4af2-95f7-19ee6c4d639a,1366084440
288cdd46-4097-4a71-8271-2bb8281e3c9c-57,688f190a-3d4c-4af2-95f7-19ee6c4d639a,1366145640
1615bcc9-f970-42e2-b099-317a420e7005-71,688f190a-3d4c-4af2-95f7-19ee6c4d639a,1366116840
64045381-21d3-4cfa-836a-dc352d02d940-59,688f190a-3d4c-4af2-95f7-19ee6c4d639a,1366149240
623e00f7-4a84-4c49-9bb8-5f9f3b05324f-96,688f190a-3d4c-4af2-95f7-19ee6c4d639a,1366163640
4325f122-2c95-4652-a8d1-477c24985e69-74,688f190a-3d4c-4af2-95f7-19ee6c4d639a,1366124040
cb44bcbe-c253-48fb-a6e7-acc3c0c1ed52-80,688f190a-3d4c-4af2-95f7-19ee6c4d639a,1366170840
5f69f0f1-bee2-4add-b2df-35f3bb205a47-77,688f190a-3d4c-4af2-95f7-19ee6c4d639a,1366185240
97cbb253-1f13-4ba7-9d82-5dbb46b90074-35,688f190a-3d4c-4af2-95f7-19ee6c4d639a,1366221635
97cbb253-1f13-4ba7-9d82-5dbb46b90074-68,688f190a-3d4c-4af2-95f7-19ee6c4d639a,1366301637
944a1e27-2ddd-4131-b86b-f22fbd83a313-69,688f190a-3d4c-4af2-95f7-19ee6c4d639a,1366174440
ab78e183-082d-4bbb-b9c1-99e82bb4719f-80,688f190a-3d4c-4af2-95f7-19ee6c4d639a,1366188840
d97af7a0-0c8c-400b-9ba7-d25c50921858-83,688f190a-3d4c-4af2-95f7-19ee6c4d639a,1366181640
d0924ec8-47a3-4e16-801e-13534df88c64-127,688f190a-3d4c-4af2-95f7-19ee6c4d639a,1366167240
45a71efc-a8a8-4f48-af70-0c8ccf5ca764-79,688f190a-3d4c-4af2-95f7-19ee6c4d639a,1366214435
a340bed8-7d7b-462b-97e7-48f78cd93c90-79,688f190a-3d4c-4af2-95f7-19ee6c4d639a,1366178040
bd249620-edb4-42bd-b577-feb5c66c7b49-78,688f190a-3d4c-4af2-95f7-19ee6c4d639a,1366218035
a7d0a2ac-aad2-4366-8cda-57659bd9749a-42,688f190a-3d4c-4af2-95f7-19ee6c4d639a,1366308836
3c8d85c3-3819-42d2-86b8-cfe3aa116335-18,688f190a-3d4c-4af2-95f7-19ee6c4d639a,1366316036
5efd88cc-31c0-48be-8b81-a7d314749fcc-71,688f190a-3d4c-4af2-95f7-19ee6c4d639a,1366312436
8e937c5c-faae-433c-85ef-a9757cdfece8-185,688f190a-3d4c-4af2-95f7-19ee6c4d639a,1366305236
2ba20576-7986-46ed-8e98-7ae2ee18ba5b-71,688f190a-3d4c-4af2-95f7-19ee6c4d639a,1366380758
a42352aa-22ab-41a8-a609-c64e094da21e-62,688f190a-3d4c-4af2-95f7-19ee6c4d639a,1366496623
115defea-3f65-49fb-b2e1-3f4a2446afe4-83,688f190a-3d4c-4af2-95f7-19ee6c4d639a,1366507423
724dc92f-cb05-4621-b5b2-3b6b756d89e4-37,688f190a-3d4c-4af2-95f7-19ee6c4d639a,1366384358
722584ac-e305-47cf-b6c3-2f6fc5b94dce-20,688f190a-3d4c-4af2-95f7-19ee6c4d639a,1366391558
9a34fc2d-459e-4463-a4d1-674936168cbc-195,688f190a-3d4c-4af2-95f7-19ee6c4d639a,1366493023
70f9f45b-65ff-4257-bad7-e68d83522569-229,688f190a-3d4c-4af2-95f7-19ee6c4d639a,1366514623
9c1e869e-d67f-4fe8-81ee-e42b953f9096-20,688f190a-3d4c-4af2-95f7-19ee6c4d639a,1366398758
49f44046-e017-4126-a41b-9812e92ab90e-51,688f190a-3d4c-4af2-95f7-19ee6c4d639a,1366489423
8fdbea77-5e32-4fc9-8dc2-d9e5200e27e6-64,688f190a-3d4c-4af2-95f7-19ee6c4d639a,1366485823
670c5db8-c87f-4611-8fbc-6b41241d7cf1-293,688f190a-3d4c-4af2-95f7-19ee6c4d639a,1366529023
e3653015-d786-46e9-959f-afb3f958ce9c-20,688f190a-3d4c-4af2-95f7-19ee6c4d639a,1366395158
5c19e0ad-0f11-46d5-aa69-dafdb68f96d3-277,688f190a-3d4c-4af2-95f7-19ee6c4d639a,1366521823
545c7ad5-f4ef-4180-89b6-dd1dcd9dad05-20,688f190a-3d4c-4af2-95f7-19ee6c4d639a,1366405958
545c7ad5-f4ef-4180-89b6-dd1dcd9dad05-71,688f190a-3d4c-4af2-95f7-19ee6c4d639a,1366482224
4bda9398-6508-4d48-a15a-3e73f8a2a03a-71,688f190a-3d4c-4af2-95f7-19ee6c4d639a,1366387958
e1f623ac-9472-4080-a42e-3f9b9f689e63-199,688f190a-3d4c-4af2-95f7-19ee6c4d639a,1366511023
8e42d8ed-0dfb-4a6e-8492-69427bae06e1-20,688f190a-3d4c-4af2-95f7-19ee6c4d639a,1366402358
e25cd2c7-1fc7-41f9-a611-39b9b1750f2d-280,688f190a-3d4c-4af2-95f7-19ee6c4d639a,1366518223
3776c09d-4b1f-4380-bfa1-dacc3ce95612-343,688f190a-3d4c-4af2-95f7-19ee6c4d639a,1366525423
57eff3de-2825-4c2e-9464-fcef4a862ea5-30,688f190a-3d4c-4af2-95f7-19ee6c4d639a,1366500223
e3694686-1ed9-482f-9415-e6c872acd280-299,688f190a-3d4c-4af2-95f7-19ee6c4d639a,1366532623
20ff2ff0-a5cf-478b-8555-47742c2aa09b-126,688f190a-3d4c-4af2-95f7-19ee6c4d639a,1366503823
aefcac8a-503a-4bdb-a260-ccc13948ebac-122,688f190a-3d4c-4af2-95f7-19ee6c4d639a,1366554251
9876186a-fe2f-489c-aa1b-2b89656e6970-327,688f190a-3d4c-4af2-95f7-19ee6c4d639a,1366536223
3c382c01-ed6d-4dad-8980-2d438c9cc495-146,688f190a-3d4c-4af2-95f7-19ee6c4d639a,1366587637
5bd7f685-5ca2-4c3c-bbb6-bc2aac3d5fa4-80,688f190a-3d4c-4af2-95f7-19ee6c4d639a,1366565051
d9ad9706-e1f3-4050-96be-349ba1a442ab-252,688f190a-3d4c-4af2-95f7-19ee6c4d639a,1366543423
cb5b5f8e-c86e-4056-a459-30a3ad75812f-367,688f190a-3d4c-4af2-95f7-19ee6c4d639a,1366539823
f1a255a4-17c8-411f-83b0-b3da285cb37e-56,688f190a-3d4c-4af2-95f7-19ee6c4d639a,1366557851
a6aca017-37d4-4694-943f-340a34ba68ae-180,688f190a-3d4c-4af2-95f7-19ee6c4d639a,1366547023
6b0fd22e-7aff-4687-946b-a87bb4b7673b-116,688f190a-3d4c-4af2-95f7-19ee6c4d639a,1366561451
6e6c63f9-2ffc-4435-915c-d882d8d59335-170,688f190a-3d4c-4af2-95f7-19ee6c4d639a,1366550651
1936bb74-a6bb-4ce9-8764-094b836dabcf-40,688f190a-3d4c-4af2-95f7-19ee6c4d639a,1366591236
e10b2037-1a76-4e0e-b44d-08167278b294-87,688f190a-3d4c-4af2-95f7-19ee6c4d639a,1366594836
b0ec6f62-5669-4dee-8b94-4a900d46ef2c-83,688f190a-3d4c-4af2-95f7-19ee6c4d639a,1366598436
df842cf9-7bc6-4c78-ac97-c1806aeb9fd0-20,688f190a-3d4c-4af2-95f7-19ee6c4d639a,1366638036
04b018d4-7c46-4277-86b4-2c105639ac5c-20,688f190a-3d4c-4af2-95f7-19ee6c4d639a,1366630836
3b2d1a57-4f2f-42ac-b95c-65a03dcaf8c3-20,688f190a-3d4c-4af2-95f7-19ee6c4d639a,1366609236
d40ee774-4595-42b0-bcf6-32357bc2eb3c-20,688f190a-3d4c-4af2-95f7-19ee6c4d639a,1366634436
b2f2c16c-5d06-4821-853b-05ae361d1290-20,688f190a-3d4c-4af2-95f7-19ee6c4d639a,1366602036
e25b09b7-1360-4d5c-aeab-bb1bec9f7c9b-19,688f190a-3d4c-4af2-95f7-19ee6c4d639a,1366616436
86cd8a34-9fa6-47a3-9807-e86a5415674d-20,688f190a-3d4c-4af2-95f7-19ee6c4d639a,1366605636
eb87dc99-8721-43a5-ac06-7ec85ba366ce-26,688f190a-3d4c-4af2-95f7-19ee6c4d639a,1366627236
d939db3b-bafd-4530-b013-d1855d8cbaf8-20,688f190a-3d4c-4af2-95f7-19ee6c4d639a,1366612836
aab98b33-29b5-4fe9-99c6-46f0039eae0e-20,688f190a-3d4c-4af2-95f7-19ee6c4d639a,1366620036
a3273bf6-e908-45fb-9c9e-b7c644375f98-20,688f190a-3d4c-4af2-95f7-19ee6c4d639a,1366623636
554abfab-4d84-4ab0-909e-280af0df27a5-20,688f190a-3d4c-4af2-95f7-19ee6c4d639a,1366670436
ffcf25f0-eaf6-4dca-94eb-87a7f9da78c1-128,688f190a-3d4c-4af2-95f7-19ee6c4d639a,1366656036
4ed34cee-1d6f-484a-aa82-0862c9482e2d-19,688f190a-3d4c-4af2-95f7-19ee6c4d639a,1366645236
54635b91-0fe7-4b49-a650-25eea2e29f80-20,688f190a-3d4c-4af2-95f7-19ee6c4d639a,1366666836
817e9dea-01db-4b6b-a879-047902508b12-19,688f190a-3d4c-4af2-95f7-19ee6c4d639a,1366674036
47aa1b15-47f1-44de-b917-4b7bfbab6353-18,688f190a-3d4c-4af2-95f7-19ee6c4d639a,1366652436
97c48ee2-207e-415f-b759-314e270f2d3e-19,688f190a-3d4c-4af2-95f7-19ee6c4d639a,1366663236
542d242c-c5c3-470d-92b7-29d7d21c51a8-19,688f190a-3d4c-4af2-95f7-19ee6c4d639a,1366641636
76d194a4-a5bb-42ed-855e-1ab69277fb65-20,688f190a-3d4c-4af2-95f7-19ee6c4d639a,1366659636
863ee4e8-6c26-46d3-8ea1-f5e447b2cd63-19,688f190a-3d4c-4af2-95f7-19ee6c4d639a,1366648836
402ded0f-69fd-423c-b563-a93c59db9c53-20,688f190a-3d4c-4af2-95f7-19ee6c4d639a,1366677636
424685e7-ba25-460a-aa2d-a496be77c998-20,688f190a-3d4c-4af2-95f7-19ee6c4d639a,1366681236
b84b52be-e9a5-4445-819a-e0d451b4fb02-19,688f190a-3d4c-4af2-95f7-19ee6c4d639a,1366684836
18a56b1d-206e-4c30-9e20-2fb71e1b663d-19,688f190a-3d4c-4af2-95f7-19ee6c4d639a,1366720836
f3c51d0c-d1dc-4028-8771-e412e5598b3f-20,688f190a-3d4c-4af2-95f7-19ee6c4d639a,1366706436
3e0b022e-bd98-424d-8045-3d2e8d7f00f2-19,688f190a-3d4c-4af2-95f7-19ee6c4d639a,1366735236
01f02c77-d9f2-4fba-a9fc-ea58fcb8879d-20,688f190a-3d4c-4af2-95f7-19ee6c4d639a,1366713636
2e19a1b7-e6ad-4620-9067-7f35f6cf83f7-22,688f190a-3d4c-4af2-95f7-19ee6c4d639a,1366738836
d79179a6-bf2c-4fef-8a0c-8f3093753954-20,688f190a-3d4c-4af2-95f7-19ee6c4d639a,1366731636
9b6edd97-7756-4352-9652-df7661b035e9-20,688f190a-3d4c-4af2-95f7-19ee6c4d639a,1366710036
9b8079fa-0037-445a-ac63-7a220f3ffa80-20,688f190a-3d4c-4af2-95f7-19ee6c4d639a,1366728036
3256db72-ba0a-47e1-bd66-b0709d7ad11e-74,688f190a-3d4c-4af2-95f7-19ee6c4d639a,1366692036
41eee3ca-3865-46ce-8526-22f7415ff405-369,688f190a-3d4c-4af2-95f7-19ee6c4d639a,1366724436
4d88d609-d4fb-4f32-80f6-4e2e2174134c-18,688f190a-3d4c-4af2-95f7-19ee6c4d639a,1366699236
1c3bc008-6171-43e4-90fc-5e0fde275eab-206,688f190a-3d4c-4af2-95f7-19ee6c4d639a,1366746036
60dd3ebc-1f06-4918-808c-1c7702a9a978-21,688f190a-3d4c-4af2-95f7-19ee6c4d639a,1366688436
f15acddf-dcb1-4b35-ad0f-e7f9925e62a0-20,688f190a-3d4c-4af2-95f7-19ee6c4d639a,1366702836
763fa1c1-1aee-4304-98be-af742aff6dc4-87,688f190a-3d4c-4af2-95f7-19ee6c4d639a,1366742436
86e083d8-35c2-420d-b035-3d6a57934d00-19,688f190a-3d4c-4af2-95f7-19ee6c4d639a,1366717236
cb375559-0924-4575-bf45-bb9844a25aaf-20,688f190a-3d4c-4af2-95f7-19ee6c4d639a,1366695636
d27b4975-8e74-4443-bcc1-47fcf10dc899-67,688f190a-3d4c-4af2-95f7-19ee6c4d639a,1366905824
3fb78774-fe88-482e-90fc-7c43c51a09be-84,688f190a-3d4c-4af2-95f7-19ee6c4d639a,1366916624
20b96d89-475e-4b90-ac21-f3a07249ea4a-68,688f190a-3d4c-4af2-95f7-19ee6c4d639a,1366923824
4b75d8cf-9412-41b6-a82b-8eb4af98dc19-70,688f190a-3d4c-4af2-95f7-19ee6c4d639a,1366927424
9f8b5ac5-5bb1-4855-89c9-0c43f32b0b17-65,688f190a-3d4c-4af2-95f7-19ee6c4d639a,1366920224
44dcc895-0faf-459d-b1c8-c121e344e5b1-110,688f190a-3d4c-4af2-95f7-19ee6c4d639a,1366913024
ce49641d-c0ec-462e-97f9-f834e84d6c2a-129,688f190a-3d4c-4af2-95f7-19ee6c4d639a,1366909424
1c6a3265-0496-428e-bafb-17c62d2bbcf4-56,688f190a-3d4c-4af2-95f7-19ee6c4d639a,1367174438
53e0a2ce-dd77-4568-ba28-a06227558830-132,688f190a-3d4c-4af2-95f7-19ee6c4d639a,1367178038
ea53bf34-3484-432a-b183-6a4e86a7137a-37,688f190a-3d4c-4af2-95f7-19ee6c4d639a,1367181638
95c47829-cc66-4b7f-a1eb-29f89e5d25c0-271,688f190a-3d4c-4af2-95f7-19ee6c4d639a,1367185238
f4bc3a52-e1ec-446d-8600-17def8af791c-425,688f190a-3d4c-4af2-95f7-19ee6c4d639a,1367188838
aa4125f4-7419-48c0-be72-aa4e4f3c7c09-232,688f190a-3d4c-4af2-95f7-19ee6c4d639a,1367192438
92dbebd0-2e8e-4e2f-b325-36bc49fb182a-179,688f190a-3d4c-4af2-95f7-19ee6c4d639a,1367196038
7fdda5e3-ab29-4b9f-be3c-efc46fc4c449-354,688f190a-3d4c-4af2-95f7-19ee6c4d639a,1367199638
cf5fe7fd-2c1d-4478-9184-42e3bea2b1f1-194,688f190a-3d4c-4af2-95f7-19ee6c4d639a,1367203238
f6f08f4c-8155-4259-8d2a-b558c6f78823-75,688f190a-3d4c-4af2-95f7-19ee6c4d639a,1367206838
c7e3c470-2855-4314-b6e7-b02578287fb4-76,688f190a-3d4c-4af2-95f7-19ee6c4d639a,1367210438
7077a8cb-675d-4e44-ab59-838b400205fb-21,688f190a-3d4c-4af2-95f7-19ee6c4d639a,1367268038
d8790e02-384e-4a17-9d8a-d23180c394e2-20,688f190a-3d4c-4af2-95f7-19ee6c4d639a,1367264438
cf1fe4b5-8a22-4eb8-a9b1-7e514896bcc2-69,688f190a-3d4c-4af2-95f7-19ee6c4d639a,1367224838
26794524-9332-411c-a8ff-e8436ea05ee8-61,688f190a-3d4c-4af2-95f7-19ee6c4d639a,1367217638
e2e5bbd9-09f7-4a24-b9ce-3a23e3f42a17-70,688f190a-3d4c-4af2-95f7-19ee6c4d639a,1367242838
2f5a85fd-6b85-4338-b3b7-3fdf7d0d50bb-21,688f190a-3d4c-4af2-95f7-19ee6c4d639a,1367246438
de181831-ac8b-4ea2-8b1e-d74189e12037-67,688f190a-3d4c-4af2-95f7-19ee6c4d639a,1367228438
e36a43bd-128c-4fa6-9d82-062215472463-65,688f190a-3d4c-4af2-95f7-19ee6c4d639a,1367232038
c00c2974-156d-46bd-9350-79fd15a36f05-20,688f190a-3d4c-4af2-95f7-19ee6c4d639a,1367271638
aa10fd26-bfb9-4be8-9d82-4888d895b718-62,688f190a-3d4c-4af2-95f7-19ee6c4d639a,1367235638
641e0c73-bc3b-43d3-8f5e-01404c82b7a0-125,688f190a-3d4c-4af2-95f7-19ee6c4d639a,1367260838
bb969816-fda2-4c6a-adf6-de03dbbf2edb-20,688f190a-3d4c-4af2-95f7-19ee6c4d639a,1367250038
9bfe1f08-8582-4766-8ace-5c721b364132-20,688f190a-3d4c-4af2-95f7-19ee6c4d639a,1367253638
dfa0b88b-0901-43a6-bc0c-0c791b1ad738-127,688f190a-3d4c-4af2-95f7-19ee6c4d639a,1367214038
916f9689-8a23-4815-9b14-9007f138f3b3-71,688f190a-3d4c-4af2-95f7-19ee6c4d639a,1367239238
efb4f1ba-50ab-4f5d-8a80-d0c68d2ecafd-70,688f190a-3d4c-4af2-95f7-19ee6c4d639a,1367221238
6759c96f-7771-4325-a922-2fc71a29f448-20,688f190a-3d4c-4af2-95f7-19ee6c4d639a,1367257238
284d5c07-f235-4fa2-82a6-df8a6d9d6c85-36,688f190a-3d4c-4af2-95f7-19ee6c4d639a,1367275238
e1e27485-6172-43cf-ab74-7233c1437c52-20,688f190a-3d4c-4af2-95f7-19ee6c4d639a,1367278838
42d6d48d-a2f5-44bf-8b1d-8ce9abbf6c7d-20,688f190a-3d4c-4af2-95f7-19ee6c4d639a,1367296838
2b9dab81-b8b5-49e1-92e1-ea654acb8f2b-20,688f190a-3d4c-4af2-95f7-19ee6c4d639a,1367318438
7c78e5fa-86f9-4100-af49-9e534c985f5a-20,688f190a-3d4c-4af2-95f7-19ee6c4d639a,1367286038
01220519-e8dd-43d0-a248-fc2c8829635e-73,688f190a-3d4c-4af2-95f7-19ee6c4d639a,1367282438
715ff81b-2386-4c16-92d6-035d426ba517-20,688f190a-3d4c-4af2-95f7-19ee6c4d639a,1367314838
5b6275e1-34b1-460a-89ca-112b41637567-20,688f190a-3d4c-4af2-95f7-19ee6c4d639a,1367300438
11139b07-e30b-4a67-ae77-a4c28fa39dd8-19,688f190a-3d4c-4af2-95f7-19ee6c4d639a,1367329238
993fb27c-68ae-42ea-8697-4180609c5972-42,688f190a-3d4c-4af2-95f7-19ee6c4d639a,1367336438
885b4b5a-701a-4c6c-868f-81cb5f072987-20,688f190a-3d4c-4af2-95f7-19ee6c4d639a,1367322038
897f33f5-50af-4aa6-99a8-21d740bc35cf-20,688f190a-3d4c-4af2-95f7-19ee6c4d639a,1367340038
17d6202a-bbed-48da-b039-1fb1e67d7e17-20,688f190a-3d4c-4af2-95f7-19ee6c4d639a,1367307638
b2eaa181-9b4d-4685-a2ab-8a761c947dac-75,688f190a-3d4c-4af2-95f7-19ee6c4d639a,1367325638
d319a79d-e6b9-40dc-9695-05ed6f314417-20,688f190a-3d4c-4af2-95f7-19ee6c4d639a,1367332838
e49ce4f4-2696-4d7f-a15d-141bb48f8d67-19,688f190a-3d4c-4af2-95f7-19ee6c4d639a,1367311238
4f3e7f3b-b996-492d-b867-91e67e3b191f-19,688f190a-3d4c-4af2-95f7-19ee6c4d639a,1367293238
39104f3b-8021-40e1-b9ec-cfbec1b893c6-20,688f190a-3d4c-4af2-95f7-19ee6c4d639a,1367304038
48aa060e-a1a6-4320-8296-e827af042c91-20,688f190a-3d4c-4af2-95f7-19ee6c4d639a,1367289638
b5a971ca-030b-4eec-b39f-78fbff4ef80d-90,688f190a-3d4c-4af2-95f7-19ee6c4d639a,1367343638
b5a971ca-030b-4eec-b39f-78fbff4ef80d-187,688f190a-3d4c-4af2-95f7-19ee6c4d639a,1367772071
ab0aaebd-1175-4aa4-8e16-b297917500d1-37,688f190a-3d4c-4af2-95f7-19ee6c4d639a,1367775670
c6c1fa87-f051-4825-b6ec-452a9e3dac14-71,688f190a-3d4c-4af2-95f7-19ee6c4d639a,1367782870
7385b659-e573-43fb-aae6-c67074e80e5e-118,688f190a-3d4c-4af2-95f7-19ee6c4d639a,1367793670
24c616f6-055e-4992-9ee2-fd010ef65eae-95,688f190a-3d4c-4af2-95f7-19ee6c4d639a,1367797270
10e49f27-684b-4f14-a0dc-03eb46168153-131,688f190a-3d4c-4af2-95f7-19ee6c4d639a,1367790070
be6f5ab1-93ec-40f6-9fc8-1f8ca703042d-71,688f190a-3d4c-4af2-95f7-19ee6c4d639a,1367786470
11f4a585-1ce4-4da0-a1da-b6aebd319ad2-73,688f190a-3d4c-4af2-95f7-19ee6c4d639a,1367779270
1857d0d1-c89e-4e64-8ea9-a43c31ca952e-70,688f190a-3d4c-4af2-95f7-19ee6c4d639a,1367800870
000971df-7876-4a6c-b6f2-dd6e9e1ca612-511,688f190a-3d4c-4af2-95f7-19ee6c4d639a,1367804470
cb133294-6540-489f-b7af-a2de7224fade-70,688f190a-3d4c-4af2-95f7-19ee6c4d639a,1367811670
958d3088-25da-45a2-9018-25d866e44c70-69,688f190a-3d4c-4af2-95f7-19ee6c4d639a,1367836870
765995d7-eccd-4531-941d-f18f21f573fb-69,688f190a-3d4c-4af2-95f7-19ee6c4d639a,1367815270
253c0628-2c36-4874-8cf2-23af699ac33b-78,688f190a-3d4c-4af2-95f7-19ee6c4d639a,1367829670
9052ae41-bb8c-4595-8b47-a0ea5e8d3ab9-68,688f190a-3d4c-4af2-95f7-19ee6c4d639a,1367851270
66f44c33-8c81-4ce7-abc0-5681136b46de-84,688f190a-3d4c-4af2-95f7-19ee6c4d639a,1367886975
7874281f-24a1-4bcb-8ec7-313f505df666-550,688f190a-3d4c-4af2-95f7-19ee6c4d639a,1367808070
c46571b0-c8ed-41d5-ae03-34046325cdd6-66,688f190a-3d4c-4af2-95f7-19ee6c4d639a,1367833270
cf5adadf-e698-48b3-b414-e2d114cc9557-64,688f190a-3d4c-4af2-95f7-19ee6c4d639a,1367818870
e349283b-1209-4bb6-acbb-94f1ac6417af-79,688f190a-3d4c-4af2-95f7-19ee6c4d639a,1367854870
2a0544c7-f9be-49b7-8cc7-16ef671ade54-44,688f190a-3d4c-4af2-95f7-19ee6c4d639a,1367862070
88a13081-1d18-4de6-bb66-8b397bed7373-27,688f190a-3d4c-4af2-95f7-19ee6c4d639a,1367858470
e17db426-ac05-41db-9ed6-b4c597ce6ac4-67,688f190a-3d4c-4af2-95f7-19ee6c4d639a,1367840470
9b47a3f9-9954-464b-9726-3b9ce08ec91c-68,688f190a-3d4c-4af2-95f7-19ee6c4d639a,1367844070
9cb384f1-aebc-4585-a0b9-15c1f8eb5cbf-64,688f190a-3d4c-4af2-95f7-19ee6c4d639a,1367826070
b1a3bd10-afba-42e8-b12e-dbfbe98f46ce-73,688f190a-3d4c-4af2-95f7-19ee6c4d639a,1367847670
56e62fc7-3a24-452d-9941-7bfba0aaa571-63,688f190a-3d4c-4af2-95f7-19ee6c4d639a,1367822470
8bf2196e-0b44-454b-a02b-478d788db7ea-509,688f190a-3d4c-4af2-95f7-19ee6c4d639a,1367890575
dca19975-e293-4ea5-a1a1-563162e72931-18,688f190a-3d4c-4af2-95f7-19ee6c4d639a,1367904975
bdc54325-5885-41c5-87a8-70f621dcf26d-21,688f190a-3d4c-4af2-95f7-19ee6c4d639a,1367894175
d55b6477-973d-4f17-b537-d5ded7af910f-20,688f190a-3d4c-4af2-95f7-19ee6c4d639a,1367901375
1f66b3d7-766e-4411-bd75-02a5e25ab3a5-21,688f190a-3d4c-4af2-95f7-19ee6c4d639a,1367897775
813a4a84-cb28-463a-b2c6-bb118de0cb7b-60,688f190a-3d4c-4af2-95f7-19ee6c4d639a,1367973502
618c65a7-0504-449f-83db-61b917802b4e-124,688f190a-3d4c-4af2-95f7-19ee6c4d639a,1367977102
29e74693-de0f-43a0-890a-e247c4406d53-79,688f190a-3d4c-4af2-95f7-19ee6c4d639a,1367980702
ea5d8b8d-be46-4a4f-b792-ea20e5d42937-177,688f190a-3d4c-4af2-95f7-19ee6c4d639a,1367984302
bd4eb0f7-4ff4-4664-83dc-e89cf20b77eb-72,688f190a-3d4c-4af2-95f7-19ee6c4d639a,1368041902
45443ca5-f972-4083-b350-4ee74f926598-63,688f190a-3d4c-4af2-95f7-19ee6c4d639a,1368027502
1f171dec-ef44-4ad5-b814-fb58ca558c89-61,688f190a-3d4c-4af2-95f7-19ee6c4d639a,1367998702
18b2a300-443b-42bb-9d27-6d3c654eecd3-65,688f190a-3d4c-4af2-95f7-19ee6c4d639a,1368034702
b5b10b0d-2233-4f9f-8033-5d893d7e836b-66,688f190a-3d4c-4af2-95f7-19ee6c4d639a,1368038302
c1c1ea46-1af6-40eb-a344-7ac4278c7105-61,688f190a-3d4c-4af2-95f7-19ee6c4d639a,1368002302
79d08c45-0582-461e-8401-d4f264376ab4-77,688f190a-3d4c-4af2-95f7-19ee6c4d639a,1367987902
4050134e-101d-4060-b52f-b28a7cdf9c83-65,688f190a-3d4c-4af2-95f7-19ee6c4d639a,1368016702
6062ed2f-e7b3-4750-9094-853751b033f4-65,688f190a-3d4c-4af2-95f7-19ee6c4d639a,1368023902
9d155eb2-7bc5-4b00-9781-1af0ac756d38-68,688f190a-3d4c-4af2-95f7-19ee6c4d639a,1368013102
797c8e5c-3826-41aa-a025-943f2afd60be-69,688f190a-3d4c-4af2-95f7-19ee6c4d639a,1367995102
753c9681-07e7-4224-9cf8-c27e8e360b04-61,688f190a-3d4c-4af2-95f7-19ee6c4d639a,1368005902
dfef6185-bebc-44aa-8123-bb6375e08fdd-67,688f190a-3d4c-4af2-95f7-19ee6c4d639a,1368009502
3995620f-6294-4f04-bd75-64e2eb130ba5-65,688f190a-3d4c-4af2-95f7-19ee6c4d639a,1368020302
ca297ce6-79f6-46f1-8e06-0ea8dd30b9c6-67,688f190a-3d4c-4af2-95f7-19ee6c4d639a,1367991502
d2d085b9-f3c6-4bfa-8258-af5f3a394b4f-63,688f190a-3d4c-4af2-95f7-19ee6c4d639a,1368031102
c41e18ef-a8d6-4224-ad9e-744ca12bcb68-17,688f190a-3d4c-4af2-95f7-19ee6c4d639a,1368049102
f7e9dd6a-9f07-41d3-af45-f6ebfa8d41c4-20,688f190a-3d4c-4af2-95f7-19ee6c4d639a,1368045502
358a81c7-7c38-4e33-be7a-51efca925c50-55,688f190a-3d4c-4af2-95f7-19ee6c4d639a,1368052702
fb1bff30-c243-4eca-9cb6-d3d1547f8b50-18,688f190a-3d4c-4af2-95f7-19ee6c4d639a,1368056302
fb1bff30-c243-4eca-9cb6-d3d1547f8b50-55,688f190a-3d4c-4af2-95f7-19ee6c4d639a,1368195106
b95309e9-97ef-4d7b-ab31-62e92117b71c-64,688f190a-3d4c-4af2-95f7-19ee6c4d639a,1368202306
1d1f5645-e256-4850-a552-4c1b35cb7621-20,688f190a-3d4c-4af2-95f7-19ee6c4d639a,1368205906
e84690a5-4235-47b1-a3af-5579aa2b1487-19,688f190a-3d4c-4af2-95f7-19ee6c4d639a,1368213106
467cc754-4cbf-4802-81d4-97f33864271e-20,688f190a-3d4c-4af2-95f7-19ee6c4d639a,1368209506
26c63206-2ba7-4a74-a857-b18b0b3e9319-50,688f190a-3d4c-4af2-95f7-19ee6c4d639a,1368198706
d2ddb4c8-90b0-4c40-9788-eac837baf400-89,688f190a-3d4c-4af2-95f7-19ee6c4d639a,1368437638
1630d11b-68e3-4413-8b01-3146ee02d5c1-36,688f190a-3d4c-4af2-95f7-19ee6c4d639a,1368441238
3e96769e-5eae-4393-b6a2-011a868f63ac-71,688f190a-3d4c-4af2-95f7-19ee6c4d639a,1368444838
4716bc1f-787d-4c3e-8f71-01a54c94b8ce-73,688f190a-3d4c-4af2-95f7-19ee6c4d639a,1368455638
f9479244-10dd-4e19-834f-11681b867461-19,688f190a-3d4c-4af2-95f7-19ee6c4d639a,1368466438
49311455-ac61-479c-b120-da5c13dc4ff5-19,688f190a-3d4c-4af2-95f7-19ee6c4d639a,1368470038
cdc796be-b4f0-4370-a62a-b7ad21a44dde-47,688f190a-3d4c-4af2-95f7-19ee6c4d639a,1368491638
472b2c4b-9f34-41f0-89e0-6355bfe603d7-36,688f190a-3d4c-4af2-95f7-19ee6c4d639a,1368473638
aec2f0d0-4e86-48ec-8960-037dfbe4cbeb-35,688f190a-3d4c-4af2-95f7-19ee6c4d639a,1368459238
c1895cb2-5b4c-43d4-8efa-a2fcb54f3b03-77,688f190a-3d4c-4af2-95f7-19ee6c4d639a,1368452038
e45cf3ce-1fe3-4e61-8d70-1b7da3456544-75,688f190a-3d4c-4af2-95f7-19ee6c4d639a,1368448438
db299327-65d4-4cd1-aeae-f5602698fc8c-19,688f190a-3d4c-4af2-95f7-19ee6c4d639a,1368488038
62d1b3b4-17dc-483d-ad3f-01ec097e2ca5-64,688f190a-3d4c-4af2-95f7-19ee6c4d639a,1368462838
f0cef2a5-30bb-48a1-b6cc-54a793c310c9-19,688f190a-3d4c-4af2-95f7-19ee6c4d639a,1368477238
ab2dd678-c21c-430e-92e1-2683d276a9ef-18,688f190a-3d4c-4af2-95f7-19ee6c4d639a,1368480838
57ed9697-1981-4fb7-b0ea-1eca03fe901f-19,688f190a-3d4c-4af2-95f7-19ee6c4d639a,1368484438
0a2948aa-357c-4278-b750-8336b984ccb1-25,688f190a-3d4c-4af2-95f7-19ee6c4d639a,1368495238
55ec2e20-155f-4ce1-ad60-1f81e0f7a47d-43,688f190a-3d4c-4af2-95f7-19ee6c4d639a,1368498838
7b4fa533-0e1d-411a-b594-2540005563a4-25,688f190a-3d4c-4af2-95f7-19ee6c4d639a,1368567238
23774e21-ea20-481d-83ec-fc61fb30b67d-19,688f190a-3d4c-4af2-95f7-19ee6c4d639a,1368531238
018fbfde-ddc8-4a8b-a68d-6199fab057d3-25,688f190a-3d4c-4af2-95f7-19ee6c4d639a,1368574438
f09549e2-a921-48cf-b67b-a337b3b37bd0-19,688f190a-3d4c-4af2-95f7-19ee6c4d639a,1368563638
db4c5f8a-d2bb-4200-ba00-4ebcd65f3122-19,688f190a-3d4c-4af2-95f7-19ee6c4d639a,1368549238
e6bf1fee-7376-456b-bd22-47c4a0e7adf2-24,688f190a-3d4c-4af2-95f7-19ee6c4d639a,1368570838
c1109b54-9c0e-488e-96a9-cf3f751c75e3-23,688f190a-3d4c-4af2-95f7-19ee6c4d639a,1368560038
430daebb-23e2-4516-b3ba-d92759afd8f6-18,688f190a-3d4c-4af2-95f7-19ee6c4d639a,1368524038
76fa114d-ae0d-4959-8074-52ddd46fcdab-25,688f190a-3d4c-4af2-95f7-19ee6c4d639a,1368513238
c2f54294-74b1-46b0-8c10-ce1e8f5ab4f1-18,688f190a-3d4c-4af2-95f7-19ee6c4d639a,1368538438
4acfbf82-6e1f-4a3f-8a67-e438fe6306f4-26,688f190a-3d4c-4af2-95f7-19ee6c4d639a,1368509638
21dbe84c-9672-4639-8786-06fc2ea0ef7a-19,688f190a-3d4c-4af2-95f7-19ee6c4d639a,1368534838
17efa38c-801f-4338-84ac-e2def90e19ff-19,688f190a-3d4c-4af2-95f7-19ee6c4d639a,1368527638
ef0cfde1-2665-49dd-8c36-5616b0d7171c-19,688f190a-3d4c-4af2-95f7-19ee6c4d639a,1368502438
ca8f9b7c-fe32-4ce1-be00-a6121f1b8769-19,688f190a-3d4c-4af2-95f7-19ee6c4d639a,1368552838
a51b4d47-1c77-4e99-9b70-44a59ff9b5a7-25,688f190a-3d4c-4af2-95f7-19ee6c4d639a,1368506038
aab9e5bc-d1dd-4bd4-ae62-9df77132bb81-19,688f190a-3d4c-4af2-95f7-19ee6c4d639a,1368542038
a9928a5a-8bdc-4016-b31e-3b901ad11815-80,688f190a-3d4c-4af2-95f7-19ee6c4d639a,1368578038
30992b0f-1d09-4b01-8d8c-12bcfb167a6e-19,688f190a-3d4c-4af2-95f7-19ee6c4d639a,1368520438
4e76bf31-4e42-458c-85af-89bd0900ca07-18,688f190a-3d4c-4af2-95f7-19ee6c4d639a,1368516838
1c4e3823-e0e5-4ed8-8325-a0a931fe8e8a-19,688f190a-3d4c-4af2-95f7-19ee6c4d639a,1368545638
5c7c3e11-c260-4ac9-b072-6df6a6dd6d3f-69,688f190a-3d4c-4af2-95f7-19ee6c4d639a,1368556438
de260ff3-d56b-4abe-8464-d9e0a19985d0-19,688f190a-3d4c-4af2-95f7-19ee6c4d639a,1368610438
f7d2382c-9850-404d-b6f6-aab7e4863e40-205,688f190a-3d4c-4af2-95f7-19ee6c4d639a,1368585238
1f7cae16-0db7-4e3c-9aaf-5377641dfe02-19,688f190a-3d4c-4af2-95f7-19ee6c4d639a,1368592438
be38e7c9-4851-49cd-9858-9f3239afd1a3-18,688f190a-3d4c-4af2-95f7-19ee6c4d639a,1368617638
5fe3f4d8-389e-4807-873a-fa13c0ea07f1-19,688f190a-3d4c-4af2-95f7-19ee6c4d639a,1368596038
88ac8852-a380-422d-8940-4915d255b7fd-18,688f190a-3d4c-4af2-95f7-19ee6c4d639a,1368614038
8f0ae45e-fa30-4176-a95d-de2df765c7c4-19,688f190a-3d4c-4af2-95f7-19ee6c4d639a,1368588838
f7f21b32-b103-4023-9ae1-59d22e4d1f1f-23,688f190a-3d4c-4af2-95f7-19ee6c4d639a,1368603238
6c64561a-3435-433d-95a7-c7435dd8a2fc-23,688f190a-3d4c-4af2-95f7-19ee6c4d639a,1368606838
3db95764-d7ac-4534-8187-d519d446bef0-19,688f190a-3d4c-4af2-95f7-19ee6c4d639a,1368624838
55e81b51-0528-4802-b26a-212023d8b758-19,688f190a-3d4c-4af2-95f7-19ee6c4d639a,1368628438
5f29befd-829e-44ea-9d2e-56d92dac55c1-23,688f190a-3d4c-4af2-95f7-19ee6c4d639a,1368599638
f8a1468a-4c00-4558-8d7d-78c2bfd86684-19,688f190a-3d4c-4af2-95f7-19ee6c4d639a,1368621238
7c4661e8-5813-465f-8b95-c56ca437101b-19,688f190a-3d4c-4af2-95f7-19ee6c4d639a,1368581638
8c738122-6b0e-4acb-a740-9d1ccbdb5e0f-19,688f190a-3d4c-4af2-95f7-19ee6c4d639a,1368632038
3cce0ab2-0aff-4a5c-a789-6cec78234fd3-19,688f190a-3d4c-4af2-95f7-19ee6c4d639a,1368693238
f1be3435-744a-47a9-aa02-33013b6ef534-19,688f190a-3d4c-4af2-95f7-19ee6c4d639a,1368668038
46898425-65b6-4747-a6c2-2c9af1871df5-29,688f190a-3d4c-4af2-95f7-19ee6c4d639a,1368635638
a5377c90-af15-44b1-9c07-4c1ffe9482b5-18,688f190a-3d4c-4af2-95f7-19ee6c4d639a,1369690680
cfde2f65-a653-4f21-b703-0dc212eee04a-19,688f190a-3d4c-4af2-95f7-19ee6c4d639a,1368682438
f243510f-fd74-4753-9f5f-aa22819ea1ba-35,688f190a-3d4c-4af2-95f7-19ee6c4d639a,1369606210
a8eace27-1acf-4d1f-b565-deb657746254-43,688f190a-3d4c-4af2-95f7-19ee6c4d639a,1369609810
75146923-c7e2-4758-b726-37c52a02b910-45,688f190a-3d4c-4af2-95f7-19ee6c4d639a,1369513113
0b723378-4754-4d8f-8d02-9129c0a1a953-19,688f190a-3d4c-4af2-95f7-19ee6c4d639a,1368675238
f8b41193-964e-4af4-ac44-3353a128cba1-19,688f190a-3d4c-4af2-95f7-19ee6c4d639a,1368696838
f8b41193-964e-4af4-ac44-3353a128cba1-88,688f190a-3d4c-4af2-95f7-19ee6c4d639a,1369509513
18ef67c9-fbce-4643-85ed-50af864dfa60-19,688f190a-3d4c-4af2-95f7-19ee6c4d639a,1368653638
f1c5fad4-eae6-4054-8b51-36f9152b805d-19,688f190a-3d4c-4af2-95f7-19ee6c4d639a,1368657238
8cff0949-2b7b-4d8b-aa77-0e1345a9570f-19,688f190a-3d4c-4af2-95f7-19ee6c4d639a,1368664438
9d02c285-8b20-480a-a5d4-4ff063bec94b-18,688f190a-3d4c-4af2-95f7-19ee6c4d639a,1368689638
3b121441-7517-46c7-b642-9c7d038ecf93-19,688f190a-3d4c-4af2-95f7-19ee6c4d639a,1368660838
a5dc9157-a34a-46d3-aa70-6b2cadd38ead-19,688f190a-3d4c-4af2-95f7-19ee6c4d639a,1368646438
af572780-1af2-4ba6-9acd-e3980528f3c3-18,688f190a-3d4c-4af2-95f7-19ee6c4d639a,1368642838
6be13b87-4e93-4d63-92da-440a79dd1f22-19,688f190a-3d4c-4af2-95f7-19ee6c4d639a,1368686038
05fecf8c-082c-4298-a5ac-1dfd57b5d730-41,688f190a-3d4c-4af2-95f7-19ee6c4d639a,1368639238
9701d1d1-24ca-4fb5-9e4b-74a50d695920-18,688f190a-3d4c-4af2-95f7-19ee6c4d639a,1369694280
22cf954c-4167-4dc8-80c9-54fa093f23a9-19,688f190a-3d4c-4af2-95f7-19ee6c4d639a,1368678838
d20f3a04-9ec1-4ee5-9570-348e583921bf-19,688f190a-3d4c-4af2-95f7-19ee6c4d639a,1369697880
74f5f444-b64c-481c-979d-add2e89990b7-19,688f190a-3d4c-4af2-95f7-19ee6c4d639a,1368671638
7d5c641e-84aa-4165-b747-7dabf110f7b7-19,688f190a-3d4c-4af2-95f7-19ee6c4d639a,1368650038
76f2fb43-70e2-4aa1-b7e6-824fafbe5795-19,688f190a-3d4c-4af2-95f7-19ee6c4d639a,1369723080
9262574c-a80b-4a79-abab-762a110f4df8-18,688f190a-3d4c-4af2-95f7-19ee6c4d639a,1369755480
4f1f3c59-1a39-4078-98c0-30f911176542-18,688f190a-3d4c-4af2-95f7-19ee6c4d639a,1369737480
65ce0436-30e3-4794-b4e8-f3ad3a090a69-19,688f190a-3d4c-4af2-95f7-19ee6c4d639a,1369751880
6b52b58e-6684-4306-bce7-c8dd13a5e6f8-19,688f190a-3d4c-4af2-95f7-19ee6c4d639a,1369712280
c1682e41-c7b9-47f0-b51c-598cd488b330-19,688f190a-3d4c-4af2-95f7-19ee6c4d639a,1369759080
1da80764-e29e-4908-b388-716a6f125723-19,688f190a-3d4c-4af2-95f7-19ee6c4d639a,1369748280
63f53b70-8e99-45c8-ac9a-4a4e90899e48-19,688f190a-3d4c-4af2-95f7-19ee6c4d639a,1369762680
0c66abba-fc19-4877-a7f0-9fa733bd563a-18,688f190a-3d4c-4af2-95f7-19ee6c4d639a,1369708680
6e300912-1ebb-4711-b9aa-a5408fe0641c-18,688f190a-3d4c-4af2-95f7-19ee6c4d639a,1369769880
6e300912-1ebb-4711-b9aa-a5408fe0641c-90,688f190a-3d4c-4af2-95f7-19ee6c4d639a,1369829585
78cf134f-8aee-44aa-a901-fc0b12a47e4a-18,688f190a-3d4c-4af2-95f7-19ee6c4d639a,1369715880
4d2e7b41-9cd6-45e4-9bce-7fde3c3fe836-46,688f190a-3d4c-4af2-95f7-19ee6c4d639a,1369705080
dc759e96-382f-4289-88db-e95c3a42767a-19,688f190a-3d4c-4af2-95f7-19ee6c4d639a,1369733880
6d398522-6ee9-483d-8084-d8202ac54df7-19,688f190a-3d4c-4af2-95f7-19ee6c4d639a,1369719480
9fd57d5a-475f-4875-908d-72524e9d879b-19,688f190a-3d4c-4af2-95f7-19ee6c4d639a,1369766280
e99013d7-ee56-4c69-8bed-79c365c438cb-18,688f190a-3d4c-4af2-95f7-19ee6c4d639a,1369741080
ffc0512c-a6bf-4a9d-a7f7-16ed071839d9-19,688f190a-3d4c-4af2-95f7-19ee6c4d639a,1369730280
3dc77965-f476-429d-a26d-b70e3f74b289-19,688f190a-3d4c-4af2-95f7-19ee6c4d639a,1369726680
46ac4982-eccf-4454-95e5-e794dce59f48-19,688f190a-3d4c-4af2-95f7-19ee6c4d639a,1369744680
da057cbf-15b0-49d2-9ed4-264206a868a3-19,688f190a-3d4c-4af2-95f7-19ee6c4d639a,1369701480
48e961f7-78d5-41b2-b3d3-2dc008eec59f-215,688f190a-3d4c-4af2-95f7-19ee6c4d639a,1369833185
12dbdfd6-4dc3-407c-b347-e12a5ea18ff3-374,688f190a-3d4c-4af2-95f7-19ee6c4d639a,1369836785
a382c2fb-22ba-4691-a04c-a357dfce2574-209,688f190a-3d4c-4af2-95f7-19ee6c4d639a,1369843985
e789ee86-1f4a-4b6b-8b38-442237f258c5-229,688f190a-3d4c-4af2-95f7-19ee6c4d639a,1369847585
7c886f43-f627-4b9f-bba0-9dad26c9c31b-375,688f190a-3d4c-4af2-95f7-19ee6c4d639a,1369840385
f422e321-3d76-4df6-a7ef-9764be089654-214,688f190a-3d4c-4af2-95f7-19ee6c4d639a,1369851185
2327e27a-1136-4ba8-828a-65594614f86a-395,688f190a-3d4c-4af2-95f7-19ee6c4d639a,1369875883
62447d1f-fd2f-4cf6-9198-7086ad926943-40,688f190a-3d4c-4af2-95f7-19ee6c4d639a,1369879483
d44c9fd5-e6ea-4841-baab-97e313180847-66,688f190a-3d4c-4af2-95f7-19ee6c4d639a,1370010620
