start_timestamp, end_timestamp
1364358643,1364359056

1364388374,1364391419

1364391630,1364392296

1364393248,1364393510

1364393720,1364395687

1364396179,1364396844

1364397346,1364397477

1364398169,1364400993

1364401224,1364401284

1364401775,1364402694

1364403165,1364403245

1364419325,1364420494

1364429165,1364431646

1364431876,1364432259

1364435828,1364438047

1364438077,1364438208

1364438409,1364439539

1364439800,1364443047

1364444029,1364444130

1364444371,1364444441

1364445373,1364445767

1364446939,1364447403

1364449288,1364449611

1364491404,1364491505

1364491716,1364491857

1364492328,1364492399

1364492599,1364492892

1364492912,1364493194

1364493716,1364494130

1364494340,1364495237

1364495518,1364495921

1364496152,1364496394

1364496625,1364497522

1364497532,1364497654

1364497894,1364497965

1364497975,1364498086

1364498306,1364498457

1364498918,1364499191

1364499662,1364500357

1364500598,1364502304

1364502535,1364503583

1364503604,1364504108

1364504820,1364504901

1364504941,1364504982

1364505232,1364505837

1364508475,1364508666

1364508887,1364509118

1364512476,1364513051

1364513292,1364514926

1364515156,1364516105

1364516335,1364520017

1364520258,1364521034

1364521255,1364522001

1364522212,1364522383

1364522664,1364522745

1364523727,1364523959

1364524461,1364524693

1364524923,1364525125

1364525356,1364525920

1364526121,1364526211

1364528337,1364528811

1364528841,1364529053

1364529304,1364529768

1364529788,1364530091

1364530321,1364531128

1364534496,1364534607

1364560556,1364560657

1364561379,1364562659

1364563141,1364564270

1364564511,1364565126

1364565817,1364569721

1364570442,1364574114

1364574365,1364574496

1364574947,1364575260

1364576704,1364577097

1364577829,1364578262

1364578283,1364578444

1364579156,1364579912

1364580363,1364580615

1364580846,1364581098

1364581349,1364581439

1364582181,1364586641

1364586842,1364587407

1364587647,1364587808

1364588039,1364588130

1364590736,1364591452

1364591702,1364592277

1364592488,1364593576

1364593807,1364594563

1364594774,1364595187

1364595427,1364596224

1364597658,1364599362

1364599563,1364599774

1364600025,1364600620

1364601071,1364604177

1364604378,1364606747

1364606747,1364608674

1364608884,1364609610

1364610823,1364610894

1364611114,1364611195

1364613350,1364613552

1364616449,1364617448

1364618149,1364618271

1364621639,1364621750

1364622461,1364622572

1364657891,1364659496

1364659707,1364659838

1364660058,1364660452

1364660662,1364662903

1364663133,1364664744

1364664754,1364666146

1364666366,1364668141

1364668382,1364668482

1364668713,1364669197

1364670871,1364678283

1364678734,1364679672

1364679893,1364680003

1364680234,1364680869

1364681080,1364681211

1364688649,1364689597

1364689798,1364690615

1364690805,1364691128

1364697615,1364698351

1364698571,1364701888

1364702109,1364703420

1364703681,1364703802

1364704283,1364704464

1364705177,1364705267

1364705498,1364706274

1364706495,1364706555

1364706586,1364706646

1364706857,1364707109

1364707600,1364707681

1364708663,1364709071

1364748261,1364748755

1364748966,1364750156

1364750417,1364750749

1364751210,1364751321

1364751552,1364751673

1364753367,1364755949

1364758116,1364759911

1364759932,1364760497

1364760527,1364760900

1364761110,1364761292

1364761553,1364765174

1364765675,1364766361

1364766592,1364766723

1364767405,1364767727

1364768459,1364769145

1364769416,1364769608

1364769838,1364769909

1364770370,1364770450

1364771373,1364771474

1364771674,1364771855

1364773319,1364773399

1364774402,1364774493

1364775225,1364775517

1364775778,1364775868

1364777081,1364778212

1364778452,1364779461

1364779671,1364779802

1364780775,1364780976

1364782189,1364782562

1364782783,1364782894

1364782894,1364783257

1364784250,1364785127

1364785157,1364785319

1364785580,1364785963

1364785993,1364786578

1364787049,1364787160

1364787892,1364788517

1364788748,1364790079

1364790300,1364790672

1364791134,1364792182

1364793616,1364793989

1364794199,1364795046

1364795286,1364796799

1364797019,1364800105

1364800336,1364802101

1364802301,1364802987

1364830372,1364833307

1364833828,1364833979

1364834481,1364835499

1364836923,1364837306

1364837747,1364838322

1364839034,1364839659

1364839879,1364840767

1364841017,1364841542

1364841792,1364842004

1364842214,1364842336

1364842807,1364842928

1364843188,1364844096

1364846713,1364846793

1364847245,1364847739

1364848451,1364848531

1364855499,1364856315

1364856837,1364857341

1364857371,1364857482

1364857943,1364859336

1364859356,1364859437

1364859437,1364863571

1364865205,1364865316

1364866058,1364866431

1364869388,1364869499

1364869760,1364870193

1364870194,1364870486

1364870716,1364871916

1364872167,1364872681

1364872962,1364873063

1364873063,1364873517

1364873727,1364873959

1364874230,1364874563

1364875054,1364875205

1364875476,1364875758

1364876019,1364876947

1364877218,1364877510

1364877771,1364877871

1364878102,1364878656

1364918538,1364918608

1364919330,1364919381

1364921537,1364921648

1364922159,1364923732

1364924173,1364924809

1364925029,1364925533

1364927939,1364928110

1364929293,1364929535

1364930969,1364931372

1364932063,1364932699

1364933210,1364933341

1364934294,1364934344

1364935307,1364935821

1364937004,1364937075

1364942809,1364942950

1364946318,1364946389

1364946609,1364946821

1364947082,1364947143

1364947383,1364948926

1364949438,1364949639

1364950551,1364950692

1364950913,1364951649

1364951870,1364952676

1364955083,1364955446

1364955696,1364955837

1364956569,1364956720

1364957182,1364957303

1364961154,1364961225

1364961455,1364961768

1364967522,1364967593

1364968515,1364968666

1364993181,1364997155

1364998077,1365000295

1365000546,1365001675

1365002176,1365002357

1365002829,1365013003

1365013204,1365013920

1365015645,1365019437

1365019637,1365023349

1365023599,1365024406

1365024888,1365025695

1365027641,1365029054

1365029065,1365030836

1365031056,1365034457

1365034647,1365035272

1365035503,1365037934

1365038134,1365040928

1365041369,1365042549

1365042760,1365044162

1365044382,1365047773

1365047974,1365049124

1365049375,1365050767

1365050978,1365051059

1365052021,1365052404

1365053086,1365056167

1365056397,1365056508

1365056749,1365056960

1365057672,1365058196

1365058196,1365058267

1365059219,1365059471

1365059712,1365059793

1365090046,1365090167

1365090408,1365090609

1365091070,1365091423

1365091674,1365094488

1365095199,1365096218

1365096489,1365096923

1365097364,1365099037

1365099058,1365099814

1365100305,1365100497

1365100727,1365101020

1365101772,1365101963

1365102194,1365102759

1365102789,1365103364

1365103866,1365104833

1365105299,1365105511

1365105972,1365106577

1365106587,1365106678

1365107400,1365110203

1365110404,1365111482

1365111763,1365113568

1365114250,1365114311

1365114561,1365114924

1365115395,1365115829

1365116060,1365118551

1365119002,1365121825

1365121845,1365123096

1365123317,1365125737

1365125957,1365129976

1365130468,1365130609

1365132745,1365133351

1365134544,1365135028

1365135058,1365135179

1365135390,1365135883

1365135904,1365136055

1365136537,1365137394

1365137615,1365138008

1365138460,1365138520

1365140455,1365140525

1365164300,1365164371

1365173736,1365174099

1365174340,1365174441

1365174932,1365178845

1365181263,1365181535

1365181796,1365181897

1365182870,1365183051

1365183282,1365183494

1365184165,1365184266

1365184727,1365184797

1365185039,1365185079

1365185099,1365186198

1365186419,1365187417

1365187438,1365187518

1365187729,1365188011

1365188282,1365188564

1365188825,1365189188

1365189399,1365189489

1365189700,1365189770

1365190231,1365191249

1365191490,1365193688

1365194130,1365195683

1365195873,1365197335

1365197555,1365197837

1365198048,1365199036

1365199237,1365205078

1365205339,1365205682

1365205702,1365206953

1365207173,1365208948

1365209158,1365209259

1365209530,1365209833

1365210294,1365211948

1365212158,1365213673

1365214155,1365215448

1365216171,1365216968

1365217198,1365218106

1365218347,1365223329

1365223580,1365224993

1365225243,1365225324

1365225544,1365225999

1365226933,1365228173

1365228373,1365228787

1365229027,1365229713

1365230164,1365230567

1365271875,1365272097

1365272137,1365272258

1365273211,1365273775

1365274036,1365274621

1365274651,1365274752

1365274772,1365276043

1365277687,1365277768

1365278269,1365278440

1365278651,1365283947

1365284178,1365285813

1365285823,1365285984

1365286255,1365287425

1365287445,1365287969

1365287990,1365288363

1365288593,1365289652

1365290374,1365292008

1365292218,1365294245

1365294456,1365294597

1365294807,1365295382

1365295833,1365295913

1365295923,1365295984

1365296435,1365296687

1365296918,1365297250

1365297471,1365303451

1365303722,1365303944

1365304185,1365304508

1365304718,1365305141

1365305412,1365305473

1365306154,1365306376

1365306837,1365308299

1365308990,1365310170

1365311162,1365312664

1365313376,1365313487

1365314212,1365314466

1365314948,1365315230

1365355859,1365356576

1365356586,1365357181

1365357892,1365361644

1365361854,1365361965

1365362216,1365362417

1365362888,1365362939

1365363420,1365364711

1365364921,1365365799

1365365999,1365367764

1365369187,1365369399

1365370321,1365375525

1365375746,1365375887

1365376107,1365376390

1365378830,1365378880

1365379602,1365382507

1365382737,1365383806

1365384037,1365385418

1365385659,1365385810

1365386742,1365387922

1365388173,1365389423

1365389674,1365391065

1365391286,1365392334

1365392344,1365393282

1365393513,1365395227

1365395437,1365395982

1365396003,1365396073

1365396304,1365397554

1365397564,1365397705

1365398447,1365398769

1365398990,1365400119

1365400140,1365400936

1365401137,1365401359

1365401820,1365402153

1365402434,1365403722

1365403742,1365404378

1365404408,1365404610

1365404860,1365405496

1365405716,1365406119

1365406621,1365406845

1365419592,1365419673

1365433841,1365434355

1365434616,1365438017

1365439000,1365440018

1365440039,1365440190

1365440451,1365440803

1365441034,1365441276

1365441506,1365443432

1365443934,1365444226

1365444708,1365445706

1365445967,1365446351

1365446792,1365446963

1365447004,1365447074

1365447284,1365447466

1365447957,1365448220

1365448500,1365448722

1365449444,1365449807

1365450047,1365450390

1365450631,1365450873

1365451364,1365451445

1365451676,1365452301

1365453955,1365454176

1365454197,1365454630

1365454861,1365457624

1365457845,1365461414

1365461885,1365462036

1365462528,1365463536

1365467667,1365467899

1365468119,1365468281

1365468772,1365469549

1365469559,1365470113

1365470334,1365470919

1365471129,1365472047

1365472267,1365472388

1365472639,1365473163

1365473675,1365474613

1365475324,1365477482

1365477503,1365478814

1365479044,1365480355

1365482550,1365484818

1365529277,1365529508

1365530241,1365530362

1365530602,1365530794

1365531275,1365531376

1365531617,1365531677

1365531687,1365532494

1365532535,1365532767

1365533729,1365534122

1365535085,1365535851

1365536533,1365536886

1365537126,1365537883

1365538083,1365544962

1365545182,1365545414

1365545655,1365547733

1365548675,1365549794

1365550065,1365550277

1365550799,1365550980

1365551421,1365553388

1365553588,1365554062

1365555266,1365555366

1365555808,1365556130

1365556862,1365556923

1365557123,1365557506

1365557967,1365558310

1365558510,1365558894

1365559114,1365559911

1365560132,1365562764

1365563025,1365563671

1365563681,1365563943

1365564154,1365564658

1365564658,1365565656

1365565917,1365566381

1365566652,1365567146

1365567166,1365567912

1365568123,1365570110

1365570351,1365572277

1365572538,1365572639

1365598107,1365598187

1365598418,1365600908

1365601159,1365601865

1365602847,1365604743

1365604944,1365606457

1365606477,1365606537

1365606978,1365609640

1365609881,1365611141

1365611372,1365611544

1365619243,1365620080

1365620090,1365620443

1365620924,1365622760

1365623201,1365625460

1365625671,1365630200

1365630410,1365631258

1365632210,1365634539

1365634569,1365635285

1365635306,1365635750

1365635770,1365636254

1365636485,1365637200

1365637441,1365637925

1365638156,1365638438

1365638649,1365639334

1365639555,1365639635

1365639866,1365640108

1365640329,1365640722

1365640993,1365643142

1365643402,1365643695

1365645359,1365646015

1365646045,1365646479

1365646679,1365648253

1365648483,1365652185

1365652646,1365654957

1365654967,1365655098

1365655579,1365656023

1365659353,1365659413

1365659925,1365659975

1365659986,1365660056

1365685254,1365685536

1365687743,1365687813

1365689708,1365690011

1365690472,1365693084

1365701224,1365701365

1365703279,1365703894

1365704125,1365704307

1365704557,1365706938

1365707409,1365708407

1365710332,1365710866

1365711317,1365711448

1365711678,1365711861

1365712102,1365712465

1365713438,1365714688

1365715872,1365716648

1365717811,1365718204

1365718415,1365719262

1365719502,1365725502

1365725723,1365726287

1365726759,1365727485

1365727725,1365728169

1365728379,1365729166

1365729397,1365730254

1365730504,1365731291

1365731491,1365732006

1365732236,1365733658

1365733898,1365734251

1365735244,1365735365

1365735606,1365735958

1365740059,1365740210

1365741710,1365743818

1365744069,1365744159

1365744410,1365744824

1365744844,1365744955

1365745186,1365747334

1365747524,1365750620

1365771044,1365774785

1365775487,1365776445

1365776675,1365776746

1365776756,1365779358

1365779839,1365784559

1365784800,1365784830

1365784860,1365786201

1365786702,1365786914

1365787386,1365787506

1365787968,1365788038

1365788499,1365789215

1365789476,1365789637

1365789888,1365790332

1365790572,1365792256

1365792948,1365793301

1365793551,1365793703

1365793893,1365794125

1365796742,1365797074

1365797335,1365800037

1365800258,1365803566

1365805767,1365805868

1365805888,1365812878

1365813118,1365813501

1365813512,1365813895

1365813905,1365813996

1365814447,1365815425

1365816608,1365816820

1365817030,1365817414

1365817644,1365819473

1365819674,1365822029

1365822029,1365822634

1365822855,1365824629

1365824830,1365826040

1365826531,1365826642

1365828317,1365828528

1365828769,1365830281

1365831204,1365831274

1365871171,1365873177

1365873387,1365876493

1365876524,1365876624

1365876635,1365876715

1365876925,1365879306

1365879516,1365882278

1365882298,1365882842

1365883554,1365883594

1365883855,1365884672

1365885393,1365887532

1365887732,1365888338

1365888348,1365888418

1365888629,1365890625

1365890856,1365891198

1365891449,1365891590

1365891601,1365892286

1365893510,1365894619

1365895070,1365897964

1365898185,1365898629

1365898849,1365901561

1365901772,1365902286

1365909956,1365910430

1365910460,1365911126

1365911347,1365911488

1365912420,1365912652

1365913404,1365913495

1365913976,1365914349

1365915312,1365915362

1365916596,1365916759

1365917723,1365918055

1365918777,1365921222

1365921423,1365924499

1365924720,1365925690

1365960559,1365960630

1365961311,1365964075

1365964807,1365966642

1365966862,1365967639

1365967891,1365968914

1365969135,1365969205

1365969426,1365971614

1365971856,1365972329

1365972560,1365972792

1365972812,1365972993

1365973966,1365974258

1365976667,1365976949

1365977431,1365977481

1365983256,1365983629

1365984351,1365984452

1365984713,1365985290

1365988177,1365988560

1365989272,1365989585

1365991479,1365991721

1365991961,1365992183

1365992454,1365994088

1365994298,1365995276

1365995988,1365996976

1365997197,1365997610

1365997851,1365998506

1365998747,1365999533

1365999764,1366001559

1366008527,1366008991

1366009221,1366009284

1366038590,1366039145

1366039355,1366041201

1366041412,1366044690

1366044951,1366045072

1366045323,1366045464

1366045684,1366047248

1366047478,1366048981

1366049452,1366050864

1366051094,1366051760

1366052000,1366052182

1366052392,1366052755

1366053497,1366054082

1366054343,1366054444

1366054665,1366056187

1366057381,1366058208

1366058468,1366058579

1366059061,1366059262

1366059713,1366060429

1366060439,1366060802

1366061053,1366061890

1366062110,1366062947

1366062977,1366063280

1366063510,1366063651

1366063862,1366064739

1366065200,1366065271

1366065742,1366065853

1366067056,1366068559

1366068799,1366069182

1366069403,1366069847

1366070779,1366071152

1366071382,1366071533

1366071794,1366072339

1366074263,1366074857

1366075098,1366075360

1366075601,1366075752

1366076243,1366076646

1366077639,1366078456

1366078466,1366078647

1366078888,1366080017

1366080759,1366081425

1366081665,1366081776

1366082027,1366082329

1366082540,1366082721

1366082982,1366083305

1366083525,1366083707

1366083937,1366084200

1366084420,1366084602

1366084832,1366085165

1366085375,1366085526

1366085987,1366089053

1366089273,1366089545

1366089746,1366091342

1366124255,1366124326

1366131034,1366131155

1366134266,1366134377

1366134567,1366135283

1366136035,1366136711

1366137413,1366137534

1366137764,1366137825

1366137835,1366137925

1366138176,1366138902

1366138932,1366139174

1366139856,1366140582

1366140582,1366141308

1366141539,1366141851

1366142332,1366142524

1366145150,1366145281

1366145292,1366145402

1366147076,1366147469

1366148412,1366148724

1366149426,1366151645

1366151866,1366152834

1366152854,1366152985

1366153446,1366155635

1366156336,1366156588

1366156788,1366157968

1366158178,1366159651

1366159861,1366161727

1366161968,1366162250

1366162291,1366162361

1366162561,1366163631

1366163882,1366164083

1366164324,1366165685

1366165696,1366165968

1366166198,1366166692

1366166733,1366166955

1366167185,1366167649

1366167859,1366168041

1366168261,1366168675

1366168948,1366169079

1366170482,1366171662

1366171852,1366172205

1366172656,1366172868

1366173078,1366173219

1366173680,1366175837

1366176078,1366176733

1366176984,1366178083

1366178303,1366179362

1366179623,1366179885

1366180095,1366180741

1366180761,1366181426

1366181667,1366182242

1366207741,1366208537

1366208547,1366210716

1366210916,1366211158

1366211629,1366214695

1366214715,1366215784

1366216015,1366216368

1366217090,1366217413

1366217673,1366218601

1366218831,1366219739

1366219990,1366220131

1366220352,1366221078

1366221298,1366221520

1366222462,1366222603

1366222823,1366223227

1366223247,1366223580

1366223600,1366224467

1366224668,1366225969

1366227863,1366227974

1366231092,1366231173

1366231884,1366233125

1366233166,1366233398

1366233628,1366234152

1366234173,1366234304

1366234524,1366235382

1366235602,1366237145

1366237366,1366237628

1366238140,1366238553

1366238573,1366238916

1366239156,1366239459

1366239690,1366241190

1366241431,1366242278

1366243481,1366245388

1366245890,1366248532

1366248743,1366249994

1366250194,1366253956

1366254147,1366257920

1366257940,1366258414

1366259638,1366259749

1366260692,1366263617

1366264549,1366264630

1366300181,1366300363

1366300854,1366301358

1366301799,1366303009

1366303019,1366303331

1366303552,1366303995

1366305398,1366305519

1366306271,1366306382

1366307344,1366307748

1366308470,1366308924

1366309877,1366310139

1366310179,1366310260

1366310301,1366310412

1366311846,1366313389

1366314141,1366314283

1366314533,1366315269

1366315500,1366315651

1366315862,1366316064

1366316294,1366316738

1366316928,1366317008

1366317991,1366318111

1366319535,1366319756

1366320007,1366321278

1366321529,1366321760

1366321981,1366322082

1366322312,1366322524

1366322534,1366323018

1366323269,1366323379

1366323630,1366325619

1366325839,1366330559

1366330800,1366335178

1366335208,1366335571

1366335791,1366335973

1366336203,1366340581

1366341323,1366341444

1366341705,1366343097

1366343317,1366343610

1366343630,1366343761

1366343981,1366344032

1366344272,1366344474

1366344694,1366344886

1366346310,1366346380

1366346591,1366346863

1366346863,1366347370

1366347630,1366347771

1366348473,1366348584

1366380323,1366382986

1366383186,1366384044

1366384745,1366389355

1366389375,1366389819

1366390029,1366390725

1366390956,1366392287

1366392497,1366392648

1366392869,1366393323

1366393363,1366393545

1366393755,1366395984

1366396004,1366396882

1366397132,1366397939

1366398129,1366399885

1366399895,1366400470

1366400490,1366400651

1366400661,1366400802

1366402227,1366402297

1366403239,1366403542

1366404294,1366404576

1366404807,1366405089

1366405340,1366405410

1366405651,1366408031

1366408051,1366414547

1366415008,1366417601

1366418553,1366418624

1366419095,1366419327

1366419327,1366419559

1366420050,1366420565

1366420786,1366420836

1366420866,1366421098

1366422271,1366422372

1366422602,1366422663

1366422884,1366422974

1366424167,1366424248

1366426213,1366426556

1366426807,1366426938

1366427138,1366427259

1366427269,1366428076

1366428277,1366429578

1366429779,1366430232

1366430453,1366430534

1366433160,1366433271

1366433511,1366433582

1366434065,1366434620

1366439873,1366439964

1366462319,1366462369

1366462589,1366462670

1366466990,1366467898

1366468119,1366468683

1366468904,1366469761

1366469992,1366470466

1366470486,1366470718

1366470948,1366471685

1366472156,1366472287

1366472988,1366473574

1366474566,1366474647

1366474677,1366474858

1366476062,1366476112

1366476132,1366477201

1366478895,1366478986

1366479217,1366479459

1366479479,1366480346

1366480557,1366481071

1366494044,1366494538

1366494758,1366495152

1366495362,1366497833

1366511277,1366512941

1366513152,1366514170

1366514401,1366518734

1366518975,1366520185

1366521869,1366523119

1366523360,1366523612

1366549570,1366549832

1366550543,1366550725

1366551436,1366551739

1366551749,1366551830

1366552111,1366552554

1366552825,1366552926

1366553167,1366553570

1366553821,1366553921

1366554122,1366554243

1366554253,1366554333

1366554564,1366554756

1366554987,1366555289

1366555740,1366555952

1366556182,1366556374

1366557066,1366557257

1366557498,1366557790

1366558021,1366558313

1366558564,1366558624

1366559837,1366560039

1366560249,1366560330

1366560791,1366561729

1366563843,1366564257

1366564518,1366564669

1366564899,1366564990

1366565251,1366565604

1366565624,1366565755

1366566206,1366566670

1366566910,1366567929

1366568200,1366568714

1366568724,1366569027

1366569037,1366569107

1366569318,1366570699

1366570710,1366570941

1366570952,1366571133

1366571353,1366571948

1366572189,1366572754

1366573235,1366573387

1366573648,1366573829

1366573839,1366573910

1366574140,1366574201

1366574672,1366575257

1366575748,1366575849

1366577092,1366577243

1366578225,1366578306

1366580932,1366581174

1366581384,1366581455

1366581918,1366583552

1366583803,1366584538

1366584749,1366585102

1366585112,1366585182

1366585403,1366587379

1366587639,1366587821

1366588062,1366588152

1366588353,1366588433

1366590570,1366590953

1366591193,1366591264

1366591504,1366592573

1366598578,1366599223

1366599959,1366600303

1366600544,1366600775

1366601036,1366601571

1366601812,1366601893

1366602133,1366602799

1366603029,1366603301

1366603332,1366604068

1366604258,1366604702

1366604932,1366605628

1366605839,1366607725

1366607965,1366608419

1366608670,1366608770

1366638121,1366638383

1366639085,1366639266

1366639717,1366643197

1366643698,1366649819

1366650530,1366650944

1366650964,1366651156

1366651627,1366651819

1366652290,1366652491

1366653674,1366653976

1366654207,1366654449

1366654710,1366655376

1366655596,1366655878

1366655898,1366656080

1366656311,1366656764

1366656975,1366657186

1366658179,1366658855

1366659085,1366659630

1366660822,1366661297

1366661778,1366662213

1366662424,1366662645

1366662876,1366662916

1366663167,1366663288

1366663508,1366663690

1366663950,1366664041

1366665014,1366665518

1366665989,1366666281

1366666512,1366667009

1366667229,1366667491

1366667722,1366667944

1366668205,1366668436

1366669172,1366670543

1366670773,1366671388

1366671619,1366672628

1366672668,1366672759

1366673002,1366674293

1366674493,1366674998

1366675228,1366675591

1366675602,1366675813

1366676074,1366677581

1366677822,1366680363

1366680384,1366680434

1366680945,1366682065

1366682085,1366682741

1366682971,1366683465

1366683936,1366684541

1366684752,1366685034

1366685475,1366685778

1366686269,1366686602

1366686802,1366687559

1366687769,1366688485

1366688726,1366689905

1366690096,1366691932

1366691942,1366694524

1366694764,1366694865

1366695106,1366695156

1366695898,1366696060

1366697042,1366697143

1366735607,1366738319

1366738540,1366739296

1366739507,1366740990

1366762637,1366763968

1366764911,1366766888

1366767158,1366767239

1366767480,1366767904

1366768395,1366769262

1366784435,1366784495

1366820317,1366820458

1366820719,1366820799

1366821040,1366821110

1366821562,1366821844

1366822325,1366823687

1366823897,1366824482

1366824502,1366827135

1366827406,1366828404

1366828425,1366828495

1366828685,1366829240

1366829962,1366830154

1366830374,1366831685

1366832177,1366832872

1366833564,1366835056

1366835327,1366836457

1366836698,1366837393

1366837414,1366838029

1366843062,1366843234

1366843725,1366844088

1366844819,1366845183

1366845403,1366845968

1366846178,1366846572

1366846782,1366846843

1366847344,1366847838

1366848049,1366848341

1366848592,1366848955

1366848966,1366849066

1366849297,1366850154

1366850625,1366851180

1366851661,1366851742

1366852925,1366853137

1366853618,1366854445

1366854666,1366855584

1366855774,1366856923

1366856923,1366857256

1366857466,1366862671

1366863352,1366865602

1366865842,1366866779

1366866801,1366866960

1366867211,1366868108

1366868118,1366871567

1366871838,1366872060

1366872070,1366872363

1366872373,1366872756

1366872967,1366873453

1366873683,1366873966

1366874247,1366874418

1366874658,1366874840

1366875081,1366875151

1366875372,1366875533

1366876767,1366876918

1366878632,1366878743

1366880188,1366880299

1366881993,1366882134

1366883127,1366883410

1366883660,1366883852

1366884093,1366884203

1366884925,1366885147

1366885408,1366885629

1366885900,1366886122

1366886373,1366886463

1366887457,1366887629

1366888120,1366888191

1366888421,1366888623

1366888894,1366889105

1366889617,1366889768

1366892445,1366892587

1366893349,1366893470

1366893701,1366893862

1366894113,1366894294

1366894786,1366894907

1366895389,1366895570

1366896051,1366896172

1366896403,1366896594

1366896825,1366897027

1366897979,1366898110

1366899103,1366899265

1366899525,1366899757

1366900008,1366900139

1366900360,1366900582

1366900843,1366901004

1366908943,1366911313

1366911533,1366912512

1366912733,1366914195

1366914646,1366914959

1366915450,1366916277

1366916528,1366917224

1366917244,1366917314

1366917796,1366917927

1366918619,1366918842

1366918883,1366919105

1366919345,1366920374

1366920595,1366920988

1366921219,1366921450

1366922884,1366922964

1366925340,1366926742

1366926952,1366927385

1366927857,1366928441

1366928641,1366929025

1366929265,1366930062

1366931004,1366931770

1366932001,1366935108

1366935298,1366935803

1366936053,1366937163

1366937174,1366938978

1366939209,1366940268

1366940468,1366941103

1366941574,1366947280

1366948452,1366949289

1366949299,1366949541

1366949551,1366949641

1366951035,1366951105

1366952789,1366952860

1366953100,1366953191

1366953442,1366953623

1366954365,1366954436

1366954897,1366954978

1366955449,1366955489

1366955519,1366956860

1366957121,1366957282

1366972449,1366972540

1366972811,1366972982

1366976110,1366976281

1366978687,1366978828

1366979049,1366979109

1366979350,1366979471

1366979711,1366979822

1366981719,1366981800

1366984675,1366984887

1366985087,1366987744

1366989672,1366990206

1366990217,1366991830

1366992050,1366992958

1366993198,1366994771

1366995022,1366995203

1366996657,1366996768

1366996998,1366997694

1366997965,1366998126

1366998858,1367000573

1367001034,1367001145

1367001376,1367002899

1367003139,1367003260

1367003481,1367003713

1367003733,1367004015

1367004246,1367005143

1367006366,1367006669

1367006910,1367007495

1367007505,1367007868

1367007888,1367008170

1367008401,1367008583

1367008824,1367008874

1367009115,1367009205

1367009426,1367010353

1367010795,1367011027

1367011047,1367011400

1367011661,1367011882

1367012604,1367013522

1367015918,1367016543

1367016753,1367016985

1367018198,1367018350

1367018550,1367018792

1367019293,1367020564

1367020774,1367022418

1367022639,1367023596

1367024068,1367024492

1367024732,1367024964

1367025225,1367025477

1367025722,1367027680

1367027710,1367029142

1367029353,1367029615

1367030337,1367031907

1367032128,1367032481

1367032501,1367032581

1367033534,1367034502

1367034712,1367034773

1367035494,1367035636

1367036097,1367037549

1367037759,1367038263

1367038494,1367038675

1367039628,1367039801

1367040062,1367040606

1367040867,1367041089

1367041329,1367041430

1367043626,1367043686

1367046313,1367046404

1367052881,1367052951

1367060383,1367060534

1367060805,1367060875

1367061096,1367061166

1367061407,1367061508

1367061999,1367062141

1367062371,1367062522

1367062773,1367062924

1367063195,1367063407

1367064410,1367064571

1367065293,1367065484

1367065715,1367065816

1367066318,1367066533

1367066805,1367067006

1367067478,1367067629

1367067890,1367068051

1367068302,1367068373

1367069088,1367069188

1367070171,1367070302

1367070763,1367070834

1367071777,1367072757

1367073700,1367073821

1367074312,1367074372

1367074834,1367075822

1367076042,1367076576

1367076817,1367078320

1367078340,1367079287

1367079298,1367079782

1367080012,1367080829

1367080849,1367083501

1367083721,1367084457

1367084919,1367085131

1367085592,1367085944

1367086195,1367086528

1367086718,1367087444

1367087685,1367087886

1367089320,1367090147

1367090628,1367090709

1367090959,1367091665

1367091896,1367092833

1367093294,1367093607

1367093837,1367094029

1367094470,1367094873

1367096046,1367096177

1367096408,1367096710

1367096951,1367097051

1367097543,1367097674

1367097894,1367098509

1367098750,1367099630

1367099650,1367099701

1367099942,1367100275

1367100475,1367103965

1367104205,1367104387

1367104888,1367104939

1367106864,1367106944

1367107636,1367107737

1367109681,1367109802

1367109823,1367109883

1367111528,1367111991

1367112192,1367113795

1367114016,1367114893

1367114923,1367115387

1367115608,1367117231

1367117503,1367117684

1367118146,1367119144

1367119405,1367119697

1367119707,1367120443

1367121396,1367122364

1367122595,1367122998

1367123029,1367125036

1367125056,1367125278

1367126753,1367127126

1367169617,1367169718

1367170881,1367171241

1367171271,1367171850

1367171880,1367172596

1367172837,1367174115

1367174325,1367174900

1367175100,1367175836

1367175847,1367175907

1367176118,1367177146

1367177397,1367180489

1367180740,1367184723

1367184954,1367186285

1367186496,1367187716

1367187946,1367188834

1367189085,1367189992

1367190243,1367191857

1367192087,1367193207

1367193407,1367194133

1367194143,1367194244

1367194505,1367195665

1367195885,1367197307

1367200206,1367200341

1367528423,1367529553

1367529783,1367530752

1367543015,1367543166

1367543437,1367550002

1367550233,1367551050

1367551060,1367551131

1367551612,1367553034

1367553295,1367554626

1367554847,1367555502

1367555732,1367556136

1367556146,1367556297

1367556768,1367556889

1367557120,1367557321

1367557552,1367557592

1367557853,1367557984

1367558184,1367558345

1367558546,1367558798

1367559270,1367560167

1367560898,1367561241

1367561261,1367561332

1367561573,1367561744

1367562215,1367562417

1367562638,1367562850

1367563070,1367563292

1367563543,1367563765

1367565719,1367565769

1367566030,1367566212

1367567164,1367567285

1367574735,1367574805

1367583699,1367583971

1367584242,1367584383

1367584654,1367584845

1367592975,1367593560

1367593791,1367597896

1367598387,1367598770

1367600447,1367600729

1367601451,1367601713

1367601944,1367602237

1367602257,1367602328

1367602538,1367602770

1367603271,1367603543

1367603794,1367604096

1367604598,1367604659

1367605140,1367605271

1367606193,1367607454

1367607935,1367608651

1367609393,1367610986

1367611257,1367611459

1367612161,1367612312

1367613054,1367613609

1367614330,1367614431

1367615414,1367616312

1367616532,1367617026

1367617237,1367620091

1367620302,1367621845

1367622045,1367623366

1367623597,1367626169

1367626369,1367626540

1367626550,1367627327

1367627598,1367630784

1367630984,1367631095

1367631305,1367632919

1367633150,1367634592

1367634843,1367635629

1367635870,1367640290

1367640540,1367640843

1367641073,1367641215

1367641455,1367644625

1367657138,1367657330

1367657550,1367657853

1367658083,1367658285

1367658766,1367658857

1367659348,1367659550

1367659791,1367659942

1367660454,1367660645

1367661588,1367661688

1367663634,1367663694

1367663925,1367664046

1367666443,1367666563

1367666804,1367667046

1367667287,1367667579

1367667850,1367668072

1367668323,1367668514

1367668735,1367668947

1367669468,1367669609

1367669891,1367669981

1367670252,1367670312

1367673882,1367674124

1367674154,1367674739

1367675221,1367675301

1367962589,1367964980

1367965171,1367965302

1367965793,1367967471

1367967952,1367969334

1367970778,1367970919

1367971600,1367972871

1367973101,1367973242

1367974656,1367975080

1367975321,1367979800

1367980983,1367981255

1367981455,1367982515

1367982715,1367983552

1367985978,1367986129

1367987373,1367987494

1367996361,1367996452

1367997625,1367997716

1367998417,1367998468

1368000885,1368000995

1368005583,1368005683

1368008581,1368008622

1368010336,1368010407

1368026052,1368026244

1368026494,1368029016

1368029236,1368030204

1368031755,1368032078

1368032289,1368033958

1368033958,1368036246

1368036487,1368037730

1368038202,1368038847

1368039098,1368039380

1368040102,1368042261

1368042291,1368043300

1368043520,1368045598

1368045798,1368046665

1368046876,1368047672

1368048174,1368048648

1368048878,1368049322

1368049532,1368049633

1368049633,1368049895

1368051078,1368051491

1368051933,1368054397

1368054407,1368055667

1368055667,1368056293

1368056493,1368062196

1368064832,1368066840

1368067060,1368069823

1368070064,1368070396

1368070607,1368071464

1368071685,1368072915

1368073125,1368077133

1368077324,1368080471

1368080681,1368082688

1368082908,1368083292

1368083513,1368083906

1368084106,1368084560

1368084770,1368085527

1368085727,1368086362

1368086573,1368087269

1368087469,1368087772

1368087802,1368088054

1368088265,1368088960

1368089151,1368089866

1368090117,1368090863

1368091084,1368092294

1368092515,1368093150

1368093361,1368093996

1368094196,1368094750

1368094981,1368095537

1368095768,1368096589

1368096789,1368097717

1368097927,1368098643

1368098884,1368100560

1368100811,1368101441

1368101642,1368102998

1368103209,1368104046

1368104076,1368104237

1368104468,1368105234

1368105435,1368105606

1368106115,1368106316

1368106537,1368106668

1368106888,1368107100

1368107310,1368107552

1368107803,1368107975

1368108205,1368108397

1368108648,1368108738

1368116695,1368116916

1368118854,1368118954

1368119456,1368119657

1368120410,1368121256

1368121467,1368122657

1368122928,1368123271

1368123752,1368124025

1368124235,1368124729

1368124960,1368125494

1368126446,1368127363

1368127594,1368129057

1368130490,1368130642

1368131584,1368132461

1368133183,1368133475

1368133726,1368134614

1368137781,1368138054

1368139507,1368140021

1368140532,1368142096

1368142306,1368142739

1368142980,1368143242

1368143713,1368143774

1368144475,1368145342

1368145583,1368146077

1368146278,1368147750

1368147960,1368148263

1368148524,1368148635

1368150560,1368150832

1368150872,1368151074

1368151806,1368152179

1368166367,1368166498

1368168645,1368168725

1368171121,1368171192

1368178621,1368178732

1368179464,1368179534

1368187466,1368187587

1368188069,1368188159

1368188430,1368188513

1368189034,1368189075

1368194625,1368194695

1368194926,1368195047

1368195999,1368196110

1368197779,1368198071

1368198793,1368200749

1368200960,1368203784

1368204024,1368204538

1368205713,1368206248

1368206499,1368208525

1368208756,1368208827

1368209067,1368209138

1368210341,1368210411

1368210883,1368211004

1368211234,1368211708

1368211739,1368212061

1368212332,1368212665

1368212925,1368219508

1368219759,1368221641

1368222824,1368222875

1368223377,1368223760

1368223990,1368224454

1368224685,1368225118

1368225338,1368226308

1368227030,1368227242

1368227442,1368227533

1368227764,1368228258

1368228719,1368229425

1368229455,1368229586

1368230048,1368230562

1368230823,1368232598

1368232860,1368232930

1368233411,1368233482

1368233953,1368234024

1368234946,1368235057

1368235307,1368235458

1368235669,1368237333

1368237533,1368237977

1368238188,1368240058

1368240298,1368240924

1368241154,1368241517

1368241768,1368242050

1368242060,1368242474

1368242715,1368243481

1368243501,1368245941

1368245972,1368248392

1368248633,1368251063

1368251514,1368252815

1368253016,1368253502

1368254013,1368255417

1368255458,1368256577

1368256597,1368257001

1368257252,1368257383

1368257583,1368260097

1368260107,1368260854

1368261335,1368262658

1368262868,1368262999

1368263230,1368263320

1368263321,1368263421

1368278081,1368278688

1368278919,1368279201

1368279401,1368279745

1368280016,1368280268

1368280509,1368281509

1368281749,1368282042

1368282282,1368282565

1368282775,1368283027

1368283258,1368283692

1368283932,1368284275

1368284526,1368285000

1368285240,1368285738

1368285959,1368286130

1368286631,1368286732

1368286752,1368286833

1368287114,1368287326

1368287587,1368287829

1368288079,1368288341

1368288612,1368288753

1368291410,1368291773

1368292044,1368292165

1368292867,1368292929

1368293641,1368294246

1368294456,1368294567

1368295269,1368295390

1368296583,1368297531

1368297541,1368297631

1368297862,1368298689

1368298909,1368300130

1368300350,1368302469

1368302710,1368303536

1368303567,1368304747

1368305479,1368305640

1368305911,1368306415

1368307137,1368307530

1368308211,1368311401

1368311893,1368312519

1368312739,1368312820

1368313020,1368313202

1368314164,1368315285

1368315993,1368316195

1368316405,1368316556

1368316777,1368316847

1368317539,1368318378

1368318619,1368318962

1368319894,1368319975

1368367349,1368368206

1368368436,1368369788

1368370009,1368371088

1368371338,1368371701

1368371932,1368372093

1368372113,1368373394

1368373414,1368374059

1368374080,1368374170

1368374371,1368374522

1368374763,1368374934

1368375175,1368375265

1368375777,1368375958

1368376179,1368380881

1368381101,1368382644

1368382905,1368382996

1368383196,1368384689

1368384940,1368385599

1368386081,1368387624

1368387644,1368387785

1368388242,1368388716

1368388967,1368389108

1368389809,1368394993

1368395224,1368398653

1368398864,1368398985

1368399737,1368400191

1368400221,1368401169

1368401419,1368401793

1368402003,1368402285

1368402536,1368402758

1368402948,1368403059

1368403289,1368403330

1368404523,1368404865

1368405066,1368405197

1368405678,1368405758

1368406921,1368408041

1368408251,1368409825

1368409835,1368412255

1368412255,1368412871

1368412901,1368414303

1368414805,1368414957

1368415238,1368415409

1368415890,1368416122

1368416824,1368417126

1368417157,1368418135

1368418356,1368418416

1368418636,1368419120

1368419602,1368419702

1368421637,1368423231

1368423441,1368425256

1368425477,1368425749

1368425970,1368426998

1368427249,1368428582

1368464593,1368464664

1368464915,1368465015

1368466480,1368467438

1368467659,1368468345

1368468806,1368470056

1368470297,1368470963

1368471214,1368471425

1368471706,1368471938

1368472158,1368472813

1368474288,1368474459

1368474690,1368474811

1368475071,1368475535

1368475756,1368476179

1368476461,1368476602

1368476612,1368476774

1368477034,1368477831

1368478312,1368478453

1368479677,1368480373

1368480573,1368481077

1368481288,1368481671

1368483125,1368483508

1368483759,1368484848

1368485309,1368485702

1368486163,1368488201

1368488712,1368488873

1368489606,1368489656

1368489877,1368490391

1368490602,1368500252

1368500513,1368502995

1368503456,1368503849

1368504561,1368504904

1368505615,1368506704

1368506945,1368508046

1368508267,1368509145

1368509425,1368509839

1368547323,1368549138

1368549149,1368549683

1368549903,1368550286

1368550507,1368551626

1368553340,1368553401

1368553632,1368555114

1368555616,1368556443

1368556694,1368557420

1368558132,1368558202

1368559155,1368559326

1368560078,1368560240

1368560711,1368561023

1368561254,1368561415

1368562639,1368562921

1368563412,1368565188

1368565388,1368565892

1368566133,1368567020

1368567030,1368567656

1368567866,1368570278

1368570498,1368575039

1368577155,1368580735

1368580946,1368582186

1368582387,1368588531

1368588742,1368589185

1368589416,1368591716

1368595316,1368598411

1368598632,1368598702

1368626554,1368626836

1368626867,1368627199

1368627711,1368628023

1368628505,1368628615

1368630773,1368630955

1368631175,1368631427

1368631660,1368632265

1368632977,1368634470

1368634490,1368634752

1368634973,1368635013

1368635264,1368635838

1368635838,1368636292

1368636512,1368638297

1368638498,1368641241

1368652499,1368654990

1368655200,1368658885

1368659096,1368660266

1368660477,1368662224

1368662956,1368664499

1368664750,1368665213

1368665495,1368665666

1368666117,1368667095

1368667326,1368668676

1368668897,1368668967

1368669459,1368676768

1368676999,1368678008

1368678289,1368678380

1368678611,1368679306

1368679527,1368682028

1368682048,1368682663

1368683114,1368685908

1368686850,1368687203

1368687224,1368687345

1368687565,1368687797

1368688058,1368688229

1368688470,1368688732

1368688952,1368689144

1368689384,1368689566

1368689796,1368690038

1368690279,1368690521

1368690772,1368690933

1368691174,1368691395

1368691666,1368691928

1368692129,1368692320

1368692561,1368692955

1368692985,1368693227

1368693468,1368693710

1368693940,1368694293

1368694544,1368694816

1368695087,1368695299

1368695560,1368695782

1368696043,1368696174

1368696415,1368696526

1368696756,1368696907

1368697138,1368697279

1368697540,1368697742

1368697962,1368698123

1368698384,1368698536

1368698746,1368698948

1368699178,1368699927

1368700198,1368700359

1368700610,1368700862

1368701083,1368701193

1368701935,1368702137

1368702347,1368702489

1368702719,1368702901

1368703382,1368703493

1368703733,1368703985

1368704216,1368704458

1368704699,1368704910

1368705161,1368705424

1368705654,1368705866

1368706076,1368706288

1368706499,1368706640

1368706860,1368707122

1368707353,1368707585

1368707816,1368707997

1368708228,1368708430

1368708650,1368708872

1368709082,1368709243

1368709494,1368709726

1368709977,1368710279

1368710520,1368710782

1368711002,1368711254

1368711475,1368711677

1368721766,1368722884

1368723155,1368724506

1368724536,1368724889

1368725360,1368725835

1368726787,1368726950

1368727140,1368727856

1368728618,1368728789

1368729982,1368732452

1368732703,1368732976

1368733938,1368734079

1368734290,1368735368

1368735629,1368735992

1368736223,1368736787

1368736788,1368738038

1368738289,1368738440

1368738701,1368738872

1368738882,1368739296

1368741471,1368741632

1368742103,1368742648

1368742889,1368743756

1368743966,1368744168

1368744408,1368745619

1368745839,1368746808

1368747038,1368747956

1368748177,1368748691

1368760191,1368760433

1368760694,1368760886

1368761086,1368761308

1368762240,1368763400

1368763600,1368763731

1368763992,1368764940

1368766133,1368769229

1368769430,1368773293

1368773774,1368773955

1368774446,1368774537

1368776492,1368776563

1368777986,1368778107

1368778358,1368778419

1368778659,1368778740

1368779021,1368779112

1368779834,1368779904

1368780135,1368780226

1368780687,1368780777

1368780787,1368780858

1368781580,1368781650

1368781901,1368782022

1368782263,1368782313

1368782534,1368782604

1368783336,1368783417

1368810531,1368810601

1368810611,1368811166

1368811868,1368812614

1368812824,1368813167

1368814641,1368815649

1368816140,1368816211

1368817404,1368817485

1368818217,1368818479

1368818952,1368820132

1368820142,1368820485

1368820947,1368821057

1368821278,1368822985

1368823216,1368823751

1368823981,1368825656

1368825927,1368827520

1368827771,1368827982

1368828423,1368828564

1368829527,1368830253

1368830463,1368830685

1368830886,1368831945

1368832165,1368834091

1368834342,1368837367

1368837408,1368837478

1368837668,1368837910

1368837931,1368838122

1368838332,1368840945

1368841155,1368845563

1368845803,1368847618

1368848320,1368851307

1368851537,1368852122

1368853074,1368853760

1368853791,1368853952

1368853972,1368854033

1368854505,1368854626

1368855358,1368855741

1368855781,1368855842

1368856293,1368858604

1368859316,1368859387

1368859628,1368859698

1368859929,1368859999

1368864311,1368864452

1368864974,1368865054

1368865576,1368865646

1368866107,1368866238

1368873678,1368873941

1368874161,1368874353

1368876027,1368876128

1368876389,1368876480

1368876740,1368876852

1368877323,1368877534

1368878247,1368878347

1368878599,1368878709

1368878730,1368878830

1368880033,1368880104

1368881077,1368881147

1368881598,1368881749

1368884126,1368884297

1368884799,1368884869

1368885822,1368885922

1368886634,1368886775

1368888680,1368889023

1368889484,1368889554

1368890005,1368890409

1368890449,1368890560

1368890790,1368891173

1368891384,1368891878

1368892088,1368892926

1368893116,1368894276

1368894497,1368895001

1368895212,1368897827

1368898027,1368899217

1368899417,1368899820

1368900011,1368900918

1368900918,1368900989

1368901009,1368901503

1368901693,1368903126

1368903346,1368903779

1368903980,1368904585

1368904605,1368904817

1368904857,1368905220

1368905431,1368908295

1368908335,1368908456

1368909388,1368911344

1368913470,1368913571

1368913781,1368914305

1368914586,1368923720

1368923921,1368924334

1368924605,1368924968

1369455825,1369455896

1369492180,1369492241

1369494657,1369495656

1369495917,1369496471

1369496682,1369497186

1369497407,1369499051

1369499512,1369504091

1369504301,1369504856

1369505087,1369505692

1369505923,1369508111

1369508312,1369508856

1369509097,1369509843

1369510054,1369510538

1369510779,1369510950

1369510980,1369512079

1369512280,1369513591

1369513862,1369514124

1369515316,1369516809

1369517019,1369517625

1369519581,1369519651

1369519851,1369520013

1369520203,1369521403

1369521654,1369524044

1369524064,1369524800

1369525021,1369525948

1369526159,1369526744

1369526754,1369527238

1369527479,1369529557

1369529757,1369530463

1369530653,1369532952

1369532973,1369533456

1369533657,1369535119

1369535590,1369535852

1369536063,1369536143

1369536374,1369537887

1369538107,1369539489

1369539729,1369543655

1369543875,1369546046

1369546257,1369547629

1369547839,1369548263

1369548483,1369551015

1369551245,1369551497

1369551748,1369552343

1369552574,1369553068

1369553298,1369554246

1369554497,1369554992

1369555243,1369555324

1369585141,1369585484

1369585945,1369591382

1369591412,1369592179

1369592410,1369593337

1369593558,1369594183

1369594394,1369595392

1369595603,1369598446

1369598657,1369600281

1369600542,1369603860

1369604070,1369604877

1369605118,1369605279

1369605760,1369606638

1369606678,1369606759

1369606999,1369607080

1369607331,1369607684

1369608395,1369609786

1369610007,1369613839

1369614090,1369615491

1369615712,1369616508

1369616729,1369617939

1369618170,1369618906

1369619148,1369619340

1369621747,1369621777

1369622050,1369622648

1369622880,1369623758

1369623788,1369625039

1369625259,1369628536

1369628747,1369630159

1369630640,1369630781

1369631534,1369631644

1369632848,1369634009

1369635954,1369636125

1369669309,1369670973

1369670983,1369671084

1369671775,1369673974

1369674214,1369675525

1369675976,1369676844

1369679460,1369680347

1369683245,1369683729

1369684220,1369685965

1369686175,1369690650

1369690851,1369692101

1369692302,1369694087

1369694297,1369694751

1369695512,1369696218

1369696229,1369696480

1369696681,1369699596

1369699817,1369700989

1369702413,1369704802

1369704812,1369705791

1369705991,1369706707

1369706948,1369708490

1369708690,1369709013

1369709494,1369709756

1369710668,1369710950

1369711411,1369711512

1369712015,1369712217

1369712450,1369712601

1369712872,1369713144

1369713405,1369713536

1369713767,1369713898

1369714098,1369714673

1369714883,1369716880

1369717111,1369717786

1369718007,1369718803

1369719034,1369720294

1369720535,1369720746

1369721428,1369721762

1369721993,1369723509

1369723709,1369724778

1369750036,1369750258

1369759914,1369760130

1369762797,1369763513

1369763754,1369763885

1369764106,1369764196

1369764407,1369764497

1369764698,1369764798

1369765009,1369765998

1369766208,1369767923

1369768123,1369768829

1369769090,1369769755

1369769775,1369769907

1369770378,1369770721

1369770951,1369771315

1369772026,1369772087

1369772598,1369772992

1369773012,1369773153

1369773434,1369773626

1369774318,1369774580

1369774790,1369774982

1369774982,1369775113

1369775824,1369776006

1369777921,1369778092

1369778594,1369779139

1369779630,1369780285

1369780505,1369780627

1369780847,1369780998

1369781941,1369782001

1369782252,1369782514

1369782965,1369783338

1369784541,1369784693

1369785665,1369787350

1369787611,1369787711

1369788182,1369788656

1369790381,1369790684

1369790894,1369791126

1369791638,1369792686

1369794401,1369794512

1369795454,1369796160

1369796411,1369798265

1369798526,1369801361

1369801612,1369801682

1369802604,1369802715

1369802735,1369802947

1369804187,1369804863

1369805565,1369806039

1369806269,1369807479

1369808664,1369809208

1369809449,1369811859

1369812080,1369812393

